0 1 0.02
0 316 0.026
0 146 0.071
0 268 0.034
0 581 0.037
0 221 0.019
0 18 0.022
0 734 0.077
0 178 0.034
0 380 0.03
0 0 0.031
0 459 0.015
0 215 0.013
0 250 0.033
0 148 0.071
0 73 0.04
0 498 0.016
0 226 0.022
0 101 0.04
0 218 0.023
0 377 0.011
0 17 0.016
0 74 0.013
0 177 0.024
0 248 0.05
0 103 0.023
0 560 0.036
0 309 0.034
0 88 0.033
0 5 0.008
0 297 0.053
0 313 0.059
0 223 0.024
0 238 0.028
0 368 0.022
0 266 0.043
0 222 0.018
0 283 0.008
0 6 0.011
0 64 0.007
0 166 0.008
1 1 0.02
2 3 0.016
2 4 0.014
2 195 0.034
2 305 0.019
2 2 0.013
2 412 0.017
2 102 0.062
2 194 0.024
2 55 0.029
2 252 0.012
2 13 0.016
2 63 0.01
2 192 0.053
2 586 0.04
2 408 0.026
2 138 0.034
2 434 0.007
2 6 0.011
2 281 0.022
2 193 0.04
2 174 0.015
2 285 0.015
2 137 0.013
2 323 0.032
2 211 0.008
2 58 0.01
2 238 0.028
2 520 0.021
2 481 0.026
2 665 0.045
2 59 0.022
2 208 0.019
2 5 0.008
2 506 0.02
2 516 0.083
2 517 0.077
2 160 0.005
2 286 0.024
2 57 0.019
2 132 0.019
2 409 0.033
2 411 0.014
2 587 0.071
2 140 0.03
2 96 0.01
2 64 0.007
2 809 0.023
2 826 0.045
2 158 0.023
2 738 0.031
2 832 0.045
2 273 0.042
2 803 0.062
2 845 0.038
2 571 0.05
2 89 0.018
2 54 0.024
2 300 0.025
2 489 0.037
2 612 0.021
2 249 0.009
2 865 0.111
2 283 0.008
2 107 0.006
2 880 0.037
2 698 0.042
2 899 1.0
2 86 0.006
2 886 0.5
2 162 0.02
2 546 0.014
2 812 0.023
2 859 0.017
2 308 0.029
2 131 0.022
2 56 0.026
2 333 0.011
2 971 0.1
2 271 0.017
2 990 0.05
2 685 0.027
2 405 0.012
2 896 0.048
2 1001 0.2
3 63 0.01
3 3 0.016
3 2 0.013
3 4 0.014
3 408 0.026
3 58 0.01
3 174 0.015
3 192 0.053
3 303 0.012
3 56 0.026
3 286 0.024
3 59 0.022
3 236 0.021
3 665 0.045
3 175 0.125
3 412 0.017
3 195 0.034
3 520 0.021
3 411 0.014
3 137 0.013
3 158 0.023
3 194 0.024
3 239 0.091
3 107 0.006
3 571 0.05
3 859 0.017
3 89 0.018
3 62 0.006
3 601 0.027
3 57 0.019
3 812 0.023
3 102 0.062
3 208 0.019
3 832 0.045
3 183 0.007
3 256 0.008
3 434 0.007
3 685 0.027
3 193 0.04
3 323 0.032
3 971 0.1
3 845 0.038
3 6 0.011
3 252 0.012
3 271 0.017
3 281 0.022
3 880 0.037
3 473 0.013
3 405 0.012
3 210 0.013
3 128 0.008
3 371 0.013
3 211 0.008
3 46 0.015
3 990 0.05
3 1001 0.2
4 2 0.013
4 3 0.016
4 4 0.014
4 62 0.006
4 63 0.01
4 286 0.024
4 194 0.024
4 195 0.034
4 114 0.009
4 81 0.011
4 174 0.015
4 193 0.04
4 665 0.045
4 160 0.005
4 412 0.017
4 586 0.04
4 107 0.006
4 59 0.022
4 285 0.015
4 58 0.01
4 520 0.021
4 571 0.05
4 281 0.022
4 282 0.009
4 408 0.026
4 283 0.008
4 301 0.009
4 192 0.053
4 211 0.008
4 481 0.026
4 305 0.019
4 434 0.007
4 424 0.011
4 121 0.006
4 142 0.01
4 809 0.023
4 158 0.023
4 532 0.05
4 57 0.019
4 137 0.013
4 826 0.045
4 832 0.045
4 239 0.091
4 685 0.027
4 803 0.062
4 845 0.038
4 208 0.019
4 13 0.016
4 612 0.021
4 411 0.014
4 256 0.008
4 587 0.071
4 145 0.021
4 698 0.042
4 712 0.25
4 55 0.029
4 738 0.031
4 271 0.017
4 252 0.012
4 533 0.012
4 102 0.062
4 162 0.02
4 859 0.017
4 89 0.018
4 170 0.011
4 169 0.01
4 425 0.059
4 54 0.024
4 625 0.167
4 56 0.026
4 552 0.028
4 126 0.036
4 96 0.01
4 183 0.007
4 138 0.034
4 896 0.048
4 6 0.011
4 812 0.023
4 131 0.022
4 971 0.1
4 990 0.05
4 82 0.008
4 323 0.032
4 405 0.012
4 360 0.036
4 430 0.024
4 166 0.008
4 880 0.037
4 1001 0.2
5 6 0.011
5 7 0.02
5 215 0.013
5 5 0.008
5 117 0.067
5 64 0.007
5 327 0.034
5 232 0.013
5 53 0.037
5 115 0.01
5 528 0.111
5 140 0.03
5 105 0.009
5 489 0.037
5 2 0.013
5 527 0.067
5 357 0.024
5 58 0.01
5 279 0.111
5 59 0.022
5 669 0.167
5 211 0.008
5 194 0.024
5 305 0.019
5 284 0.029
5 644 0.083
5 379 0.029
5 157 0.019
5 191 0.021
5 281 0.022
5 42 0.02
5 437 0.038
5 125 0.05
5 76 0.045
5 74 0.013
5 309 0.034
5 183 0.007
5 269 0.014
5 21 0.009
5 35 0.019
5 430 0.024
5 89 0.018
5 726 0.111
5 495 0.02
5 730 0.111
5 807 0.167
5 189 0.016
5 170 0.011
5 408 0.026
5 286 0.024
5 283 0.008
5 132 0.019
5 312 0.048
5 405 0.012
5 82 0.008
5 195 0.034
5 455 0.02
5 169 0.01
5 411 0.014
5 171 0.026
5 306 0.031
5 337 0.027
5 492 0.043
5 820 0.01
5 41 0.015
5 249 0.009
5 29 0.021
5 63 0.01
5 134 0.048
5 458 0.024
5 201 0.023
5 128 0.008
5 255 0.022
5 323 0.032
5 440 0.016
5 192 0.053
5 198 0.053
5 516 0.083
5 517 0.077
5 291 0.045
5 141 0.015
5 815 0.071
5 464 0.023
5 285 0.015
5 302 0.043
5 47 0.021
5 0 0.031
5 218 0.023
5 243 0.022
5 209 0.017
5 496 0.05
5 738 0.031
5 271 0.017
5 450 0.019
5 362 0.016
5 120 0.071
5 423 0.031
5 303 0.012
5 718 0.167
5 828 0.053
5 833 0.2
5 840 0.062
5 466 0.028
5 100 0.028
5 57 0.019
5 96 0.01
5 417 0.019
5 346 0.042
5 272 0.024
5 207 0.034
5 902 1.0
5 469 0.056
5 375 0.019
5 809 0.023
5 481 0.026
5 237 0.043
5 11 0.016
5 236 0.021
5 716 0.5
5 184 0.014
5 24 0.038
5 611 0.04
5 572 0.045
5 154 0.026
5 333 0.011
5 242 0.036
5 511 0.048
5 420 0.009
5 931 0.077
5 252 0.012
5 859 0.017
5 261 0.023
5 980 0.167
5 318 0.02
5 235 0.056
5 462 0.04
5 106 0.008
5 325 0.038
5 581 0.037
5 133 0.014
5 135 0.029
5 308 0.029
5 868 0.5
5 557 0.067
5 445 0.042
5 97 0.048
5 728 0.062
5 34 0.043
5 990 0.05
5 55 0.029
5 900 0.042
5 99 0.043
5 763 0.5
5 789 0.1
5 690 0.071
5 230 0.059
6 5 0.008
6 157 0.019
6 327 0.034
6 379 0.029
6 489 0.037
6 134 0.048
6 2 0.013
6 4 0.014
6 6 0.011
6 438 0.013
6 195 0.034
6 64 0.007
6 140 0.03
6 132 0.019
6 473 0.013
6 96 0.01
6 516 0.083
6 517 0.077
6 481 0.026
6 376 0.028
6 408 0.026
6 667 0.036
6 397 0.029
6 305 0.019
6 411 0.014
6 54 0.024
6 234 0.029
6 751 0.2
6 528 0.111
6 349 0.056
6 206 0.023
6 375 0.019
6 515 0.026
6 139 0.028
6 644 0.083
6 184 0.014
6 362 0.016
6 284 0.029
6 170 0.011
6 429 0.033
6 430 0.024
6 102 0.062
6 137 0.013
6 237 0.043
6 191 0.021
6 183 0.007
6 826 0.045
6 290 0.015
6 665 0.045
6 412 0.017
6 308 0.029
6 520 0.021
6 281 0.022
6 55 0.029
6 549 0.024
6 440 0.016
6 458 0.024
6 544 0.036
6 58 0.01
6 845 0.038
6 685 0.027
6 418 0.034
6 194 0.024
6 426 0.022
6 141 0.015
6 21 0.009
6 79 0.029
6 63 0.01
6 587 0.071
6 181 0.022
6 337 0.027
6 296 0.014
6 377 0.011
6 89 0.018
6 57 0.019
6 486 0.023
6 56 0.026
6 149 0.042
6 169 0.01
6 128 0.008
6 299 0.048
6 3 0.016
6 346 0.042
6 204 0.036
6 571 0.05
6 563 0.083
6 272 0.024
6 389 0.029
6 738 0.031
6 880 0.037
6 949 0.056
6 193 0.04
6 252 0.012
6 275 0.04
6 211 0.008
6 285 0.015
6 552 0.028
6 126 0.036
6 232 0.013
6 562 0.038
6 59 0.022
6 859 0.017
6 921 0.091
6 0 0.031
6 316 0.026
6 994 1.0
6 168 0.016
6 323 0.032
6 1001 0.2
7 44 0.011
7 141 0.015
7 569 0.034
7 161 0.029
7 374 0.111
7 362 0.016
7 7 0.02
7 666 0.062
7 19 0.016
7 661 0.026
7 12 0.022
7 566 0.062
7 452 0.034
7 421 0.021
7 510 0.053
7 504 0.028
7 249 0.009
7 466 0.028
7 359 0.05
7 499 0.026
7 707 0.029
7 700 0.037
7 332 0.056
7 406 0.04
7 365 0.011
7 546 0.014
7 451 0.125
7 11 0.016
7 360 0.036
7 213 0.028
7 525 0.029
7 5 0.008
7 8 0.029
7 672 0.077
7 358 0.025
7 407 0.045
7 498 0.016
7 112 0.059
7 573 0.059
7 570 0.062
7 86 0.006
7 511 0.048
7 608 0.043
7 430 0.024
7 555 0.067
7 823 0.05
7 247 0.067
7 264 0.037
7 856 0.019
7 62 0.006
7 500 0.056
7 502 0.056
7 506 0.02
7 246 0.083
7 537 0.056
7 754 0.045
7 529 0.031
7 222 0.018
7 324 0.071
7 913 0.059
7 833 0.2
7 720 0.062
7 956 0.077
7 922 0.059
7 765 0.056
7 420 0.009
7 212 0.01
8 9 0.037
8 566 0.062
8 672 0.077
8 510 0.053
8 358 0.025
8 8 0.029
8 573 0.059
8 44 0.011
8 569 0.034
8 12 0.022
8 570 0.062
8 498 0.016
8 499 0.026
8 504 0.028
8 441 0.023
8 7 0.02
8 525 0.029
8 11 0.016
8 141 0.015
8 856 0.019
8 86 0.006
8 466 0.028
8 823 0.05
8 661 0.026
8 160 0.005
8 950 0.022
8 213 0.028
8 301 0.009
9 19 0.016
9 421 0.021
9 8 0.029
9 452 0.034
9 506 0.02
9 44 0.011
9 529 0.031
9 573 0.059
9 9 0.037
9 569 0.034
9 754 0.045
9 359 0.05
9 565 0.125
9 265 0.032
9 499 0.026
9 558 0.091
9 266 0.043
9 213 0.028
9 264 0.037
9 699 0.045
9 500 0.056
9 502 0.056
9 406 0.04
9 498 0.016
9 332 0.056
9 358 0.025
9 823 0.05
9 720 0.062
9 707 0.029
9 661 0.026
9 674 0.111
9 765 0.056
9 957 0.1
10 11 0.016
10 260 0.053
10 339 0.025
10 36 0.023
10 535 0.111
10 325 0.038
10 327 0.034
10 25 0.031
10 173 0.016
10 728 0.062
10 13 0.016
10 324 0.071
10 434 0.007
10 21 0.009
10 69 0.024
10 340 0.011
10 143 0.022
10 777 0.059
10 366 0.012
10 96 0.01
10 405 0.012
10 64 0.007
10 306 0.031
10 256 0.008
10 82 0.008
10 508 0.038
10 326 0.027
10 121 0.006
10 329 0.012
10 134 0.048
10 20 0.016
10 86 0.006
10 105 0.009
10 282 0.009
11 324 0.071
11 11 0.016
11 209 0.017
11 406 0.04
11 159 0.029
11 362 0.016
11 10 0.024
11 161 0.029
11 608 0.043
11 359 0.05
11 621 0.077
11 20 0.016
11 421 0.021
11 141 0.015
11 270 0.083
11 233 0.022
11 720 0.062
11 666 0.062
11 265 0.032
11 525 0.029
11 555 0.067
11 360 0.036
11 213 0.028
11 529 0.031
11 573 0.059
11 21 0.009
11 466 0.028
11 64 0.007
11 754 0.045
11 7 0.02
11 566 0.062
11 91 0.037
11 92 0.026
11 133 0.014
11 211 0.008
11 293 0.062
11 498 0.016
11 266 0.043
11 8 0.029
11 247 0.067
11 530 0.125
11 502 0.056
11 441 0.023
11 22 0.077
11 90 0.042
11 240 0.05
11 434 0.007
11 129 0.007
11 504 0.028
11 12 0.022
11 611 0.04
11 430 0.024
11 400 0.034
11 452 0.034
11 327 0.034
11 44 0.011
11 106 0.008
11 518 0.015
11 128 0.008
11 661 0.026
11 358 0.025
11 506 0.02
11 496 0.05
11 804 0.083
11 956 0.077
11 700 0.037
11 699 0.045
11 602 0.05
11 420 0.009
11 183 0.007
11 300 0.025
11 365 0.011
12 13 0.016
12 14 0.018
12 19 0.016
12 293 0.062
12 265 0.032
12 12 0.022
12 141 0.015
12 565 0.125
12 161 0.029
12 510 0.053
12 573 0.059
12 267 0.056
12 569 0.034
12 681 0.05
12 674 0.111
12 466 0.028
12 7 0.02
12 365 0.011
12 44 0.011
12 8 0.029
12 160 0.005
12 441 0.023
12 739 0.167
12 264 0.037
12 570 0.062
12 86 0.006
12 358 0.025
12 62 0.006
12 707 0.029
12 247 0.067
12 666 0.062
12 498 0.016
12 11 0.016
12 560 0.036
12 856 0.019
12 430 0.024
12 82 0.008
12 121 0.006
12 661 0.026
12 700 0.037
12 266 0.043
12 183 0.007
12 823 0.05
12 420 0.009
12 362 0.016
12 213 0.028
12 452 0.034
12 957 0.1
12 996 1.0
12 638 0.167
13 126 0.036
13 13 0.016
13 238 0.028
13 27 0.02
13 209 0.017
13 301 0.009
13 36 0.023
13 10 0.024
13 446 0.045
13 35 0.019
13 25 0.031
13 303 0.012
13 95 0.027
13 129 0.007
13 506 0.02
13 535 0.111
13 90 0.042
13 118 0.042
13 2 0.013
13 352 0.048
13 550 0.04
13 179 0.02
13 624 0.091
13 420 0.009
13 286 0.024
13 444 0.04
13 65 0.025
13 306 0.031
13 418 0.034
13 128 0.008
13 165 0.011
13 329 0.012
13 23 0.015
13 214 0.02
13 340 0.011
13 21 0.009
13 443 0.024
13 576 0.053
13 171 0.026
13 266 0.043
13 461 0.062
13 137 0.013
13 130 0.028
13 337 0.027
13 278 0.025
13 590 0.036
13 481 0.026
13 135 0.029
13 113 0.014
13 812 0.023
13 290 0.015
13 305 0.019
13 336 0.031
13 38 0.034
13 281 0.022
13 581 0.037
13 476 0.143
13 409 0.033
13 30 0.018
13 280 0.01
13 326 0.027
13 478 0.037
13 199 0.026
13 78 0.043
13 94 0.027
13 327 0.034
13 679 0.053
13 33 0.042
13 497 0.062
13 197 0.03
13 318 0.02
13 771 0.125
13 285 0.015
13 272 0.024
13 190 0.034
13 164 0.026
13 273 0.042
13 489 0.037
13 156 0.05
13 514 0.091
13 339 0.025
13 242 0.036
13 343 0.05
13 322 0.05
13 184 0.014
13 356 0.021
13 207 0.034
13 579 0.062
13 83 0.012
13 98 0.043
13 211 0.008
13 515 0.026
13 210 0.013
13 32 0.031
13 26 0.033
13 325 0.038
13 56 0.026
13 263 0.021
13 349 0.056
13 421 0.021
13 108 0.027
13 47 0.021
13 4 0.014
13 413 0.042
13 698 0.042
13 440 0.016
13 63 0.01
13 767 0.167
13 145 0.021
13 39 0.03
13 685 0.027
13 458 0.024
13 79 0.029
13 483 0.028
13 667 0.036
13 333 0.011
13 730 0.111
13 170 0.011
13 526 0.02
13 19 0.016
13 53 0.037
13 342 0.023
13 69 0.024
13 146 0.071
13 147 0.027
13 785 0.25
13 655 0.038
13 450 0.019
13 840 0.062
13 423 0.031
13 93 0.02
13 361 0.021
13 588 0.045
13 304 0.036
13 809 0.023
13 661 0.026
13 191 0.021
13 375 0.019
13 172 0.014
13 15 0.022
13 51 0.016
13 552 0.028
13 748 0.048
13 183 0.007
13 40 0.021
13 346 0.042
13 351 0.023
13 114 0.009
13 484 0.053
13 255 0.022
13 96 0.01
13 445 0.042
13 390 0.034
13 350 0.05
13 509 0.021
13 371 0.013
13 168 0.016
13 236 0.021
13 520 0.021
13 271 0.017
13 820 0.01
13 980 0.167
13 239 0.091
13 357 0.024
13 949 0.056
13 177 0.024
13 29 0.021
13 167 0.02
13 244 0.037
13 302 0.043
13 900 0.042
13 297 0.053
14 12 0.022
14 290 0.015
14 280 0.01
14 430 0.024
14 103 0.023
14 380 0.03
14 389 0.029
14 537 0.056
14 526 0.02
14 61 0.018
14 85 0.029
14 53 0.037
14 394 0.033
14 221 0.019
14 312 0.048
14 18 0.022
14 178 0.034
14 403 0.059
14 486 0.023
14 390 0.034
14 64 0.007
14 181 0.022
14 226 0.022
14 129 0.007
14 232 0.013
14 14 0.018
14 493 0.014
14 289 0.125
14 277 0.062
14 203 0.026
14 284 0.029
14 47 0.021
14 270 0.083
14 196 0.043
14 168 0.016
14 167 0.02
14 291 0.045
14 231 0.02
14 130 0.028
14 292 0.029
14 141 0.015
14 79 0.029
14 339 0.025
14 434 0.007
14 256 0.008
14 133 0.014
14 498 0.016
14 523 0.062
14 706 0.1
14 206 0.023
14 482 0.029
14 515 0.026
14 419 0.014
14 465 0.111
14 426 0.022
14 51 0.016
14 368 0.022
14 93 0.02
14 450 0.019
14 86 0.006
14 205 0.037
14 172 0.014
14 593 0.026
14 776 0.04
14 65 0.025
14 918 0.053
14 797 0.2
14 440 0.016
14 562 0.038
14 556 0.143
14 922 0.059
14 283 0.008
14 128 0.008
15 16 0.015
15 139 0.028
15 62 0.006
15 303 0.012
15 269 0.014
15 335 0.043
15 274 0.043
15 334 0.056
15 448 0.03
15 140 0.03
15 592 0.034
15 46 0.015
15 216 0.038
15 162 0.02
15 164 0.026
15 760 0.25
15 15 0.022
15 128 0.008
15 45 0.026
15 183 0.007
15 272 0.024
15 362 0.016
15 285 0.015
15 429 0.033
15 820 0.01
15 420 0.009
15 353 0.034
15 461 0.062
15 446 0.045
15 428 0.043
15 447 0.036
15 174 0.015
15 322 0.05
15 82 0.008
15 404 0.016
15 933 0.067
15 160 0.005
16 424 0.011
16 106 0.008
16 495 0.02
16 128 0.008
16 63 0.01
16 132 0.019
16 174 0.015
16 255 0.022
16 282 0.009
16 44 0.011
16 518 0.015
16 80 0.016
16 434 0.007
16 290 0.015
16 355 0.024
16 105 0.009
16 210 0.013
16 405 0.012
16 283 0.008
16 489 0.037
16 81 0.011
16 367 0.014
16 68 0.026
16 170 0.011
16 183 0.007
16 280 0.01
16 337 0.027
16 828 0.053
16 221 0.019
16 771 0.125
16 107 0.006
16 362 0.016
16 157 0.019
16 308 0.029
16 164 0.026
16 64 0.007
16 642 0.05
16 209 0.017
16 269 0.014
16 222 0.018
16 281 0.022
16 304 0.036
16 311 0.032
16 115 0.01
16 121 0.006
16 338 0.019
16 448 0.03
17 18 0.022
17 120 0.071
17 218 0.023
17 307 0.083
17 308 0.029
17 1 0.02
17 177 0.024
17 74 0.013
17 309 0.034
17 215 0.013
17 248 0.05
17 220 0.071
17 310 0.042
17 85 0.029
17 311 0.032
17 221 0.019
17 312 0.048
17 222 0.018
17 313 0.059
17 223 0.024
17 0 0.031
17 224 0.1
17 314 0.031
17 225 0.04
17 315 0.125
17 226 0.022
17 73 0.04
17 316 0.026
17 317 0.053
17 228 0.045
17 42 0.02
17 87 0.009
17 393 0.015
17 62 0.006
17 121 0.006
17 654 0.027
17 107 0.006
17 155 0.019
17 82 0.008
17 615 0.025
17 160 0.005
17 154 0.026
17 282 0.009
17 434 0.007
17 142 0.01
17 249 0.009
17 105 0.009
17 297 0.053
17 17 0.016
17 166 0.008
17 255 0.022
17 467 0.05
17 386 0.125
17 494 0.013
17 295 0.018
17 533 0.012
17 253 0.043
17 546 0.014
17 405 0.012
17 189 0.016
17 283 0.008
17 612 0.021
17 162 0.02
17 495 0.02
17 340 0.011
17 363 0.026
17 643 0.077
17 366 0.012
17 378 0.042
17 106 0.008
17 212 0.01
17 83 0.012
17 86 0.006
17 726 0.111
17 459 0.015
17 671 0.04
17 21 0.009
17 341 0.111
17 252 0.012
17 441 0.023
17 233 0.022
17 163 0.027
17 269 0.014
17 23 0.015
17 404 0.016
17 493 0.014
17 532 0.05
17 427 0.021
17 474 0.016
17 180 0.015
17 41 0.015
17 153 0.043
17 115 0.01
17 173 0.016
17 147 0.027
17 424 0.011
17 431 0.043
17 872 0.077
17 422 0.032
17 146 0.071
17 473 0.013
17 219 0.056
17 950 0.022
17 518 0.015
17 696 0.143
17 932 0.019
18 133 0.014
18 62 0.006
18 223 0.024
18 103 0.023
18 295 0.018
18 17 0.016
18 160 0.005
18 221 0.019
18 218 0.023
18 167 0.02
18 0 0.031
18 86 0.006
18 797 0.2
18 366 0.012
18 420 0.009
18 222 0.018
18 85 0.029
18 317 0.053
18 696 0.143
18 376 0.028
18 225 0.04
18 115 0.01
18 280 0.01
18 177 0.024
18 18 0.022
18 74 0.013
18 166 0.008
18 533 0.012
18 121 0.006
18 104 0.031
18 424 0.011
18 232 0.013
18 310 0.042
18 419 0.014
18 852 0.2
18 182 0.036
18 301 0.009
18 215 0.013
18 219 0.056
18 107 0.006
18 120 0.071
18 365 0.011
19 62 0.006
19 12 0.022
19 267 0.056
19 161 0.029
19 265 0.032
19 362 0.016
19 7 0.02
19 473 0.013
19 513 0.024
19 441 0.023
19 183 0.007
19 19 0.016
19 570 0.062
19 666 0.062
19 661 0.026
19 506 0.02
19 293 0.062
19 44 0.011
19 550 0.04
19 331 0.053
19 510 0.053
19 555 0.067
19 504 0.028
19 754 0.045
19 707 0.029
19 142 0.01
19 674 0.111
19 430 0.024
19 366 0.012
19 107 0.006
19 141 0.015
19 499 0.026
19 700 0.037
19 264 0.037
19 459 0.015
19 856 0.019
19 533 0.012
19 365 0.011
19 49 0.077
19 573 0.059
19 249 0.009
19 569 0.034
19 83 0.012
19 160 0.005
19 823 0.05
19 549 0.024
19 421 0.021
19 434 0.007
19 360 0.036
19 452 0.034
19 957 0.1
19 42 0.02
19 184 0.014
19 11 0.016
19 525 0.029
19 268 0.034
19 121 0.006
19 420 0.009
20 21 0.009
20 22 0.077
20 86 0.006
20 230 0.059
20 495 0.02
20 106 0.008
20 188 0.038
20 173 0.016
20 62 0.006
20 92 0.026
20 11 0.016
20 68 0.026
20 728 0.062
20 259 0.04
20 459 0.015
20 72 0.167
20 400 0.034
20 20 0.016
20 137 0.013
20 520 0.021
20 409 0.033
20 127 0.062
20 74 0.013
20 81 0.011
20 287 0.059
20 82 0.008
20 160 0.005
20 327 0.034
20 80 0.016
20 715 0.2
20 536 0.091
20 187 0.026
20 480 0.029
20 223 0.024
20 83 0.012
20 222 0.018
20 142 0.01
20 96 0.01
20 166 0.008
20 885 0.333
20 887 0.333
20 215 0.013
20 326 0.027
20 424 0.011
20 366 0.012
20 282 0.009
20 28 0.01
20 301 0.009
20 932 0.019
20 260 0.053
20 10 0.024
20 42 0.02
20 329 0.012
20 271 0.017
21 72 0.167
21 22 0.077
21 173 0.016
21 325 0.038
21 10 0.024
21 20 0.016
21 306 0.031
21 326 0.027
21 327 0.034
21 230 0.059
21 68 0.026
21 212 0.01
21 74 0.013
21 520 0.021
21 363 0.026
21 92 0.026
21 106 0.008
21 105 0.009
21 495 0.02
21 364 0.111
21 96 0.01
21 127 0.062
21 624 0.091
21 308 0.029
21 695 0.091
21 107 0.006
21 62 0.006
21 121 0.006
21 489 0.037
21 728 0.062
21 82 0.008
21 42 0.02
21 29 0.021
21 81 0.011
21 13 0.016
21 137 0.013
21 283 0.008
21 420 0.009
21 367 0.014
21 214 0.02
21 686 0.125
21 715 0.2
21 329 0.012
21 28 0.01
21 114 0.009
21 169 0.01
21 642 0.05
21 44 0.011
21 278 0.025
21 314 0.031
21 1 0.02
21 129 0.007
21 128 0.008
21 254 0.034
21 434 0.007
21 787 1.0
21 5 0.008
21 11 0.016
21 64 0.007
21 405 0.012
21 46 0.015
21 303 0.012
21 462 0.04
21 21 0.009
21 41 0.015
21 183 0.007
21 400 0.034
21 518 0.015
21 548 0.05
21 467 0.05
21 187 0.026
21 249 0.009
21 550 0.04
21 160 0.005
21 80 0.016
21 671 0.04
21 371 0.013
21 647 0.091
21 260 0.053
21 259 0.04
21 253 0.043
21 357 0.024
21 36 0.023
21 459 0.015
21 480 0.029
21 820 0.01
21 17 0.016
21 221 0.019
21 272 0.024
21 274 0.043
21 87 0.009
21 537 0.056
21 280 0.01
21 256 0.008
21 83 0.012
21 533 0.012
21 174 0.015
21 6 0.011
21 86 0.006
21 145 0.021
21 282 0.009
21 188 0.038
21 690 0.071
21 222 0.018
21 615 0.025
21 424 0.011
21 287 0.059
21 409 0.033
21 146 0.071
21 189 0.016
21 551 0.083
21 777 0.059
21 355 0.024
21 296 0.014
21 210 0.013
21 166 0.008
21 115 0.01
21 375 0.019
21 896 0.048
21 211 0.008
21 966 0.5
21 581 0.037
21 118 0.042
21 365 0.011
21 513 0.024
21 184 0.014
21 333 0.011
21 152 0.017
21 301 0.009
22 21 0.009
22 20 0.016
22 92 0.026
22 35 0.019
22 258 0.031
22 22 0.077
22 137 0.013
22 173 0.016
22 520 0.021
22 127 0.062
22 686 0.125
22 11 0.016
22 301 0.009
22 155 0.019
23 24 0.038
23 25 0.031
23 26 0.033
23 27 0.02
23 28 0.01
23 29 0.021
23 30 0.018
23 31 0.026
23 32 0.031
23 33 0.042
23 34 0.043
23 35 0.019
23 36 0.023
23 37 0.045
23 38 0.034
23 39 0.03
23 40 0.021
23 115 0.01
23 434 0.007
23 62 0.006
23 460 0.023
23 590 0.036
23 251 0.032
23 588 0.045
23 417 0.019
23 13 0.016
23 785 0.25
23 438 0.013
23 165 0.011
23 23 0.015
23 87 0.009
23 301 0.009
23 160 0.005
23 166 0.008
23 116 0.015
23 170 0.011
23 427 0.021
23 215 0.013
23 333 0.011
23 107 0.006
23 464 0.023
23 128 0.008
23 220 0.071
23 367 0.014
23 96 0.01
23 494 0.013
23 121 0.006
23 480 0.029
23 212 0.01
23 261 0.023
23 229 0.037
23 82 0.008
23 172 0.014
23 820 0.01
23 422 0.032
23 135 0.029
23 953 0.111
23 964 0.2
23 171 0.026
23 950 0.022
23 151 0.024
23 337 0.027
23 932 0.019
23 421 0.021
24 96 0.01
24 35 0.019
24 40 0.021
24 27 0.02
24 23 0.015
24 494 0.013
24 64 0.007
24 654 0.027
24 261 0.023
24 29 0.021
24 30 0.018
24 609 0.2
24 28 0.01
24 24 0.038
24 37 0.045
24 31 0.026
24 440 0.016
24 25 0.031
24 26 0.033
24 32 0.031
24 33 0.042
24 34 0.043
24 590 0.036
24 36 0.023
24 38 0.034
24 39 0.03
24 588 0.045
24 545 0.053
24 114 0.009
24 169 0.01
24 151 0.024
24 964 0.2
24 367 0.014
24 988 0.5
24 953 0.111
24 997 0.333
24 411 0.014
25 438 0.013
25 23 0.015
25 654 0.027
25 36 0.023
25 10 0.024
25 38 0.034
25 40 0.021
25 34 0.043
25 26 0.033
25 473 0.013
25 30 0.018
25 361 0.021
25 459 0.015
25 545 0.053
25 301 0.009
25 588 0.045
25 133 0.014
25 24 0.038
26 38 0.034
26 40 0.021
26 25 0.031
26 23 0.015
26 24 0.038
26 251 0.032
26 27 0.02
26 654 0.027
26 35 0.019
26 370 0.071
26 29 0.021
26 32 0.031
26 135 0.029
26 590 0.036
26 438 0.013
26 170 0.011
26 442 0.045
26 34 0.043
26 588 0.045
26 47 0.021
26 26 0.033
26 953 0.111
26 28 0.01
27 23 0.015
27 370 0.071
27 116 0.015
27 136 0.037
27 24 0.038
27 25 0.031
27 26 0.033
27 27 0.02
27 28 0.01
27 29 0.021
27 30 0.018
27 721 0.167
27 31 0.026
27 32 0.031
27 722 0.25
27 33 0.042
27 34 0.043
27 35 0.019
27 36 0.023
27 37 0.045
27 38 0.034
27 39 0.03
27 40 0.021
27 588 0.045
27 545 0.053
27 361 0.021
27 93 0.02
27 590 0.036
27 437 0.038
27 197 0.03
27 51 0.016
27 165 0.011
27 261 0.023
27 878 0.333
27 62 0.006
27 170 0.011
27 338 0.019
27 135 0.029
27 301 0.009
27 438 0.013
27 494 0.013
27 121 0.006
27 953 0.111
27 997 0.333
27 883 0.091
28 36 0.023
28 35 0.019
28 23 0.015
28 114 0.009
28 165 0.011
28 169 0.01
28 367 0.014
28 338 0.019
28 113 0.014
28 365 0.011
28 438 0.013
28 62 0.006
28 128 0.008
28 160 0.005
28 39 0.03
28 29 0.021
28 30 0.018
28 363 0.026
28 351 0.023
28 37 0.045
28 212 0.01
28 21 0.009
28 27 0.02
28 133 0.014
28 340 0.011
28 129 0.007
28 170 0.011
28 434 0.007
28 31 0.026
28 424 0.011
28 25 0.031
28 26 0.033
28 721 0.167
28 32 0.031
28 722 0.25
28 33 0.042
28 34 0.043
28 590 0.036
28 38 0.034
28 40 0.021
28 588 0.045
28 545 0.053
28 249 0.009
28 183 0.007
28 329 0.012
28 24 0.038
28 46 0.015
28 116 0.015
28 107 0.006
28 339 0.025
28 229 0.037
28 87 0.009
28 96 0.01
28 419 0.014
28 405 0.012
28 86 0.006
28 172 0.014
28 63 0.01
28 278 0.025
28 303 0.012
28 28 0.01
28 51 0.016
28 115 0.01
28 80 0.016
28 44 0.011
28 81 0.011
28 914 0.056
28 105 0.009
28 953 0.111
28 256 0.008
28 20 0.016
28 151 0.024
28 952 0.143
28 877 0.125
28 473 0.013
28 301 0.009
28 932 0.019
28 420 0.009
29 40 0.021
29 420 0.009
29 23 0.015
29 438 0.013
29 25 0.031
29 26 0.033
29 27 0.02
29 30 0.018
29 33 0.042
29 34 0.043
29 35 0.019
29 38 0.034
29 39 0.03
29 545 0.053
29 51 0.016
29 24 0.038
29 28 0.01
29 31 0.026
29 32 0.031
29 36 0.023
29 37 0.045
29 588 0.045
29 560 0.036
29 151 0.024
29 473 0.013
29 113 0.014
29 417 0.019
29 21 0.009
29 29 0.021
29 229 0.037
29 331 0.053
29 409 0.033
29 361 0.021
29 590 0.036
29 5 0.008
29 133 0.014
29 183 0.007
29 533 0.012
29 443 0.024
29 116 0.015
29 62 0.006
29 301 0.009
29 169 0.01
29 486 0.023
29 964 0.2
29 459 0.015
30 25 0.031
30 36 0.023
30 41 0.015
30 23 0.015
30 62 0.006
30 438 0.013
30 609 0.2
30 35 0.019
30 28 0.01
30 32 0.031
30 29 0.021
30 151 0.024
30 27 0.02
30 31 0.026
30 165 0.011
30 434 0.007
30 764 0.111
30 133 0.014
30 367 0.014
30 820 0.01
30 44 0.011
30 39 0.03
30 128 0.008
30 51 0.016
30 261 0.023
30 30 0.018
30 24 0.038
30 169 0.01
30 251 0.032
30 424 0.011
30 129 0.007
30 339 0.025
30 26 0.033
30 590 0.036
30 38 0.034
30 40 0.021
30 588 0.045
30 545 0.053
30 33 0.042
30 34 0.043
30 37 0.045
30 172 0.014
30 82 0.008
30 115 0.01
30 366 0.012
30 263 0.021
30 546 0.014
30 721 0.167
30 337 0.027
30 417 0.019
30 116 0.015
30 336 0.031
30 136 0.037
30 135 0.029
30 86 0.006
30 160 0.005
30 121 0.006
31 23 0.015
31 31 0.026
31 229 0.037
31 36 0.023
31 155 0.019
31 438 0.013
31 256 0.008
31 367 0.014
31 142 0.01
31 37 0.045
31 424 0.011
31 28 0.01
31 338 0.019
31 427 0.021
31 261 0.023
31 30 0.018
31 165 0.011
31 170 0.011
31 96 0.01
31 24 0.038
31 151 0.024
31 39 0.03
31 29 0.021
31 121 0.006
31 198 0.053
31 162 0.02
31 33 0.042
31 40 0.021
31 35 0.019
31 32 0.031
31 143 0.022
31 123 0.033
31 27 0.02
31 361 0.021
31 135 0.029
31 612 0.021
31 337 0.027
31 115 0.01
31 82 0.008
31 51 0.016
31 282 0.009
31 254 0.034
31 107 0.006
32 23 0.015
32 26 0.033
32 438 0.013
32 30 0.018
32 251 0.032
32 113 0.014
32 654 0.027
32 27 0.02
32 361 0.021
32 261 0.023
32 32 0.031
32 533 0.012
32 417 0.019
32 24 0.038
32 40 0.021
32 151 0.024
32 33 0.042
32 31 0.026
32 590 0.036
32 35 0.019
32 28 0.01
32 165 0.011
32 883 0.091
33 23 0.015
33 40 0.021
33 35 0.019
33 438 0.013
33 28 0.01
33 878 0.333
33 113 0.014
33 443 0.024
33 615 0.025
33 27 0.02
33 33 0.042
33 34 0.043
33 29 0.021
33 30 0.018
33 31 0.026
33 39 0.03
33 590 0.036
33 282 0.009
33 32 0.031
34 35 0.019
34 25 0.031
34 38 0.034
34 40 0.021
34 54 0.024
34 361 0.021
34 23 0.015
34 27 0.02
34 34 0.043
34 151 0.024
34 28 0.01
34 24 0.038
34 26 0.033
34 29 0.021
34 30 0.018
34 31 0.026
34 32 0.031
34 33 0.042
34 590 0.036
34 36 0.023
34 37 0.045
34 39 0.03
34 588 0.045
34 438 0.013
34 434 0.007
34 5 0.008
35 62 0.006
35 438 0.013
35 24 0.038
35 28 0.01
35 23 0.015
35 51 0.016
35 34 0.043
35 27 0.02
35 129 0.007
35 33 0.042
35 29 0.021
35 434 0.007
35 39 0.03
35 168 0.016
35 151 0.024
35 30 0.018
35 5 0.008
35 35 0.019
35 301 0.009
35 25 0.031
35 26 0.033
35 31 0.026
35 32 0.031
35 590 0.036
35 36 0.023
35 37 0.045
35 38 0.034
35 40 0.021
35 588 0.045
35 170 0.011
35 128 0.008
35 165 0.011
35 367 0.014
35 107 0.006
35 655 0.038
35 878 0.333
35 464 0.023
35 14 0.018
35 261 0.023
35 486 0.023
35 121 0.006
35 338 0.019
35 114 0.009
35 473 0.013
36 129 0.007
36 28 0.01
36 30 0.018
36 31 0.026
36 10 0.024
36 165 0.011
36 23 0.015
36 545 0.053
36 29 0.021
36 438 0.013
36 36 0.023
36 21 0.009
36 588 0.045
36 113 0.014
36 48 0.022
36 121 0.006
36 367 0.014
36 169 0.01
36 25 0.031
36 183 0.007
37 37 0.045
37 30 0.018
37 36 0.023
37 86 0.006
37 229 0.037
37 28 0.01
37 23 0.015
37 34 0.043
37 35 0.019
37 261 0.023
37 25 0.031
37 26 0.033
37 27 0.02
37 29 0.021
37 721 0.167
37 31 0.026
37 32 0.031
37 33 0.042
37 38 0.034
37 39 0.03
37 40 0.021
37 588 0.045
37 545 0.053
37 96 0.01
37 48 0.022
37 151 0.024
37 123 0.033
37 667 0.036
37 24 0.038
37 590 0.036
37 112 0.059
37 338 0.019
38 25 0.031
38 26 0.033
38 40 0.021
38 443 0.024
38 370 0.071
38 245 0.021
38 417 0.019
38 547 0.034
38 48 0.022
38 171 0.026
38 23 0.015
38 438 0.013
38 339 0.025
38 722 0.25
38 86 0.006
38 409 0.033
38 35 0.019
38 27 0.02
38 116 0.015
38 170 0.011
38 847 0.036
38 113 0.014
38 30 0.018
38 38 0.034
38 28 0.01
38 915 1.0
38 47 0.021
38 579 0.062
38 592 0.034
38 321 0.027
38 165 0.011
38 329 0.012
38 421 0.021
38 474 0.016
38 258 0.031
38 31 0.026
38 29 0.021
38 33 0.042
38 590 0.036
38 37 0.045
38 39 0.03
39 28 0.01
39 23 0.015
39 86 0.006
39 34 0.043
39 35 0.019
39 39 0.03
39 480 0.029
39 29 0.021
39 455 0.02
39 40 0.021
39 494 0.013
39 437 0.038
39 114 0.009
39 165 0.011
39 883 0.091
39 27 0.02
40 26 0.033
40 29 0.021
40 171 0.026
40 251 0.032
40 370 0.071
40 35 0.019
40 48 0.022
40 438 0.013
40 37 0.045
40 417 0.019
40 25 0.031
40 27 0.02
40 28 0.01
40 30 0.018
40 33 0.042
40 34 0.043
40 38 0.034
40 39 0.03
40 545 0.053
40 448 0.03
40 590 0.036
40 32 0.031
40 245 0.021
40 113 0.014
40 547 0.034
40 75 0.071
40 24 0.038
40 23 0.015
40 361 0.021
40 261 0.023
40 151 0.024
40 442 0.045
40 135 0.029
40 47 0.021
40 560 0.036
40 170 0.011
40 847 0.036
40 119 0.077
40 533 0.012
40 443 0.024
40 31 0.026
40 409 0.033
40 753 0.059
40 725 0.083
40 917 0.056
40 318 0.02
40 93 0.02
40 953 0.111
40 919 0.091
40 900 0.042
40 40 0.021
40 964 0.2
40 816 0.056
41 42 0.02
41 51 0.016
41 85 0.029
41 86 0.006
41 87 0.009
41 93 0.02
41 94 0.027
41 95 0.027
41 196 0.043
41 197 0.03
41 198 0.053
41 199 0.026
41 200 0.029
41 167 0.02
41 201 0.023
41 202 0.167
41 203 0.026
41 204 0.036
41 205 0.037
41 206 0.023
41 207 0.034
41 128 0.008
41 62 0.006
41 28 0.01
41 280 0.01
41 133 0.014
41 114 0.009
41 123 0.033
41 165 0.011
41 483 0.028
41 169 0.01
41 136 0.037
41 113 0.014
41 464 0.023
41 581 0.037
41 30 0.018
41 232 0.013
41 593 0.026
41 482 0.029
41 47 0.021
41 336 0.031
41 171 0.026
41 443 0.024
41 352 0.048
41 107 0.006
41 776 0.04
41 212 0.01
41 166 0.008
41 121 0.006
41 612 0.021
41 160 0.005
41 546 0.014
41 601 0.027
41 23 0.015
41 493 0.014
41 474 0.016
41 180 0.015
41 115 0.01
41 801 0.5
41 63 0.01
41 105 0.009
41 215 0.013
41 434 0.007
41 14 0.018
41 256 0.008
41 249 0.009
41 820 0.01
41 5 0.008
41 460 0.023
41 41 0.015
41 751 0.2
41 908 0.05
41 917 0.056
41 918 0.053
42 41 0.015
42 74 0.013
42 87 0.009
42 190 0.034
42 249 0.009
42 183 0.007
42 81 0.011
42 115 0.01
42 405 0.012
42 17 0.016
42 145 0.021
42 147 0.027
42 226 0.022
42 560 0.036
42 184 0.014
42 642 0.05
42 329 0.012
42 474 0.016
42 169 0.01
42 453 0.05
42 44 0.011
42 187 0.026
42 160 0.005
42 106 0.008
42 129 0.007
42 128 0.008
42 215 0.013
42 434 0.007
42 493 0.014
42 667 0.036
42 20 0.016
42 245 0.021
42 188 0.038
42 5 0.008
42 105 0.009
42 42 0.02
42 58 0.01
42 612 0.021
42 280 0.01
42 19 0.016
42 83 0.012
42 64 0.007
42 372 0.045
42 820 0.01
42 23 0.015
42 427 0.021
42 333 0.011
42 243 0.022
42 143 0.022
42 212 0.01
42 296 0.014
42 209 0.017
42 422 0.032
42 492 0.043
42 459 0.015
42 495 0.02
42 163 0.027
42 255 0.022
42 490 0.029
42 671 0.04
42 473 0.013
42 756 0.059
42 300 0.025
42 607 0.038
42 166 0.008
42 221 0.019
42 343 0.05
43 44 0.011
43 358 0.025
43 406 0.04
43 407 0.045
43 43 0.091
43 505 0.077
43 499 0.026
43 498 0.016
44 362 0.016
44 293 0.062
44 407 0.045
44 44 0.011
44 500 0.056
44 43 0.091
44 365 0.011
44 430 0.024
44 506 0.02
44 183 0.007
44 19 0.016
44 161 0.029
44 106 0.008
44 249 0.009
44 406 0.04
44 358 0.025
44 374 0.111
44 324 0.071
44 166 0.008
44 16 0.015
44 212 0.01
44 12 0.022
44 434 0.007
44 405 0.012
44 499 0.026
44 501 0.071
44 805 0.25
44 502 0.056
44 503 0.083
44 7 0.02
44 729 0.125
44 504 0.028
44 332 0.056
44 141 0.015
44 8 0.029
44 62 0.006
44 569 0.034
44 573 0.059
44 661 0.026
44 86 0.006
44 129 0.007
44 441 0.023
44 360 0.036
44 160 0.005
44 555 0.067
44 565 0.125
44 30 0.018
44 51 0.016
44 133 0.014
44 856 0.019
44 121 0.006
44 128 0.008
44 283 0.008
44 82 0.008
44 419 0.014
44 699 0.045
44 550 0.04
44 549 0.024
44 107 0.006
44 424 0.011
44 211 0.008
44 9 0.037
44 11 0.016
44 754 0.045
44 366 0.012
44 956 0.077
44 951 0.111
44 359 0.05
44 213 0.028
44 246 0.083
44 765 0.056
44 967 0.2
44 525 0.029
44 672 0.077
44 649 0.111
44 913 0.059
44 105 0.009
44 526 0.02
44 459 0.015
44 155 0.019
44 932 0.019
44 529 0.031
44 10 0.024
45 46 0.015
45 461 0.062
45 269 0.014
45 45 0.026
45 371 0.013
45 322 0.05
45 15 0.022
45 274 0.043
45 216 0.038
45 140 0.03
45 272 0.024
45 164 0.026
45 107 0.006
45 428 0.043
45 445 0.042
45 62 0.006
45 838 1.0
45 273 0.042
45 448 0.03
45 300 0.025
45 429 0.033
45 405 0.012
45 447 0.036
45 335 0.043
45 419 0.014
45 640 0.059
45 404 0.016
45 424 0.011
45 124 0.03
45 282 0.009
45 892 0.071
45 162 0.02
45 142 0.01
45 271 0.017
45 139 0.028
45 301 0.009
45 16 0.015
45 933 0.067
46 139 0.028
46 15 0.022
46 273 0.042
46 272 0.024
46 274 0.043
46 164 0.026
46 216 0.038
46 45 0.026
46 46 0.015
46 429 0.033
46 269 0.014
46 303 0.012
46 210 0.013
46 371 0.013
46 211 0.008
46 63 0.01
46 236 0.021
46 174 0.015
46 140 0.03
46 446 0.045
46 428 0.043
46 448 0.03
46 129 0.007
46 106 0.008
46 592 0.034
46 434 0.007
46 21 0.009
46 329 0.012
46 495 0.02
46 114 0.009
46 169 0.01
46 16 0.015
46 461 0.062
46 155 0.019
46 256 0.008
46 424 0.011
46 300 0.025
46 447 0.036
46 355 0.024
46 283 0.008
46 322 0.05
46 96 0.01
46 405 0.012
46 121 0.006
46 132 0.019
46 128 0.008
46 3 0.016
46 137 0.013
46 812 0.023
47 48 0.022
47 339 0.025
47 443 0.024
47 41 0.015
47 114 0.009
47 116 0.015
47 455 0.02
47 113 0.014
47 86 0.006
47 483 0.028
47 168 0.016
47 172 0.014
47 129 0.007
47 547 0.034
47 263 0.021
47 482 0.029
47 79 0.029
47 40 0.021
47 47 0.021
47 333 0.011
47 160 0.005
47 427 0.021
47 361 0.021
47 14 0.018
47 96 0.01
47 417 0.019
47 76 0.045
47 220 0.071
47 251 0.032
47 135 0.029
47 38 0.034
47 26 0.033
47 318 0.02
47 107 0.006
47 847 0.036
47 437 0.038
47 925 0.071
48 47 0.021
48 50 0.067
48 75 0.071
48 527 0.067
48 252 0.012
48 40 0.021
48 114 0.009
48 455 0.02
48 263 0.021
48 361 0.021
48 442 0.045
48 245 0.021
48 443 0.024
48 76 0.045
48 417 0.019
48 485 0.037
48 113 0.014
48 444 0.04
48 423 0.031
48 171 0.026
48 547 0.034
48 333 0.011
48 643 0.077
48 229 0.037
48 96 0.01
48 318 0.02
48 105 0.009
48 211 0.008
48 36 0.023
48 212 0.01
48 654 0.027
48 37 0.045
48 115 0.01
48 427 0.021
48 151 0.024
48 367 0.014
48 492 0.043
48 261 0.023
48 48 0.022
48 486 0.023
48 437 0.038
48 372 0.045
48 84 0.021
48 338 0.019
48 847 0.036
48 39 0.03
48 482 0.029
48 165 0.011
48 166 0.008
48 678 0.111
48 27 0.02
49 50 0.067
49 84 0.021
49 71 0.067
49 297 0.053
49 433 0.053
49 612 0.021
49 49 0.077
49 87 0.009
49 643 0.077
49 83 0.012
50 87 0.009
50 49 0.077
50 71 0.067
50 84 0.021
50 48 0.022
50 643 0.077
50 50 0.067
50 217 0.067
50 433 0.053
50 431 0.043
50 152 0.017
50 654 0.027
51 41 0.015
51 280 0.01
51 133 0.014
51 29 0.021
51 232 0.013
51 51 0.016
51 141 0.015
51 35 0.019
51 113 0.014
51 160 0.005
51 199 0.026
51 197 0.03
51 109 0.25
51 593 0.026
51 557 0.067
51 581 0.037
51 128 0.008
51 205 0.037
51 399 0.056
51 371 0.013
51 445 0.042
51 820 0.01
51 85 0.029
51 143 0.022
51 93 0.02
51 44 0.011
51 114 0.009
51 27 0.02
51 30 0.018
51 165 0.011
51 201 0.023
51 79 0.029
51 118 0.042
51 283 0.008
51 409 0.033
51 82 0.008
51 362 0.016
51 28 0.01
51 124 0.03
51 95 0.027
51 498 0.016
51 375 0.019
51 112 0.059
51 917 0.056
51 64 0.007
51 100 0.028
51 196 0.043
51 200 0.029
52 53 0.037
52 185 0.1
52 52 0.056
52 368 0.022
52 232 0.013
52 595 1.0
52 146 0.071
52 537 0.056
52 1 0.02
52 314 0.031
52 103 0.023
52 781 0.333
52 814 0.25
52 820 0.01
52 61 0.018
52 157 0.019
52 397 0.029
52 221 0.019
52 301 0.009
52 377 0.011
52 719 0.083
52 197 0.03
52 128 0.008
52 786 0.2
53 280 0.01
53 397 0.029
53 232 0.013
53 466 0.028
53 129 0.007
53 182 0.036
53 231 0.02
53 215 0.013
53 820 0.01
53 434 0.007
53 128 0.008
53 157 0.019
53 440 0.016
53 103 0.023
53 380 0.03
53 389 0.029
53 61 0.018
53 85 0.029
53 394 0.033
53 312 0.048
53 537 0.056
53 526 0.02
53 465 0.111
53 221 0.019
53 18 0.022
53 14 0.018
53 178 0.034
53 403 0.059
53 486 0.023
53 420 0.009
53 82 0.008
54 55 0.029
54 56 0.026
54 57 0.019
54 58 0.01
54 59 0.022
54 54 0.024
54 211 0.008
54 281 0.022
54 34 0.043
54 305 0.019
54 6 0.011
54 481 0.026
54 137 0.013
54 194 0.024
54 285 0.015
54 803 0.062
54 63 0.01
54 520 0.021
54 208 0.019
54 738 0.031
54 412 0.017
54 665 0.045
54 809 0.023
54 2 0.013
54 304 0.036
54 96 0.01
54 89 0.018
54 88 0.033
54 411 0.014
54 249 0.009
54 438 0.013
54 698 0.042
54 685 0.027
54 552 0.028
54 532 0.05
54 138 0.034
54 271 0.017
54 826 0.045
54 132 0.019
54 166 0.008
54 812 0.023
54 252 0.012
54 949 0.056
54 174 0.015
54 131 0.022
54 126 0.036
54 807 0.167
54 107 0.006
55 58 0.01
55 54 0.024
55 56 0.026
55 57 0.019
55 107 0.006
55 59 0.022
55 55 0.029
55 211 0.008
55 481 0.026
55 305 0.019
55 718 0.167
55 208 0.019
55 160 0.005
55 552 0.028
55 6 0.011
55 411 0.014
55 533 0.012
55 698 0.042
55 738 0.031
55 126 0.036
55 809 0.023
55 520 0.021
55 271 0.017
55 166 0.008
55 412 0.017
55 2 0.013
55 285 0.015
55 665 0.045
55 685 0.027
55 193 0.04
55 3 0.016
55 86 0.006
55 950 0.022
55 131 0.022
55 949 0.056
55 1004 1.0
56 55 0.029
56 54 0.024
56 59 0.022
56 58 0.01
56 96 0.01
56 57 0.019
56 303 0.012
56 89 0.018
56 610 0.125
56 619 0.167
56 63 0.01
56 3 0.016
56 286 0.024
56 174 0.015
56 532 0.05
56 138 0.034
56 56 0.026
56 520 0.021
56 718 0.167
56 211 0.008
56 305 0.019
56 809 0.023
56 137 0.013
56 685 0.027
56 738 0.031
56 481 0.026
56 271 0.017
56 826 0.045
56 865 0.111
56 412 0.017
56 698 0.042
56 209 0.017
56 880 0.037
56 6 0.011
56 194 0.024
56 126 0.036
56 2 0.013
56 408 0.026
56 859 0.017
56 4 0.014
56 921 0.091
57 137 0.013
57 55 0.029
57 96 0.01
57 208 0.019
57 58 0.01
57 520 0.021
57 57 0.019
57 481 0.026
57 63 0.01
57 89 0.018
57 286 0.024
57 285 0.015
57 412 0.017
57 211 0.008
57 532 0.05
57 685 0.027
57 2 0.013
57 56 0.026
57 59 0.022
57 138 0.034
57 303 0.012
57 610 0.125
57 619 0.167
57 174 0.015
57 738 0.031
57 408 0.026
57 305 0.019
57 4 0.014
57 815 0.071
57 849 0.143
57 604 0.125
57 64 0.007
57 809 0.023
57 460 0.023
57 552 0.028
57 54 0.024
57 243 0.022
57 160 0.005
57 411 0.014
57 271 0.017
57 194 0.024
57 812 0.023
57 3 0.016
57 601 0.027
57 880 0.037
57 195 0.034
57 6 0.011
57 281 0.022
57 683 0.111
57 859 0.017
57 252 0.012
57 5 0.008
57 240 0.05
57 193 0.04
57 304 0.036
57 88 0.033
57 924 0.1
57 302 0.043
57 126 0.036
57 949 0.056
58 57 0.019
58 208 0.019
58 162 0.02
58 305 0.019
58 366 0.012
58 252 0.012
58 404 0.016
58 55 0.029
58 56 0.026
58 59 0.022
58 209 0.017
58 63 0.01
58 2 0.013
58 54 0.024
58 552 0.028
58 195 0.034
58 4 0.014
58 546 0.014
58 62 0.006
58 115 0.01
58 286 0.024
58 665 0.045
58 211 0.008
58 233 0.022
58 285 0.015
58 5 0.008
58 282 0.009
58 84 0.021
58 107 0.006
58 154 0.026
58 96 0.01
58 175 0.125
58 254 0.034
58 408 0.026
58 137 0.013
58 520 0.021
58 105 0.009
58 212 0.01
58 249 0.009
58 193 0.04
58 411 0.014
58 281 0.022
58 58 0.01
58 121 0.006
58 82 0.008
58 142 0.01
58 612 0.021
58 533 0.012
58 481 0.026
58 518 0.015
58 412 0.017
58 160 0.005
58 145 0.021
58 194 0.024
58 131 0.022
58 738 0.031
58 303 0.012
58 809 0.023
58 3 0.016
58 615 0.025
58 685 0.027
58 654 0.027
58 138 0.034
58 174 0.015
58 271 0.017
58 132 0.019
58 88 0.033
58 210 0.013
58 89 0.018
58 371 0.013
58 462 0.04
58 126 0.036
58 283 0.008
58 288 0.036
58 431 0.043
58 424 0.011
58 87 0.009
58 803 0.062
58 826 0.045
58 586 0.04
58 832 0.045
58 81 0.011
58 422 0.032
58 243 0.022
58 434 0.007
58 304 0.036
58 166 0.008
58 256 0.008
58 333 0.011
58 244 0.037
58 372 0.045
58 6 0.011
58 83 0.012
58 183 0.007
58 13 0.016
58 215 0.013
58 698 0.042
58 859 0.017
58 880 0.037
58 159 0.029
58 158 0.023
58 373 0.043
58 812 0.023
58 86 0.006
58 129 0.007
58 587 0.071
58 814 0.25
58 597 0.071
58 498 0.016
58 664 0.111
58 845 0.038
58 950 0.022
58 155 0.019
58 601 0.027
58 921 0.091
59 520 0.021
59 137 0.013
59 55 0.029
59 54 0.024
59 56 0.026
59 58 0.01
59 481 0.026
59 3 0.016
59 5 0.008
59 59 0.022
59 586 0.04
59 685 0.027
59 4 0.014
59 738 0.031
59 132 0.019
59 57 0.019
59 303 0.012
59 89 0.018
59 610 0.125
59 619 0.167
59 63 0.01
59 2 0.013
59 408 0.026
59 305 0.019
59 96 0.01
59 412 0.017
59 160 0.005
59 194 0.024
59 809 0.023
59 865 0.111
59 138 0.034
59 192 0.053
59 195 0.034
59 698 0.042
59 252 0.012
59 285 0.015
59 286 0.024
59 812 0.023
59 845 0.038
59 971 0.1
59 859 0.017
59 886 0.5
59 6 0.011
59 990 0.05
60 61 0.018
60 377 0.011
60 232 0.013
60 150 0.031
60 296 0.014
60 179 0.02
60 103 0.023
60 181 0.022
60 219 0.056
60 376 0.028
60 172 0.014
60 167 0.02
60 231 0.02
60 122 0.048
60 95 0.027
60 283 0.008
60 381 0.037
60 295 0.018
60 352 0.048
60 320 0.025
60 388 0.043
60 394 0.033
60 390 0.034
60 342 0.023
60 389 0.029
60 378 0.042
60 104 0.031
60 60 0.026
60 275 0.04
60 321 0.027
60 177 0.024
60 133 0.014
60 380 0.03
60 157 0.019
60 392 0.053
60 393 0.015
60 182 0.036
60 397 0.029
60 379 0.029
60 384 0.062
60 385 0.048
60 387 0.043
60 391 0.053
60 250 0.033
60 395 0.028
60 396 0.071
60 368 0.022
60 280 0.01
60 214 0.02
60 105 0.009
60 947 0.125
60 215 0.013
61 123 0.033
61 380 0.03
61 377 0.011
61 295 0.018
61 320 0.025
61 61 0.018
61 394 0.033
61 213 0.028
61 232 0.013
61 393 0.015
61 321 0.027
61 182 0.036
61 181 0.022
61 157 0.019
61 178 0.034
61 499 0.026
61 172 0.014
61 264 0.037
61 64 0.007
61 533 0.012
61 483 0.028
61 266 0.043
61 179 0.02
61 434 0.007
61 103 0.023
61 421 0.021
61 265 0.032
61 296 0.014
61 381 0.037
61 396 0.071
61 345 0.043
61 440 0.016
61 465 0.111
61 519 0.143
61 707 0.029
61 389 0.029
61 392 0.053
61 391 0.053
61 368 0.022
61 104 0.031
61 758 0.071
61 537 0.056
61 52 0.056
61 872 0.077
61 379 0.029
61 14 0.018
61 347 0.042
61 301 0.009
61 160 0.005
61 60 0.026
61 378 0.042
61 376 0.028
61 387 0.043
61 388 0.043
61 390 0.034
61 250 0.033
61 395 0.028
61 150 0.031
61 95 0.027
61 19 0.016
61 280 0.01
61 498 0.016
61 503 0.083
62 63 0.01
62 4 0.014
62 107 0.006
62 300 0.025
62 18 0.022
62 153 0.043
62 340 0.011
62 283 0.008
62 333 0.011
62 441 0.023
62 152 0.017
62 474 0.016
62 258 0.031
62 314 0.031
62 81 0.011
62 79 0.029
62 226 0.022
62 30 0.018
62 23 0.015
62 128 0.008
62 41 0.015
62 417 0.019
62 170 0.011
62 329 0.012
62 114 0.009
62 365 0.011
62 256 0.008
62 434 0.007
62 106 0.008
62 249 0.009
62 70 0.062
62 132 0.019
62 531 0.022
62 77 0.056
62 582 0.077
62 355 0.024
62 45 0.026
62 28 0.01
62 78 0.043
62 430 0.024
62 115 0.01
62 15 0.022
62 173 0.016
62 190 0.034
62 445 0.042
62 230 0.059
62 303 0.012
62 184 0.014
62 245 0.021
62 68 0.026
62 263 0.021
62 86 0.006
62 453 0.05
62 58 0.01
62 662 0.062
62 506 0.02
62 279 0.111
62 183 0.007
62 172 0.014
62 458 0.024
62 410 0.111
62 310 0.042
62 21 0.009
62 467 0.05
62 113 0.014
62 571 0.05
62 133 0.014
62 141 0.015
62 151 0.024
62 367 0.014
62 158 0.023
62 99 0.043
62 17 0.016
62 554 0.091
62 134 0.048
62 404 0.016
62 312 0.048
62 90 0.042
62 211 0.008
62 427 0.021
62 480 0.029
62 296 0.014
62 142 0.01
62 454 0.143
62 450 0.019
62 168 0.016
62 236 0.021
62 255 0.022
62 769 0.333
62 290 0.015
62 282 0.009
62 83 0.012
62 82 0.008
62 203 0.026
62 237 0.043
62 342 0.023
62 147 0.027
62 80 0.016
62 478 0.037
62 377 0.011
62 295 0.018
62 233 0.022
62 730 0.111
62 210 0.013
62 44 0.011
62 749 0.2
62 748 0.048
62 129 0.007
62 518 0.015
62 159 0.029
62 187 0.026
62 390 0.034
62 254 0.034
62 546 0.014
62 591 0.143
62 820 0.01
62 262 0.045
62 495 0.02
62 89 0.018
62 405 0.012
62 98 0.043
62 62 0.006
62 164 0.026
62 180 0.015
62 366 0.012
62 726 0.111
62 493 0.014
62 174 0.015
62 338 0.019
62 179 0.02
62 393 0.015
62 498 0.016
62 216 0.038
62 12 0.022
62 269 0.014
62 19 0.016
62 418 0.034
62 306 0.031
62 35 0.019
62 459 0.015
62 280 0.01
62 253 0.043
62 356 0.021
62 494 0.013
62 372 0.045
62 521 0.077
62 251 0.032
62 209 0.017
62 505 0.077
62 509 0.021
62 457 0.04
62 8 0.029
62 448 0.03
62 362 0.016
62 137 0.013
62 419 0.014
62 375 0.019
62 143 0.022
62 747 0.045
62 188 0.038
62 189 0.016
62 544 0.036
62 371 0.013
62 627 0.1
62 169 0.01
62 238 0.028
62 64 0.007
62 3 0.016
62 87 0.009
62 29 0.021
62 736 0.167
62 357 0.024
62 7 0.02
62 2 0.013
62 163 0.027
62 206 0.023
62 811 0.2
62 285 0.015
62 201 0.023
62 754 0.045
62 426 0.022
62 856 0.019
62 859 0.017
62 281 0.022
62 708 0.059
62 833 0.2
62 212 0.01
62 131 0.022
62 586 0.04
62 812 0.023
63 137 0.013
63 63 0.01
63 3 0.016
63 62 0.006
63 174 0.015
63 371 0.013
63 363 0.026
63 4 0.014
63 520 0.021
63 571 0.05
63 211 0.008
63 58 0.01
63 281 0.022
63 208 0.019
63 175 0.125
63 625 0.167
63 56 0.026
63 2 0.013
63 115 0.01
63 286 0.024
63 59 0.022
63 46 0.015
63 408 0.026
63 303 0.012
63 285 0.015
63 305 0.019
63 269 0.014
63 532 0.05
63 665 0.045
63 194 0.024
63 195 0.034
63 434 0.007
63 132 0.019
63 481 0.026
63 57 0.019
63 420 0.009
63 129 0.007
63 16 0.015
63 236 0.021
63 89 0.018
63 411 0.014
63 256 0.008
63 518 0.015
63 365 0.011
63 212 0.01
63 552 0.028
63 82 0.008
63 121 0.006
63 209 0.017
63 210 0.013
63 183 0.007
63 128 0.008
63 41 0.015
63 54 0.024
63 160 0.005
63 164 0.026
63 324 0.071
63 249 0.009
63 586 0.04
63 233 0.022
63 158 0.023
63 809 0.023
63 138 0.034
63 412 0.017
63 239 0.091
63 272 0.024
63 301 0.009
63 355 0.024
63 169 0.01
63 845 0.038
63 329 0.012
63 255 0.022
63 114 0.009
63 81 0.011
63 533 0.012
63 162 0.02
63 685 0.027
63 832 0.045
63 107 0.006
63 849 0.143
63 88 0.033
63 44 0.011
63 419 0.014
63 490 0.029
63 184 0.014
63 865 0.111
63 131 0.022
63 13 0.016
63 6 0.011
63 880 0.037
63 812 0.023
63 252 0.012
63 55 0.029
63 243 0.022
63 379 0.029
63 854 0.143
63 278 0.025
63 28 0.01
63 718 0.167
63 738 0.031
63 366 0.012
63 87 0.009
63 859 0.017
63 193 0.04
63 921 0.091
63 271 0.017
63 283 0.008
63 826 0.045
63 803 0.062
63 971 0.1
63 126 0.036
63 473 0.013
63 405 0.012
63 896 0.048
64 65 0.025
64 229 0.037
64 5 0.008
64 91 0.037
64 141 0.015
64 89 0.018
64 95 0.027
64 157 0.019
64 64 0.007
64 6 0.011
64 68 0.026
64 506 0.02
64 14 0.018
64 124 0.03
64 379 0.029
64 96 0.01
64 140 0.03
64 80 0.016
64 489 0.037
64 93 0.02
64 376 0.028
64 306 0.031
64 128 0.008
64 515 0.026
64 61 0.018
64 397 0.029
64 280 0.01
64 94 0.027
64 244 0.037
64 24 0.038
64 420 0.009
64 165 0.011
64 644 0.083
64 528 0.111
64 11 0.016
64 305 0.019
64 290 0.015
64 282 0.009
64 169 0.01
64 238 0.028
64 170 0.011
64 168 0.016
64 216 0.038
64 434 0.007
64 184 0.014
64 223 0.024
64 103 0.023
64 172 0.014
64 375 0.019
64 87 0.009
64 74 0.013
64 222 0.018
64 523 0.062
64 113 0.014
64 199 0.026
64 201 0.023
64 440 0.016
64 134 0.048
64 149 0.042
64 455 0.02
64 90 0.042
64 191 0.021
64 271 0.017
64 511 0.048
64 665 0.045
64 300 0.025
64 601 0.027
64 367 0.014
64 323 0.032
64 234 0.029
64 183 0.007
64 417 0.019
64 357 0.024
64 211 0.008
64 492 0.043
64 197 0.03
64 771 0.125
64 405 0.012
64 349 0.056
64 412 0.017
64 116 0.015
64 820 0.01
64 458 0.024
64 249 0.009
64 828 0.053
64 438 0.013
64 21 0.009
64 173 0.016
64 329 0.012
64 115 0.01
64 133 0.014
64 309 0.034
64 411 0.014
64 325 0.038
64 914 0.056
64 733 0.1
64 572 0.045
64 611 0.04
64 926 0.083
64 918 0.053
64 950 0.022
64 51 0.016
64 354 0.1
64 840 0.062
64 395 0.028
64 302 0.043
64 42 0.02
64 196 0.043
64 99 0.043
64 640 0.059
64 937 0.143
64 224 0.1
64 292 0.029
65 457 0.04
65 257 0.062
65 434 0.007
65 413 0.042
65 200 0.029
65 440 0.016
65 275 0.04
65 178 0.034
65 562 0.038
65 172 0.014
65 426 0.022
65 380 0.03
65 94 0.027
65 581 0.037
65 65 0.025
65 199 0.026
65 498 0.016
65 101 0.04
65 493 0.014
65 325 0.038
65 568 0.043
65 51 0.016
65 486 0.023
65 752 0.2
65 450 0.019
65 130 0.028
65 401 0.031
65 290 0.015
65 366 0.012
65 840 0.062
65 425 0.059
65 714 0.043
65 526 0.02
65 533 0.012
65 169 0.01
65 357 0.024
65 282 0.009
65 231 0.02
65 197 0.03
65 294 0.045
65 874 0.333
65 362 0.016
65 430 0.024
65 543 0.03
65 280 0.01
65 664 0.111
65 371 0.013
65 600 0.1
65 910 1.0
65 53 0.037
65 133 0.014
65 232 0.013
65 324 0.071
65 435 0.25
65 14 0.018
65 291 0.045
65 870 0.333
65 835 0.167
65 574 0.25
65 129 0.007
65 791 0.2
65 64 0.007
65 776 0.04
65 206 0.023
65 92 0.026
65 818 0.1
65 998 1.0
65 525 0.029
65 352 0.048
65 264 0.037
65 320 0.025
65 334 0.056
65 639 0.167
65 358 0.025
65 135 0.029
65 307 0.083
65 177 0.024
65 515 0.026
65 176 0.04
65 204 0.036
65 0 0.031
65 483 0.028
65 990 0.05
65 107 0.006
66 67 0.125
66 329 0.012
66 108 0.027
66 146 0.071
66 64 0.007
66 469 0.056
66 96 0.01
66 514 0.091
66 90 0.042
66 66 0.05
66 211 0.008
66 117 0.067
66 611 0.04
66 389 0.029
66 661 0.026
66 121 0.006
66 560 0.036
66 338 0.019
66 480 0.029
66 252 0.012
66 48 0.022
66 654 0.027
66 112 0.059
66 984 0.333
66 111 0.125
66 91 0.037
67 66 0.05
67 189 0.016
67 108 0.027
67 74 0.013
67 86 0.006
67 160 0.005
67 533 0.012
68 69 0.024
68 21 0.009
68 80 0.016
68 62 0.006
68 86 0.006
68 82 0.008
68 663 0.053
68 184 0.014
68 20 0.016
68 671 0.04
68 474 0.016
68 509 0.021
68 667 0.036
68 473 0.013
68 550 0.04
68 549 0.024
68 508 0.038
68 160 0.005
68 329 0.012
68 16 0.015
68 357 0.024
68 424 0.011
68 418 0.034
68 494 0.013
68 301 0.009
68 173 0.016
68 106 0.008
68 183 0.007
68 121 0.006
68 68 0.026
68 679 0.053
68 306 0.031
68 300 0.025
68 282 0.009
68 107 0.006
68 220 0.071
68 142 0.01
68 212 0.01
68 366 0.012
68 420 0.009
69 287 0.059
69 306 0.031
69 212 0.01
69 260 0.053
69 68 0.026
69 81 0.011
69 108 0.027
69 549 0.024
69 64 0.007
69 311 0.032
69 473 0.013
69 184 0.014
69 190 0.034
69 325 0.038
69 713 0.5
69 10 0.024
69 508 0.038
69 667 0.036
69 80 0.016
69 480 0.029
69 69 0.024
69 418 0.034
69 509 0.021
69 434 0.007
69 663 0.053
69 550 0.04
69 671 0.04
69 679 0.053
69 551 0.083
69 189 0.016
69 160 0.005
69 299 0.048
69 678 0.111
69 329 0.012
69 424 0.011
69 282 0.009
69 259 0.04
69 477 0.091
69 87 0.009
69 183 0.007
69 467 0.05
69 216 0.038
69 356 0.021
69 362 0.016
69 420 0.009
69 141 0.015
69 747 0.045
69 86 0.006
69 13 0.016
69 409 0.033
69 710 0.053
69 173 0.016
69 400 0.034
69 353 0.034
69 777 0.059
69 105 0.009
69 952 0.143
69 107 0.006
69 958 0.333
69 715 0.2
70 71 0.067
70 186 0.05
70 433 0.053
70 288 0.036
70 180 0.015
70 62 0.006
70 84 0.021
70 152 0.017
70 494 0.013
70 83 0.012
70 431 0.043
70 212 0.01
71 70 0.062
71 217 0.067
71 50 0.067
71 49 0.077
71 162 0.02
71 431 0.043
71 432 0.143
71 433 0.053
71 83 0.012
71 84 0.021
71 71 0.067
71 152 0.017
71 121 0.006
71 612 0.021
72 21 0.009
72 163 0.027
72 259 0.04
72 20 0.016
72 311 0.032
72 106 0.008
73 74 0.013
73 330 0.111
73 248 0.05
73 331 0.053
73 297 0.053
73 17 0.016
73 73 0.04
73 215 0.013
73 311 0.032
73 358 0.025
73 259 0.04
73 707 0.029
73 268 0.034
73 498 0.016
73 313 0.059
73 116 0.015
73 221 0.019
73 223 0.024
73 485 0.037
73 317 0.053
73 0 0.031
73 106 0.008
73 166 0.008
73 756 0.059
73 316 0.026
73 309 0.034
73 84 0.021
73 950 0.022
73 560 0.036
74 1 0.02
74 218 0.023
74 219 0.056
74 215 0.013
74 220 0.071
74 221 0.019
74 222 0.018
74 223 0.024
74 18 0.022
74 224 0.1
74 225 0.04
74 226 0.022
74 227 0.053
74 17 0.016
74 228 0.045
74 248 0.05
74 297 0.053
74 73 0.04
74 177 0.024
74 74 0.013
74 42 0.02
74 311 0.032
74 341 0.111
74 188 0.038
74 482 0.029
74 260 0.053
74 259 0.04
74 317 0.053
74 309 0.034
74 254 0.034
74 86 0.006
74 690 0.071
74 460 0.023
74 107 0.006
74 316 0.026
74 282 0.009
74 745 0.2
74 459 0.015
74 85 0.029
74 307 0.083
74 419 0.014
74 764 0.111
74 308 0.029
74 310 0.042
74 312 0.048
74 313 0.059
74 0 0.031
74 468 0.048
74 106 0.008
74 231 0.02
74 560 0.036
74 268 0.034
74 64 0.007
74 187 0.026
74 67 0.125
74 331 0.053
74 116 0.015
74 498 0.016
74 330 0.111
74 549 0.024
74 485 0.037
74 480 0.029
74 21 0.009
74 20 0.016
74 142 0.01
74 366 0.012
74 166 0.008
74 424 0.011
74 400 0.034
74 62 0.006
74 87 0.009
74 121 0.006
74 438 0.013
74 950 0.022
74 105 0.009
74 152 0.017
74 756 0.059
74 513 0.024
74 120 0.071
74 314 0.031
74 872 0.077
74 537 0.056
75 76 0.045
75 48 0.022
75 253 0.043
75 40 0.021
75 261 0.023
75 372 0.045
75 427 0.021
75 135 0.029
75 437 0.038
75 75 0.071
75 367 0.014
75 96 0.01
75 753 0.059
75 470 0.048
75 494 0.013
75 36 0.023
75 339 0.025
75 655 0.038
76 119 0.077
76 417 0.019
76 76 0.045
76 48 0.022
76 485 0.037
76 75 0.071
76 455 0.02
76 263 0.021
76 444 0.04
76 423 0.031
76 245 0.021
76 333 0.011
76 47 0.021
76 96 0.01
76 139 0.028
77 78 0.043
77 79 0.029
77 581 0.037
77 557 0.067
77 445 0.042
77 497 0.062
77 531 0.022
77 811 0.2
77 539 0.143
77 212 0.01
77 107 0.006
77 62 0.006
77 121 0.006
77 166 0.008
77 105 0.009
77 950 0.022
77 932 0.019
79 62 0.006
79 79 0.029
79 219 0.056
79 120 0.071
79 581 0.037
79 162 0.02
79 133 0.014
79 531 0.022
79 339 0.025
79 497 0.062
79 78 0.043
79 419 0.014
79 482 0.029
79 340 0.011
79 165 0.011
79 47 0.021
79 160 0.005
79 557 0.067
79 14 0.018
79 51 0.016
79 128 0.008
79 811 0.2
79 77 0.056
79 539 0.143
79 445 0.042
79 116 0.015
79 420 0.009
79 226 0.022
79 417 0.019
79 152 0.017
79 601 0.027
79 13 0.016
79 166 0.008
79 107 0.006
79 282 0.009
80 81 0.011
80 68 0.026
80 375 0.019
80 287 0.059
80 16 0.015
80 282 0.009
80 142 0.01
80 80 0.016
80 663 0.053
80 62 0.006
80 679 0.053
80 106 0.008
80 243 0.022
80 183 0.007
80 431 0.043
80 508 0.038
80 82 0.008
80 286 0.024
80 174 0.015
80 137 0.013
80 187 0.026
80 107 0.006
80 189 0.016
80 329 0.012
80 357 0.024
80 460 0.023
80 480 0.029
80 184 0.014
80 815 0.071
80 20 0.016
80 92 0.026
80 21 0.009
80 356 0.021
80 121 0.006
80 128 0.008
80 129 0.007
80 866 0.333
80 96 0.01
80 256 0.008
80 112 0.059
80 459 0.015
80 222 0.018
80 340 0.011
80 28 0.01
80 114 0.009
80 169 0.01
80 367 0.014
80 490 0.029
80 880 0.037
80 395 0.028
80 384 0.062
80 230 0.059
80 950 0.022
80 105 0.009
80 271 0.017
80 474 0.016
80 473 0.013
80 299 0.048
81 80 0.016
81 256 0.008
81 107 0.006
81 62 0.006
81 509 0.021
81 418 0.034
81 473 0.013
81 189 0.016
81 160 0.005
81 356 0.021
81 329 0.012
81 184 0.014
81 42 0.02
81 69 0.024
81 460 0.023
81 106 0.008
81 249 0.009
81 550 0.04
81 161 0.029
81 105 0.009
81 21 0.009
81 357 0.024
81 183 0.007
81 663 0.053
81 549 0.024
81 671 0.04
81 667 0.036
81 508 0.038
81 679 0.053
81 710 0.053
81 212 0.01
81 137 0.013
81 685 0.027
81 365 0.011
81 225 0.04
81 494 0.013
81 299 0.048
81 434 0.007
81 20 0.016
81 155 0.019
81 533 0.012
81 121 0.006
81 420 0.009
81 283 0.008
81 16 0.015
81 424 0.011
81 363 0.026
81 82 0.008
81 114 0.009
81 46 0.015
81 211 0.008
81 63 0.01
81 169 0.01
81 303 0.012
81 170 0.011
81 86 0.006
81 405 0.012
81 362 0.016
81 87 0.009
81 375 0.019
81 128 0.008
81 129 0.007
81 166 0.008
81 81 0.011
81 145 0.021
81 301 0.009
81 108 0.027
81 486 0.023
81 142 0.01
81 44 0.011
81 215 0.013
81 911 0.333
81 188 0.038
81 222 0.018
81 467 0.05
81 569 0.034
81 490 0.029
81 478 0.037
81 28 0.01
81 544 0.036
81 607 0.038
81 3 0.016
81 412 0.017
81 419 0.014
81 400 0.034
81 952 0.143
81 162 0.02
81 932 0.019
81 518 0.015
82 83 0.012
82 84 0.021
82 86 0.006
82 105 0.009
82 121 0.006
82 366 0.012
82 283 0.008
82 233 0.022
82 546 0.014
82 183 0.007
82 285 0.015
82 234 0.029
82 211 0.008
82 552 0.028
82 531 0.022
82 393 0.015
82 68 0.026
82 256 0.008
82 410 0.111
82 153 0.043
82 82 0.008
82 249 0.009
82 161 0.029
82 46 0.015
82 329 0.012
82 495 0.02
82 236 0.021
82 214 0.02
82 179 0.02
82 28 0.01
82 81 0.011
82 367 0.014
82 203 0.026
82 568 0.043
82 303 0.012
82 187 0.026
82 18 0.022
82 468 0.048
82 21 0.009
82 227 0.053
82 326 0.027
82 44 0.011
82 739 0.167
82 462 0.04
82 10 0.024
82 280 0.01
82 129 0.007
82 567 0.25
82 63 0.01
82 740 0.333
82 550 0.04
82 296 0.014
82 395 0.028
82 77 0.056
82 228 0.045
82 555 0.067
82 422 0.032
82 115 0.01
82 226 0.022
82 420 0.009
82 489 0.037
82 544 0.036
82 490 0.029
82 576 0.053
82 230 0.059
82 80 0.016
82 209 0.017
82 210 0.013
82 190 0.034
82 184 0.014
82 543 0.03
82 767 0.167
82 4 0.014
82 180 0.015
82 278 0.025
82 1 0.02
82 17 0.016
82 340 0.011
82 493 0.014
82 128 0.008
82 41 0.015
82 642 0.05
82 163 0.027
82 453 0.05
82 474 0.016
82 173 0.016
82 114 0.009
82 355 0.024
82 107 0.006
82 62 0.006
82 612 0.021
82 189 0.016
82 151 0.024
82 427 0.021
82 186 0.05
82 325 0.038
82 165 0.011
82 5 0.008
82 540 0.125
82 401 0.031
82 78 0.043
82 445 0.042
82 357 0.024
82 783 0.25
82 245 0.021
82 371 0.013
82 132 0.019
82 424 0.011
82 20 0.016
82 385 0.048
82 154 0.026
82 166 0.008
82 145 0.021
82 310 0.042
82 290 0.015
82 353 0.034
82 404 0.016
82 147 0.027
82 747 0.045
82 526 0.02
82 486 0.023
82 426 0.022
82 168 0.016
82 261 0.023
82 508 0.038
82 820 0.01
82 441 0.023
82 221 0.019
82 74 0.013
82 222 0.018
82 104 0.031
82 647 0.091
82 548 0.05
82 133 0.014
82 337 0.027
82 295 0.018
82 304 0.036
82 170 0.011
82 51 0.016
82 143 0.022
82 225 0.04
82 853 1.0
82 327 0.034
82 454 0.143
82 377 0.011
82 58 0.01
82 53 0.037
82 362 0.016
82 123 0.033
82 87 0.009
82 23 0.015
82 333 0.011
82 419 0.014
82 856 0.019
82 365 0.011
82 169 0.01
82 36 0.023
82 106 0.008
82 130 0.028
82 314 0.031
82 188 0.038
82 127 0.062
82 356 0.021
82 201 0.023
82 549 0.024
82 518 0.015
82 137 0.013
82 263 0.021
82 12 0.022
82 269 0.014
82 368 0.022
82 277 0.062
82 219 0.056
82 782 0.333
82 730 0.111
82 287 0.059
82 93 0.02
82 212 0.01
82 215 0.013
82 458 0.024
82 30 0.018
82 338 0.019
82 318 0.02
82 27 0.02
82 494 0.013
82 199 0.026
82 50 0.067
82 252 0.012
82 142 0.01
82 158 0.023
82 116 0.015
82 31 0.026
82 281 0.022
82 152 0.017
82 464 0.023
82 748 0.048
82 854 0.143
82 131 0.022
82 96 0.01
82 282 0.009
82 601 0.027
82 932 0.019
82 693 0.2
82 372 0.045
82 160 0.005
82 373 0.043
82 594 0.167
82 752 0.2
82 172 0.014
82 292 0.029
82 376 0.028
82 150 0.031
82 255 0.022
82 279 0.111
82 641 0.083
82 541 0.071
82 438 0.013
82 509 0.021
82 345 0.043
82 681 0.05
82 191 0.021
82 708 0.059
82 99 0.043
82 963 0.029
82 859 0.017
82 124 0.03
82 563 0.083
83 82 0.008
83 496 0.05
83 372 0.045
83 283 0.008
83 308 0.029
83 166 0.008
83 601 0.027
83 366 0.012
83 494 0.013
83 86 0.006
83 154 0.026
83 233 0.022
83 107 0.006
83 424 0.011
83 62 0.006
83 160 0.005
83 71 0.067
83 84 0.021
83 431 0.043
83 83 0.012
83 693 0.2
83 373 0.043
83 285 0.015
83 105 0.009
83 199 0.026
83 747 0.045
83 420 0.009
83 282 0.009
83 121 0.006
83 142 0.01
83 249 0.009
83 269 0.014
83 214 0.02
83 168 0.016
83 280 0.01
83 41 0.015
83 458 0.024
83 292 0.029
83 612 0.021
83 212 0.01
83 533 0.012
83 186 0.05
83 115 0.01
83 288 0.036
83 152 0.017
83 256 0.008
83 518 0.015
83 492 0.043
83 340 0.011
83 296 0.014
83 393 0.015
83 13 0.016
83 96 0.01
83 81 0.011
83 318 0.02
83 114 0.009
83 453 0.05
83 106 0.008
83 163 0.027
83 368 0.022
83 579 0.062
83 273 0.042
83 290 0.015
83 484 0.053
83 113 0.014
83 557 0.067
83 173 0.016
83 209 0.017
83 101 0.04
83 20 0.016
83 329 0.012
83 474 0.016
83 44 0.011
83 128 0.008
83 450 0.019
83 433 0.053
83 23 0.015
83 143 0.022
83 333 0.011
83 355 0.024
83 153 0.043
83 211 0.008
83 203 0.026
83 856 0.019
83 278 0.025
83 221 0.019
83 140 0.03
83 46 0.015
83 395 0.028
83 478 0.037
83 236 0.021
83 243 0.022
83 586 0.04
83 63 0.01
83 180 0.015
83 191 0.021
83 133 0.014
83 141 0.015
83 495 0.02
83 147 0.027
83 654 0.027
83 820 0.01
83 481 0.026
83 253 0.043
83 259 0.04
83 615 0.025
83 255 0.022
83 812 0.023
83 642 0.05
83 513 0.024
83 162 0.02
83 87 0.009
83 932 0.019
83 546 0.014
83 963 0.029
83 594 0.167
83 365 0.011
83 118 0.042
83 465 0.111
84 162 0.02
84 50 0.067
84 49 0.077
84 71 0.067
84 82 0.008
84 121 0.006
84 84 0.021
84 288 0.036
84 83 0.012
84 217 0.067
84 152 0.017
84 433 0.053
84 70 0.062
84 404 0.016
84 58 0.01
84 282 0.009
84 31 0.026
84 366 0.012
84 110 0.111
84 250 0.033
84 111 0.125
84 142 0.01
84 715 0.2
84 560 0.036
84 431 0.043
84 233 0.022
84 510 0.053
84 601 0.027
84 780 1.0
84 269 0.014
84 474 0.016
84 254 0.034
84 585 0.111
84 166 0.008
84 549 0.024
84 624 0.091
84 422 0.032
84 160 0.005
84 48 0.022
84 485 0.037
84 432 0.143
84 612 0.021
84 270 0.083
84 118 0.042
84 372 0.045
84 443 0.024
84 664 0.111
84 318 0.02
84 105 0.009
84 544 0.036
84 533 0.012
84 336 0.031
84 112 0.059
84 453 0.05
84 305 0.019
84 75 0.071
84 442 0.045
84 252 0.012
84 115 0.01
84 654 0.027
84 513 0.024
84 441 0.023
84 113 0.014
84 752 0.2
84 555 0.067
84 144 0.091
84 493 0.014
84 729 0.125
84 87 0.009
84 37 0.045
84 754 0.045
84 249 0.009
84 180 0.015
84 662 0.062
84 419 0.014
84 811 0.2
84 444 0.04
84 582 0.077
84 1 0.02
84 127 0.062
84 210 0.013
84 494 0.013
84 86 0.006
84 107 0.006
84 62 0.006
84 546 0.014
84 272 0.024
84 835 0.167
84 623 0.111
84 373 0.043
84 229 0.037
84 615 0.025
84 57 0.019
84 77 0.056
84 73 0.04
84 253 0.043
84 13 0.016
84 338 0.019
84 326 0.027
84 478 0.037
84 467 0.05
84 399 0.056
84 598 0.125
84 30 0.018
84 209 0.017
84 134 0.048
84 211 0.008
84 268 0.034
84 18 0.022
84 411 0.014
84 243 0.022
84 244 0.037
84 317 0.053
84 553 0.125
84 727 0.333
84 594 0.167
84 295 0.018
84 649 0.111
84 425 0.059
84 454 0.143
84 471 0.125
84 39 0.03
84 235 0.056
84 174 0.015
84 558 0.091
84 487 0.083
84 323 0.032
84 393 0.015
84 492 0.043
84 119 0.077
85 17 0.016
85 41 0.015
85 226 0.022
85 370 0.071
85 443 0.024
85 314 0.031
85 85 0.029
85 312 0.048
85 778 0.2
85 1 0.02
85 74 0.013
85 221 0.019
85 820 0.01
85 142 0.01
85 51 0.016
85 151 0.024
85 310 0.042
85 160 0.005
85 86 0.006
85 758 0.071
85 317 0.053
85 307 0.083
85 313 0.059
85 872 0.077
85 146 0.071
85 309 0.034
85 18 0.022
85 467 0.05
86 128 0.008
86 205 0.037
86 41 0.015
86 189 0.016
86 453 0.05
86 106 0.008
86 295 0.018
86 86 0.006
86 510 0.053
86 540 0.125
86 362 0.016
86 536 0.091
86 223 0.024
86 68 0.026
86 83 0.012
86 107 0.006
86 114 0.009
86 450 0.019
86 82 0.008
86 103 0.023
86 377 0.011
86 263 0.021
86 444 0.04
86 372 0.045
86 494 0.013
86 424 0.011
86 62 0.006
86 318 0.02
86 131 0.022
86 132 0.019
86 593 0.026
86 686 0.125
86 117 0.067
86 37 0.045
86 340 0.011
86 417 0.019
86 290 0.015
86 96 0.01
86 184 0.014
86 310 0.042
86 172 0.014
86 714 0.043
86 47 0.021
86 400 0.034
86 480 0.029
86 601 0.027
86 74 0.013
86 458 0.024
86 392 0.053
86 627 0.1
86 238 0.028
86 85 0.029
86 141 0.015
86 506 0.02
86 20 0.016
86 98 0.043
86 125 0.05
86 264 0.037
86 166 0.008
86 222 0.018
86 280 0.01
86 95 0.027
86 190 0.034
86 18 0.022
86 720 0.062
86 415 0.333
86 368 0.022
86 113 0.014
86 197 0.03
86 30 0.018
86 177 0.024
86 690 0.071
86 81 0.011
86 283 0.008
86 326 0.027
86 256 0.008
86 44 0.011
86 438 0.013
86 7 0.02
86 143 0.022
86 504 0.028
86 427 0.021
86 584 0.25
86 67 0.125
86 12 0.022
86 84 0.021
86 69 0.024
86 508 0.038
86 92 0.026
86 756 0.059
86 421 0.021
86 620 0.333
86 518 0.015
86 328 0.062
86 90 0.042
86 393 0.015
86 563 0.083
86 590 0.036
86 35 0.019
86 259 0.04
86 8 0.029
86 353 0.034
86 623 0.111
86 21 0.009
86 225 0.04
86 201 0.023
86 28 0.01
86 70 0.062
86 366 0.012
86 10 0.024
86 203 0.026
86 662 0.062
86 138 0.034
86 226 0.022
86 94 0.027
86 470 0.048
86 142 0.01
86 525 0.029
86 426 0.022
86 708 0.059
86 687 0.143
86 100 0.028
86 586 0.04
86 38 0.034
86 58 0.01
86 215 0.013
86 373 0.043
86 457 0.04
86 445 0.042
86 14 0.018
86 611 0.04
86 395 0.028
86 425 0.059
86 736 0.167
86 666 0.062
86 707 0.029
86 152 0.017
86 820 0.01
86 297 0.053
86 154 0.026
86 553 0.125
86 485 0.037
86 681 0.05
86 274 0.043
86 121 0.006
86 526 0.02
86 180 0.015
86 304 0.036
86 23 0.015
86 840 0.062
86 765 0.056
86 129 0.007
86 747 0.045
86 212 0.01
86 163 0.027
86 87 0.009
86 145 0.021
86 153 0.043
86 546 0.014
86 572 0.045
86 598 0.125
86 521 0.077
86 42 0.02
86 206 0.023
86 55 0.029
86 79 0.029
86 210 0.013
86 963 0.029
86 531 0.022
86 105 0.009
86 533 0.012
86 251 0.032
86 484 0.053
86 822 0.067
86 932 0.019
86 236 0.021
86 218 0.023
86 430 0.024
86 65 0.025
86 151 0.024
86 573 0.059
86 936 0.143
86 19 0.016
86 261 0.023
86 36 0.023
86 271 0.017
86 285 0.015
86 498 0.016
86 404 0.016
86 306 0.031
86 706 0.1
86 855 0.25
86 191 0.021
86 33 0.042
86 229 0.037
86 31 0.026
86 753 0.059
86 115 0.01
86 170 0.011
86 196 0.043
86 459 0.015
86 466 0.028
87 422 0.032
87 154 0.026
87 41 0.015
87 145 0.021
87 50 0.067
87 484 0.053
87 441 0.023
87 493 0.014
87 131 0.022
87 438 0.013
87 626 1.0
87 17 0.016
87 115 0.01
87 513 0.024
87 474 0.016
87 533 0.012
87 153 0.043
87 434 0.007
87 453 0.05
87 155 0.019
87 615 0.025
87 518 0.015
87 363 0.026
87 546 0.014
87 642 0.05
87 495 0.02
87 255 0.022
87 490 0.029
87 106 0.008
87 427 0.021
87 58 0.01
87 269 0.014
87 212 0.01
87 163 0.027
87 404 0.016
87 105 0.009
87 424 0.011
87 643 0.077
87 173 0.016
87 654 0.027
87 249 0.009
87 13 0.016
87 189 0.016
87 87 0.009
87 82 0.008
87 190 0.034
87 665 0.045
87 160 0.005
87 236 0.021
87 223 0.024
87 77 0.056
87 333 0.011
87 282 0.009
87 506 0.02
87 547 0.034
87 23 0.015
87 509 0.021
87 74 0.013
87 459 0.015
87 187 0.026
87 222 0.018
87 107 0.006
87 543 0.03
87 820 0.01
87 180 0.015
87 183 0.007
87 545 0.053
87 412 0.017
87 166 0.008
87 283 0.008
87 329 0.012
87 28 0.01
87 161 0.029
87 303 0.012
87 152 0.017
87 210 0.013
87 371 0.013
87 256 0.008
87 296 0.014
87 81 0.011
87 351 0.023
87 129 0.007
87 365 0.011
87 233 0.022
87 393 0.015
87 49 0.077
87 828 0.053
87 300 0.025
87 211 0.008
87 137 0.013
87 20 0.016
87 353 0.034
87 426 0.022
87 258 0.031
87 215 0.013
87 325 0.038
87 83 0.012
87 859 0.017
87 252 0.012
87 552 0.028
87 856 0.019
87 290 0.015
87 812 0.023
87 304 0.036
87 243 0.022
87 253 0.043
87 208 0.019
87 132 0.019
87 954 0.143
87 21 0.009
87 419 0.014
87 974 0.143
87 128 0.008
87 473 0.013
87 963 0.029
87 326 0.027
87 84 0.021
87 280 0.01
87 661 0.026
87 448 0.03
87 42 0.02
87 909 0.167
87 607 0.038
87 45 0.026
87 227 0.053
88 89 0.018
88 303 0.012
88 88 0.033
88 96 0.01
88 302 0.043
88 304 0.036
88 369 0.167
88 149 0.042
88 0 0.031
88 285 0.015
88 183 0.007
88 806 0.2
88 810 0.333
88 809 0.023
88 252 0.012
88 129 0.007
88 137 0.013
88 210 0.013
88 924 0.1
88 271 0.017
89 96 0.01
89 88 0.033
89 469 0.056
89 474 0.016
89 437 0.038
89 303 0.012
89 136 0.037
89 302 0.043
89 434 0.007
89 304 0.036
89 89 0.018
89 252 0.012
89 63 0.01
89 520 0.021
89 57 0.019
89 91 0.037
89 165 0.011
89 375 0.019
89 552 0.028
89 806 0.2
89 285 0.015
89 438 0.013
89 62 0.006
89 2 0.013
89 159 0.029
89 54 0.024
89 809 0.023
89 411 0.014
89 412 0.017
89 301 0.009
89 59 0.022
89 3 0.016
89 211 0.008
89 58 0.01
89 64 0.007
89 169 0.01
89 76 0.045
89 333 0.011
89 4 0.014
89 114 0.009
89 515 0.026
89 183 0.007
89 215 0.013
89 271 0.017
89 423 0.031
89 845 0.038
89 919 0.091
89 305 0.019
89 925 0.071
89 408 0.026
89 933 0.067
89 10 0.024
89 924 0.1
90 91 0.037
90 106 0.008
90 13 0.016
90 90 0.042
90 474 0.016
90 62 0.006
90 220 0.071
90 108 0.027
90 329 0.012
90 143 0.022
90 328 0.062
90 409 0.033
90 66 0.05
90 425 0.059
90 183 0.007
90 11 0.016
90 469 0.056
90 86 0.006
90 107 0.006
90 478 0.037
90 477 0.091
90 459 0.015
91 469 0.056
91 375 0.019
91 514 0.091
91 474 0.016
91 478 0.037
91 91 0.037
91 64 0.007
91 89 0.018
91 90 0.042
91 329 0.012
91 212 0.01
91 143 0.022
91 356 0.021
91 108 0.027
91 328 0.062
91 357 0.024
91 258 0.031
91 11 0.016
91 183 0.007
91 96 0.01
91 306 0.031
91 107 0.006
91 160 0.005
91 758 0.071
91 66 0.05
91 110 0.111
91 477 0.091
91 989 0.333
91 419 0.014
92 20 0.016
92 22 0.077
92 520 0.021
92 100 0.028
92 538 0.111
92 21 0.009
92 137 0.013
92 96 0.01
92 259 0.04
92 678 0.111
92 287 0.059
92 513 0.024
92 498 0.016
92 530 0.125
92 72 0.167
92 260 0.053
92 326 0.027
92 173 0.016
92 426 0.022
92 11 0.016
92 728 0.062
92 815 0.071
92 80 0.016
92 127 0.062
92 92 0.026
92 86 0.006
92 336 0.031
92 818 0.1
92 723 0.091
92 152 0.017
92 887 0.333
92 685 0.027
92 68 0.026
92 373 0.043
92 400 0.034
92 65 0.025
92 238 0.028
92 105 0.009
92 160 0.005
93 93 0.02
93 41 0.015
93 133 0.014
93 95 0.027
93 172 0.014
93 129 0.007
93 143 0.022
93 183 0.007
93 64 0.007
93 168 0.016
93 27 0.02
93 399 0.056
93 128 0.008
93 78 0.043
93 51 0.016
93 201 0.023
93 280 0.01
93 413 0.042
93 515 0.026
93 493 0.014
93 438 0.013
93 714 0.043
93 526 0.02
93 458 0.024
93 494 0.013
93 62 0.006
93 424 0.011
93 426 0.022
93 513 0.024
93 121 0.006
93 576 0.053
93 543 0.03
93 204 0.036
93 14 0.018
93 647 0.091
93 86 0.006
93 306 0.031
93 197 0.03
93 407 0.045
93 205 0.037
93 260 0.053
93 108 0.027
93 165 0.011
93 40 0.021
93 301 0.009
93 464 0.023
93 940 0.5
93 450 0.019
93 473 0.013
93 16 0.015
93 337 0.027
93 25 0.031
93 361 0.021
93 28 0.01
93 417 0.019
93 443 0.024
93 29 0.021
93 30 0.018
93 116 0.015
93 32 0.031
93 261 0.023
93 114 0.009
93 482 0.029
93 36 0.023
93 336 0.031
93 136 0.037
93 169 0.01
93 39 0.03
93 171 0.026
93 367 0.014
93 135 0.029
93 545 0.053
93 563 0.083
93 789 0.1
93 883 0.091
93 291 0.045
94 201 0.023
94 94 0.027
94 41 0.015
94 204 0.036
94 200 0.029
94 128 0.008
94 494 0.013
94 533 0.012
94 776 0.04
94 207 0.034
94 820 0.01
94 218 0.023
94 95 0.027
94 199 0.026
94 486 0.023
94 593 0.026
94 206 0.023
94 377 0.011
94 440 0.016
94 351 0.023
94 205 0.037
94 320 0.025
94 342 0.023
94 483 0.028
94 214 0.02
94 177 0.024
94 120 0.071
94 917 0.056
94 908 0.05
94 955 0.125
94 918 0.053
94 974 0.143
94 294 0.045
94 86 0.006
95 201 0.023
95 13 0.016
95 41 0.015
95 64 0.007
95 207 0.034
95 95 0.027
95 196 0.043
95 51 0.016
95 199 0.026
95 200 0.029
95 128 0.008
95 167 0.02
95 206 0.023
95 93 0.02
95 218 0.023
95 351 0.023
95 377 0.011
95 205 0.037
95 60 0.026
95 309 0.034
95 214 0.02
95 94 0.027
95 820 0.01
95 143 0.022
95 122 0.048
95 593 0.026
95 197 0.03
95 280 0.01
95 204 0.036
95 123 0.033
95 908 0.05
95 61 0.018
95 232 0.013
95 129 0.007
95 183 0.007
95 203 0.026
95 776 0.04
95 918 0.053
95 6 0.011
95 917 0.056
96 24 0.038
96 96 0.01
96 89 0.018
96 302 0.043
96 115 0.01
96 170 0.011
96 252 0.012
96 135 0.029
96 591 0.143
96 211 0.008
96 375 0.019
96 604 0.125
96 610 0.125
96 56 0.026
96 57 0.019
96 303 0.012
96 619 0.167
96 169 0.01
96 339 0.025
96 417 0.019
96 438 0.013
96 64 0.007
96 21 0.009
96 116 0.015
96 444 0.04
96 6 0.011
96 304 0.036
96 337 0.027
96 86 0.006
96 455 0.02
96 92 0.026
96 88 0.033
96 48 0.022
96 318 0.02
96 100 0.028
96 209 0.017
96 325 0.038
96 131 0.022
96 123 0.033
96 113 0.014
96 245 0.021
96 369 0.167
96 285 0.015
96 261 0.023
96 251 0.032
96 59 0.022
96 76 0.045
96 816 0.056
96 400 0.034
96 58 0.01
96 370 0.071
96 481 0.026
96 361 0.021
96 165 0.011
96 31 0.026
96 427 0.021
96 91 0.037
96 338 0.019
96 66 0.05
96 469 0.056
96 866 0.333
96 867 0.25
96 80 0.016
96 327 0.034
96 329 0.012
96 28 0.01
96 474 0.016
96 114 0.009
96 408 0.026
96 234 0.029
96 236 0.021
96 470 0.048
96 333 0.011
96 23 0.015
96 46 0.015
96 20 0.016
96 340 0.011
96 151 0.024
96 119 0.077
96 263 0.021
96 725 0.083
96 442 0.045
96 423 0.031
96 437 0.038
96 655 0.038
96 47 0.021
96 336 0.031
96 136 0.037
96 367 0.014
96 439 0.333
96 173 0.016
96 10 0.024
96 259 0.04
96 881 1.0
96 326 0.027
96 101 0.04
96 728 0.062
96 121 0.006
96 847 0.036
96 4 0.014
96 924 0.1
96 842 0.5
96 13 0.016
96 242 0.036
96 411 0.014
96 160 0.005
96 107 0.006
97 98 0.043
97 99 0.043
97 100 0.028
97 101 0.04
97 102 0.062
97 300 0.025
97 323 0.032
97 335 0.043
97 768 0.077
97 185 0.1
97 354 0.1
97 124 0.03
97 353 0.034
97 371 0.013
97 404 0.016
97 125 0.05
97 97 0.048
97 533 0.012
97 434 0.007
97 708 0.059
97 618 0.077
97 640 0.059
97 662 0.062
97 5 0.008
98 97 0.048
98 99 0.043
98 323 0.032
98 404 0.016
98 98 0.043
98 100 0.028
98 86 0.006
98 124 0.03
98 125 0.05
98 371 0.013
98 62 0.006
98 64 0.007
98 708 0.059
98 107 0.006
98 353 0.034
98 932 0.019
98 155 0.019
99 107 0.006
99 99 0.043
99 139 0.028
99 98 0.043
99 97 0.048
99 323 0.032
99 353 0.034
99 62 0.006
99 124 0.03
99 100 0.028
99 404 0.016
99 371 0.013
99 101 0.04
99 424 0.011
99 937 0.143
99 640 0.059
99 768 0.077
99 173 0.016
99 82 0.008
100 97 0.048
100 429 0.033
100 92 0.026
100 101 0.04
100 100 0.028
100 117 0.067
100 371 0.013
100 354 0.1
100 107 0.006
100 102 0.062
100 96 0.01
100 98 0.043
100 494 0.013
100 404 0.016
100 708 0.059
100 124 0.03
100 353 0.034
100 323 0.032
100 618 0.077
100 640 0.059
100 768 0.077
100 99 0.043
100 662 0.062
100 125 0.05
100 185 0.1
100 62 0.006
100 262 0.045
100 301 0.009
100 5 0.008
100 687 0.143
100 86 0.006
100 142 0.01
100 424 0.011
100 434 0.007
100 820 0.01
100 937 0.143
100 935 0.25
100 51 0.016
101 101 0.04
101 100 0.028
101 120 0.071
101 98 0.043
101 380 0.03
101 371 0.013
101 768 0.077
101 353 0.034
101 65 0.025
101 404 0.016
101 124 0.03
101 211 0.008
101 323 0.032
101 97 0.048
101 83 0.012
101 125 0.05
101 131 0.022
101 419 0.014
101 96 0.01
101 155 0.019
101 581 0.037
102 97 0.048
102 323 0.032
102 300 0.025
102 2 0.013
102 98 0.043
102 412 0.017
102 100 0.028
102 102 0.062
102 101 0.04
102 405 0.012
102 6 0.011
102 743 0.333
102 64 0.007
102 516 0.083
102 517 0.077
102 411 0.014
102 192 0.053
102 812 0.023
102 3 0.016
102 5 0.008
102 832 0.045
103 104 0.031
103 250 0.033
103 378 0.042
103 377 0.011
103 321 0.027
103 103 0.023
103 526 0.02
103 232 0.013
103 283 0.008
103 582 0.077
103 296 0.014
103 352 0.048
103 295 0.018
103 86 0.006
103 393 0.015
103 368 0.022
103 546 0.014
103 150 0.031
103 60 0.026
103 179 0.02
103 385 0.048
103 61 0.018
103 0 0.031
103 320 0.025
103 392 0.053
103 390 0.034
103 395 0.028
103 394 0.033
103 215 0.013
103 741 0.2
103 389 0.029
103 162 0.02
103 182 0.036
104 103 0.023
104 394 0.033
104 321 0.027
104 377 0.011
104 368 0.022
104 320 0.025
104 61 0.018
104 181 0.022
104 250 0.033
104 388 0.043
104 104 0.031
104 389 0.029
104 393 0.015
104 179 0.02
104 18 0.022
104 295 0.018
105 252 0.012
105 249 0.009
105 473 0.013
105 434 0.007
105 82 0.008
105 393 0.015
105 493 0.014
105 145 0.021
105 147 0.027
105 121 0.006
105 180 0.015
105 569 0.034
105 283 0.008
105 533 0.012
105 142 0.01
105 384 0.062
105 161 0.029
105 280 0.01
105 518 0.015
105 203 0.026
105 363 0.026
105 351 0.023
105 236 0.021
105 16 0.015
105 5 0.008
105 42 0.02
105 427 0.021
105 366 0.012
105 269 0.014
105 212 0.01
105 163 0.027
105 83 0.012
105 154 0.026
105 256 0.008
105 21 0.009
105 233 0.022
105 48 0.022
105 329 0.012
105 362 0.016
105 183 0.007
105 155 0.019
105 160 0.005
105 771 0.125
105 424 0.011
105 166 0.008
105 282 0.009
105 601 0.027
105 87 0.009
105 546 0.014
105 612 0.021
105 41 0.015
105 115 0.01
105 441 0.023
105 17 0.016
105 360 0.036
105 28 0.01
105 404 0.016
105 105 0.009
105 422 0.032
105 495 0.02
105 667 0.036
105 474 0.016
105 153 0.043
105 106 0.008
105 431 0.043
105 243 0.022
105 748 0.048
105 242 0.036
105 158 0.023
105 508 0.038
105 543 0.03
105 820 0.01
105 128 0.008
105 303 0.012
105 419 0.014
105 64 0.007
105 400 0.034
105 114 0.009
105 367 0.014
105 358 0.025
105 81 0.011
105 326 0.027
105 58 0.01
105 654 0.027
105 509 0.021
105 550 0.04
105 450 0.019
105 492 0.043
105 355 0.024
105 285 0.015
105 226 0.022
105 859 0.017
105 420 0.009
105 544 0.036
105 129 0.007
105 453 0.05
105 255 0.022
105 169 0.01
105 199 0.026
105 589 0.062
105 405 0.012
105 371 0.013
105 44 0.011
105 346 0.042
105 86 0.006
105 333 0.011
105 152 0.017
105 92 0.026
105 281 0.022
105 375 0.019
105 357 0.024
105 184 0.014
105 10 0.024
105 80 0.016
105 412 0.017
105 170 0.011
105 347 0.042
105 607 0.038
105 215 0.013
106 187 0.026
106 189 0.016
106 62 0.006
106 249 0.009
106 268 0.034
106 405 0.012
106 44 0.011
106 190 0.034
106 42 0.02
106 16 0.015
106 21 0.009
106 20 0.016
106 495 0.02
106 551 0.083
106 490 0.029
106 459 0.015
106 671 0.04
106 188 0.038
106 589 0.062
106 434 0.007
106 365 0.011
106 147 0.027
106 340 0.011
106 690 0.071
106 160 0.005
106 256 0.008
106 298 0.111
106 582 0.077
106 1 0.02
106 46 0.015
106 129 0.007
106 81 0.011
106 303 0.012
106 212 0.01
106 329 0.012
106 155 0.019
106 87 0.009
106 145 0.021
106 371 0.013
106 549 0.024
106 550 0.04
106 74 0.013
106 221 0.019
106 211 0.008
106 183 0.007
106 462 0.04
106 106 0.008
106 222 0.018
106 107 0.006
106 287 0.059
106 717 0.1
106 420 0.009
106 424 0.011
106 255 0.022
106 355 0.024
106 184 0.014
106 467 0.05
106 73 0.04
106 771 0.125
106 828 0.053
106 300 0.025
106 279 0.111
106 230 0.059
106 356 0.021
106 642 0.05
106 358 0.025
106 223 0.024
106 314 0.031
106 518 0.015
106 419 0.014
106 357 0.024
106 283 0.008
106 169 0.01
106 820 0.01
106 372 0.045
106 373 0.043
106 454 0.143
106 560 0.036
106 885 0.333
106 282 0.009
106 83 0.012
106 142 0.01
106 226 0.022
106 756 0.059
106 132 0.019
106 259 0.04
106 80 0.016
106 68 0.026
106 11 0.016
106 641 0.083
106 295 0.018
106 311 0.032
106 473 0.013
106 5 0.008
106 64 0.007
106 280 0.01
106 114 0.009
106 607 0.038
106 17 0.016
106 546 0.014
106 548 0.05
106 28 0.01
107 113 0.014
107 417 0.019
107 114 0.009
107 137 0.013
107 99 0.043
107 161 0.029
107 4 0.014
107 174 0.015
107 300 0.025
107 256 0.008
107 306 0.031
107 62 0.006
107 115 0.01
107 81 0.011
107 283 0.008
107 357 0.024
107 338 0.019
107 86 0.006
107 404 0.016
107 474 0.016
107 687 0.143
107 258 0.031
107 153 0.043
107 77 0.056
107 17 0.016
107 173 0.016
107 169 0.01
107 46 0.015
107 326 0.027
107 671 0.04
107 355 0.024
107 367 0.014
107 702 0.5
107 453 0.05
107 295 0.018
107 45 0.026
107 147 0.027
107 249 0.009
107 230 0.059
107 58 0.01
107 532 0.05
107 340 0.011
107 280 0.01
107 100 0.028
107 128 0.008
107 41 0.015
107 665 0.045
107 133 0.014
107 170 0.011
107 254 0.034
107 314 0.031
107 480 0.029
107 164 0.026
107 329 0.012
107 405 0.012
107 361 0.021
107 106 0.008
107 132 0.019
107 333 0.011
107 493 0.014
107 74 0.013
107 290 0.015
107 662 0.062
107 506 0.02
107 769 0.333
107 80 0.016
107 19 0.016
107 180 0.015
107 184 0.014
107 371 0.013
107 282 0.009
107 704 0.5
107 375 0.019
107 494 0.013
107 450 0.019
107 152 0.017
107 158 0.023
107 541 0.071
107 418 0.034
107 63 0.01
107 834 1.0
107 518 0.015
107 837 0.5
107 216 0.038
107 428 0.043
107 8 0.029
107 3 0.016
107 820 0.01
107 531 0.022
107 441 0.023
107 87 0.009
107 187 0.026
107 255 0.022
107 253 0.043
107 35 0.019
107 372 0.045
107 281 0.022
107 366 0.012
107 82 0.008
107 828 0.053
107 303 0.012
107 165 0.011
107 28 0.01
107 31 0.026
107 23 0.015
107 16 0.015
107 430 0.024
107 83 0.012
107 57 0.019
107 296 0.014
107 91 0.037
107 44 0.011
107 343 0.05
107 362 0.016
107 327 0.034
107 400 0.034
107 356 0.021
107 212 0.01
107 550 0.04
107 459 0.015
107 163 0.027
107 131 0.022
107 589 0.062
107 420 0.009
107 544 0.036
107 489 0.037
107 427 0.021
107 233 0.022
107 642 0.05
107 495 0.02
107 210 0.013
107 21 0.009
107 269 0.014
107 393 0.015
107 221 0.019
107 211 0.008
107 490 0.029
107 36 0.023
107 107 0.006
107 318 0.02
107 162 0.02
107 2 0.013
107 736 0.167
107 748 0.048
107 747 0.045
107 89 0.018
107 284 0.029
107 98 0.043
107 730 0.111
107 410 0.111
107 252 0.012
107 127 0.062
107 708 0.059
107 279 0.111
107 209 0.017
107 79 0.029
107 434 0.007
107 68 0.026
107 129 0.007
107 401 0.031
107 896 0.048
107 172 0.014
107 395 0.028
107 467 0.05
107 448 0.03
107 142 0.01
107 429 0.033
107 183 0.007
107 809 0.023
107 285 0.015
107 478 0.037
107 139 0.028
107 237 0.043
107 481 0.026
107 319 0.091
107 236 0.021
107 69 0.024
107 932 0.019
107 856 0.019
107 859 0.017
107 70 0.062
107 954 0.143
107 963 0.029
107 690 0.071
107 78 0.043
107 597 0.071
107 438 0.013
107 166 0.008
107 226 0.022
107 726 0.111
107 124 0.03
107 207 0.034
107 64 0.007
107 509 0.021
107 179 0.02
107 468 0.048
107 18 0.022
107 96 0.01
107 591 0.143
107 214 0.02
107 568 0.043
107 201 0.023
107 206 0.023
107 222 0.018
108 109 0.25
108 66 0.05
108 110 0.111
108 111 0.125
108 112 0.059
108 190 0.034
108 509 0.021
108 108 0.027
108 375 0.019
108 357 0.024
108 329 0.012
108 290 0.015
108 420 0.009
108 328 0.062
108 473 0.013
108 81 0.011
108 91 0.037
108 474 0.016
108 143 0.022
108 356 0.021
108 477 0.091
108 514 0.091
108 258 0.031
108 478 0.037
108 90 0.042
108 69 0.024
108 64 0.007
108 300 0.025
108 183 0.007
108 67 0.125
108 469 0.056
108 652 0.25
108 476 0.143
108 93 0.02
108 155 0.019
108 301 0.009
108 409 0.033
109 62 0.006
109 51 0.016
109 108 0.027
109 366 0.012
110 108 0.027
110 111 0.125
110 110 0.111
110 121 0.006
110 474 0.016
110 91 0.037
111 108 0.027
112 108 0.027
112 375 0.019
112 357 0.024
112 112 0.059
112 356 0.021
112 91 0.037
112 368 0.022
112 469 0.056
113 114 0.009
113 160 0.005
113 47 0.021
113 417 0.019
113 151 0.024
113 361 0.021
113 263 0.021
113 444 0.04
113 318 0.02
113 423 0.031
113 245 0.021
113 442 0.045
113 333 0.011
113 443 0.024
113 547 0.034
113 171 0.026
113 28 0.01
113 41 0.015
113 51 0.016
113 250 0.033
113 40 0.021
113 183 0.007
113 133 0.014
113 527 0.067
113 113 0.014
113 455 0.02
113 339 0.025
113 494 0.013
113 96 0.01
113 486 0.023
113 32 0.031
113 115 0.01
113 280 0.01
113 107 0.006
113 485 0.037
113 301 0.009
113 48 0.022
113 168 0.016
113 725 0.083
113 438 0.013
113 478 0.037
113 338 0.019
113 86 0.006
113 76 0.045
113 116 0.015
113 329 0.012
113 26 0.033
113 847 0.036
113 176 0.04
113 426 0.022
113 169 0.01
113 177 0.024
113 36 0.023
113 62 0.006
113 84 0.021
113 434 0.007
113 367 0.014
113 419 0.014
113 914 0.056
113 473 0.013
113 976 0.1
113 925 0.071
113 983 0.333
113 919 0.091
113 23 0.015
113 981 0.091
113 165 0.011
113 220 0.071
113 543 0.03
113 106 0.008
113 556 0.143
113 950 0.022
114 155 0.019
114 113 0.014
114 361 0.021
114 129 0.007
114 263 0.021
114 318 0.02
114 256 0.008
114 365 0.011
114 340 0.011
114 169 0.01
114 527 0.067
114 245 0.021
114 283 0.008
114 63 0.01
114 62 0.006
114 28 0.01
114 165 0.011
114 367 0.014
114 417 0.019
114 371 0.013
114 78 0.043
114 531 0.022
114 208 0.019
114 333 0.011
114 48 0.022
114 495 0.02
114 105 0.009
114 4 0.014
114 210 0.013
114 2 0.013
114 3 0.016
114 137 0.013
114 46 0.015
114 278 0.025
114 115 0.01
114 326 0.027
114 183 0.007
114 363 0.026
114 438 0.013
114 212 0.01
114 444 0.04
114 114 0.009
114 423 0.031
114 486 0.023
114 547 0.034
114 339 0.025
114 121 0.006
114 133 0.014
114 160 0.005
114 82 0.008
114 434 0.007
114 443 0.024
114 442 0.045
114 47 0.021
114 76 0.045
114 485 0.037
114 171 0.026
114 106 0.008
114 166 0.008
114 419 0.014
114 254 0.034
114 464 0.023
114 249 0.009
114 329 0.012
114 290 0.015
114 168 0.016
114 128 0.008
114 211 0.008
114 640 0.059
114 107 0.006
114 229 0.037
114 338 0.019
114 405 0.012
114 455 0.02
114 686 0.125
114 152 0.017
114 81 0.011
114 767 0.167
114 303 0.012
114 355 0.024
114 255 0.022
114 170 0.011
114 184 0.014
114 280 0.01
114 609 0.2
114 145 0.021
114 366 0.012
114 725 0.083
114 426 0.022
114 96 0.01
114 220 0.071
114 44 0.011
114 362 0.016
114 533 0.012
114 116 0.015
114 172 0.014
114 847 0.036
114 83 0.012
114 89 0.018
114 655 0.038
114 51 0.016
114 356 0.021
114 820 0.01
114 30 0.018
114 234 0.029
114 158 0.023
114 21 0.009
114 80 0.016
114 892 0.071
114 300 0.025
114 173 0.016
114 896 0.048
114 375 0.019
114 925 0.071
114 35 0.019
114 24 0.038
114 261 0.023
114 473 0.013
114 87 0.009
114 919 0.091
114 976 0.1
114 39 0.03
114 36 0.023
114 411 0.014
114 983 0.333
114 981 0.091
114 420 0.009
115 116 0.015
115 62 0.006
115 212 0.01
115 169 0.01
115 170 0.011
115 136 0.037
115 427 0.021
115 338 0.019
115 337 0.027
115 436 0.333
115 123 0.033
115 437 0.038
115 165 0.011
115 336 0.031
115 438 0.013
115 251 0.032
115 439 0.333
115 135 0.029
115 339 0.025
115 23 0.015
115 107 0.006
115 115 0.01
115 302 0.043
115 5 0.008
115 252 0.012
115 363 0.026
115 245 0.021
115 114 0.009
115 96 0.01
115 63 0.01
115 87 0.009
115 155 0.019
115 42 0.02
115 280 0.01
115 494 0.013
115 113 0.014
115 420 0.009
115 82 0.008
115 121 0.006
115 455 0.02
115 142 0.01
115 434 0.007
115 424 0.011
115 229 0.037
115 166 0.008
115 612 0.021
115 513 0.024
115 366 0.012
115 184 0.014
115 548 0.05
115 373 0.043
115 64 0.007
115 261 0.023
115 233 0.022
115 58 0.01
115 301 0.009
115 171 0.026
115 38 0.034
115 443 0.024
115 417 0.019
115 333 0.011
115 84 0.021
115 533 0.012
115 753 0.059
115 492 0.043
115 816 0.056
115 453 0.05
115 493 0.014
115 41 0.015
115 361 0.021
115 531 0.022
115 79 0.029
115 160 0.005
115 249 0.009
115 860 0.062
115 28 0.01
115 367 0.014
115 340 0.011
115 173 0.016
115 546 0.014
115 16 0.015
115 283 0.008
115 263 0.021
115 145 0.021
115 105 0.009
115 460 0.023
115 83 0.012
115 615 0.025
115 442 0.045
115 820 0.01
115 128 0.008
115 812 0.023
115 30 0.018
115 486 0.023
115 900 0.042
115 208 0.019
115 172 0.014
115 318 0.02
115 232 0.013
115 31 0.026
115 644 0.083
115 914 0.056
115 355 0.024
115 422 0.032
115 978 0.333
115 932 0.019
115 883 0.091
115 152 0.017
115 987 0.083
115 411 0.014
115 421 0.021
115 163 0.027
116 169 0.01
116 338 0.019
116 336 0.031
116 136 0.037
116 251 0.032
116 361 0.021
116 115 0.01
116 47 0.021
116 27 0.02
116 170 0.011
116 116 0.015
116 339 0.025
116 417 0.019
116 438 0.013
116 245 0.021
116 135 0.029
116 96 0.01
116 337 0.027
116 133 0.014
116 261 0.023
116 531 0.022
116 79 0.029
116 165 0.011
116 123 0.033
116 464 0.023
116 151 0.024
116 113 0.014
116 329 0.012
116 443 0.024
116 29 0.021
116 30 0.018
116 128 0.008
116 280 0.01
116 32 0.031
116 725 0.083
116 34 0.043
116 35 0.019
116 437 0.038
116 340 0.011
116 39 0.03
116 171 0.026
116 40 0.021
116 207 0.034
116 434 0.007
116 370 0.071
116 160 0.005
116 38 0.034
116 816 0.056
116 753 0.059
116 74 0.013
116 263 0.021
116 28 0.01
116 23 0.015
116 114 0.009
116 470 0.048
116 183 0.007
116 655 0.038
116 460 0.023
116 513 0.024
116 129 0.007
116 548 0.05
116 367 0.014
116 914 0.056
116 118 0.042
116 455 0.02
116 420 0.009
116 883 0.091
116 987 0.083
116 411 0.014
117 118 0.042
117 189 0.016
117 100 0.028
117 121 0.006
117 409 0.033
117 211 0.008
117 223 0.024
117 170 0.011
117 62 0.006
117 106 0.008
117 160 0.005
117 117 0.067
117 460 0.023
118 117 0.067
118 118 0.042
118 13 0.016
118 20 0.016
118 84 0.021
118 420 0.009
118 51 0.016
118 511 0.048
118 209 0.017
118 128 0.008
118 301 0.009
118 183 0.007
118 549 0.024
118 495 0.02
118 597 0.071
118 116 0.015
118 279 0.111
118 409 0.033
118 387 0.043
118 651 0.083
118 21 0.009
118 132 0.019
118 756 0.059
118 121 0.006
118 748 0.048
118 83 0.012
118 326 0.027
118 300 0.025
118 667 0.036
119 333 0.011
120 17 0.016
120 79 0.029
120 120 0.071
120 218 0.023
120 5 0.008
120 133 0.014
120 232 0.013
120 94 0.027
120 101 0.04
120 377 0.011
120 758 0.071
120 333 0.011
120 18 0.022
120 0 0.031
121 212 0.01
121 82 0.008
121 105 0.009
121 233 0.022
121 145 0.021
121 546 0.014
121 209 0.017
121 71 0.067
121 121 0.006
121 110 0.111
121 84 0.021
121 83 0.012
121 393 0.015
121 427 0.021
121 41 0.015
121 142 0.01
121 174 0.015
121 283 0.008
121 533 0.012
121 249 0.009
121 371 0.013
121 362 0.016
121 127 0.062
121 468 0.048
121 531 0.022
121 642 0.05
121 114 0.009
121 128 0.008
121 130 0.028
121 169 0.01
121 296 0.014
121 129 0.007
121 187 0.026
121 36 0.023
121 18 0.022
121 63 0.01
121 210 0.013
121 21 0.009
121 107 0.006
121 180 0.015
121 441 0.023
121 44 0.011
121 420 0.009
121 489 0.037
121 256 0.008
121 462 0.04
121 153 0.043
121 355 0.024
121 404 0.016
121 269 0.014
121 46 0.015
121 303 0.012
121 367 0.014
121 115 0.01
121 28 0.01
121 23 0.015
121 495 0.02
121 147 0.027
121 58 0.01
121 285 0.015
121 211 0.008
121 183 0.007
121 137 0.013
121 366 0.012
121 612 0.021
121 189 0.016
121 792 1.0
121 453 0.05
121 493 0.014
121 117 0.067
121 434 0.007
121 186 0.05
121 4 0.014
121 132 0.019
121 10 0.024
121 81 0.011
121 219 0.056
121 290 0.015
121 423 0.031
121 550 0.04
121 544 0.036
121 226 0.022
121 163 0.027
121 490 0.029
121 80 0.016
121 234 0.029
121 767 0.167
121 552 0.028
121 543 0.03
121 281 0.022
121 222 0.018
121 19 0.016
121 357 0.024
121 372 0.045
121 223 0.024
121 474 0.016
121 518 0.015
121 411 0.014
121 714 0.043
121 184 0.014
121 326 0.027
121 480 0.029
121 368 0.022
121 143 0.022
121 661 0.026
121 401 0.031
121 165 0.011
121 282 0.009
121 649 0.111
121 280 0.01
121 68 0.026
121 203 0.026
121 601 0.027
121 345 0.043
121 278 0.025
121 221 0.019
121 17 0.016
121 340 0.011
121 77 0.056
121 820 0.01
121 329 0.012
121 856 0.019
121 365 0.011
121 796 0.25
121 173 0.016
121 333 0.011
121 88 0.033
121 160 0.005
121 1 0.02
121 191 0.021
121 548 0.05
121 228 0.045
121 99 0.043
121 438 0.013
121 747 0.045
121 540 0.125
121 168 0.016
121 172 0.014
121 526 0.02
121 426 0.022
121 93 0.02
121 261 0.023
121 232 0.013
121 78 0.043
121 308 0.029
121 217 0.067
121 432 0.143
121 252 0.012
121 29 0.021
121 306 0.031
121 647 0.091
121 748 0.048
121 230 0.059
121 245 0.021
121 568 0.043
121 236 0.021
121 242 0.036
121 96 0.01
121 726 0.111
121 759 1.0
121 151 0.024
121 353 0.034
121 890 0.5
121 190 0.034
121 12 0.022
121 316 0.026
121 324 0.071
121 288 0.036
121 424 0.011
121 719 0.083
121 520 0.021
121 74 0.013
121 395 0.028
121 356 0.021
121 125 0.05
121 179 0.02
121 30 0.018
121 338 0.019
121 158 0.023
121 27 0.02
121 318 0.02
121 654 0.027
121 15 0.022
121 20 0.016
121 255 0.022
121 253 0.043
121 263 0.021
121 51 0.016
121 116 0.015
121 152 0.017
121 154 0.026
121 118 0.042
121 166 0.008
121 693 0.2
121 301 0.009
121 752 0.2
121 144 0.091
121 615 0.025
121 300 0.025
121 492 0.043
121 87 0.009
121 363 0.026
121 513 0.024
121 373 0.043
121 594 0.167
121 13 0.016
121 254 0.034
121 651 0.083
121 79 0.029
121 131 0.022
121 494 0.013
121 86 0.006
121 859 0.017
121 215 0.013
121 31 0.026
121 963 0.029
121 208 0.019
121 425 0.059
121 473 0.013
121 419 0.014
121 433 0.053
121 458 0.024
122 123 0.033
122 179 0.02
122 122 0.048
122 347 0.042
122 351 0.023
122 376 0.028
122 191 0.021
122 180 0.015
122 60 0.026
122 231 0.02
122 130 0.028
122 656 0.091
122 103 0.023
122 95 0.027
122 167 0.02
122 397 0.029
122 150 0.031
122 515 0.026
122 156 0.05
122 468 0.048
122 168 0.016
122 411 0.014
123 122 0.048
123 103 0.023
123 172 0.014
123 61 0.018
123 123 0.033
123 338 0.019
123 438 0.013
123 41 0.015
123 115 0.01
123 251 0.032
123 169 0.01
123 337 0.027
123 681 0.05
123 116 0.015
123 96 0.01
123 455 0.02
123 180 0.015
123 420 0.009
123 450 0.019
123 31 0.026
123 95 0.027
123 302 0.043
123 275 0.04
123 900 0.042
123 170 0.011
123 165 0.011
123 339 0.025
123 987 0.083
123 411 0.014
124 125 0.05
124 64 0.007
124 124 0.03
124 404 0.016
124 708 0.059
124 424 0.011
124 45 0.026
124 371 0.013
124 99 0.043
124 282 0.009
124 429 0.033
124 592 0.034
124 354 0.1
124 98 0.043
124 97 0.048
124 353 0.034
124 323 0.032
124 618 0.077
124 640 0.059
124 768 0.077
124 100 0.028
124 662 0.062
124 101 0.04
124 185 0.1
124 139 0.028
124 706 0.1
124 166 0.008
124 405 0.012
124 892 0.071
124 300 0.025
124 173 0.016
124 896 0.048
124 142 0.01
124 513 0.024
124 335 0.043
125 353 0.034
125 125 0.05
125 5 0.008
125 283 0.008
125 98 0.043
125 62 0.006
125 404 0.016
125 100 0.028
125 354 0.1
125 708 0.059
125 97 0.048
125 371 0.013
125 323 0.032
125 618 0.077
125 640 0.059
125 99 0.043
125 101 0.04
125 142 0.01
125 937 0.143
125 166 0.008
125 15 0.022
125 124 0.03
125 768 0.077
125 424 0.011
126 13 0.016
126 211 0.008
126 286 0.024
126 58 0.01
126 126 0.036
126 586 0.04
126 552 0.028
126 208 0.019
126 271 0.017
126 137 0.013
126 55 0.029
126 723 0.091
126 698 0.042
126 138 0.034
126 56 0.026
126 411 0.014
126 174 0.015
126 2 0.013
126 57 0.019
126 6 0.011
126 812 0.023
126 285 0.015
126 131 0.022
126 63 0.01
126 54 0.024
127 128 0.008
127 129 0.007
127 130 0.028
127 318 0.02
127 21 0.009
127 20 0.016
127 189 0.016
127 37 0.045
127 105 0.009
127 160 0.005
127 22 0.077
127 92 0.026
127 1 0.02
127 169 0.01
127 107 0.006
127 377 0.011
127 227 0.053
127 533 0.012
127 36 0.023
127 613 0.125
128 86 0.006
128 62 0.006
128 205 0.037
128 128 0.008
128 197 0.03
128 51 0.016
128 41 0.015
128 129 0.007
128 28 0.01
128 593 0.026
128 474 0.016
128 371 0.013
128 114 0.009
128 16 0.015
128 256 0.008
128 165 0.011
128 42 0.02
128 64 0.007
128 143 0.022
128 167 0.02
128 283 0.008
128 365 0.011
128 207 0.034
128 526 0.02
128 215 0.013
128 378 0.042
128 196 0.043
128 166 0.008
128 200 0.029
128 160 0.005
128 107 0.006
128 94 0.027
128 201 0.023
128 21 0.009
128 133 0.014
128 340 0.011
128 169 0.01
128 367 0.014
128 63 0.01
128 95 0.027
128 155 0.019
128 405 0.012
128 346 0.042
128 434 0.007
128 363 0.026
128 206 0.023
128 280 0.01
128 82 0.008
128 172 0.014
128 93 0.02
128 820 0.01
128 218 0.023
128 249 0.009
128 15 0.022
128 362 0.016
128 183 0.007
128 199 0.026
128 35 0.019
128 157 0.019
128 79 0.029
128 53 0.037
128 220 0.071
128 214 0.02
128 327 0.034
128 486 0.023
128 105 0.009
128 44 0.011
128 30 0.018
128 290 0.015
128 36 0.023
128 106 0.008
128 576 0.053
128 420 0.009
128 118 0.042
128 1 0.02
128 81 0.011
128 116 0.015
128 419 0.014
128 204 0.036
128 388 0.043
128 23 0.015
128 5 0.008
128 557 0.067
128 6 0.011
128 210 0.013
128 734 0.077
128 13 0.016
128 203 0.026
128 152 0.017
128 27 0.02
128 494 0.013
128 343 0.05
128 430 0.024
128 917 0.056
128 11 0.016
128 377 0.011
128 940 0.5
128 295 0.018
128 445 0.042
128 121 0.006
128 900 0.042
128 209 0.017
128 87 0.009
128 932 0.019
128 974 0.143
128 607 0.038
128 955 0.125
128 14 0.018
128 490 0.029
128 52 0.056
129 183 0.007
129 270 0.083
129 278 0.025
129 294 0.045
129 168 0.016
129 114 0.009
129 365 0.011
129 450 0.019
129 172 0.014
129 493 0.014
129 256 0.008
129 486 0.023
129 458 0.024
129 600 0.1
129 128 0.008
129 585 0.111
129 572 0.045
129 413 0.042
129 211 0.008
129 371 0.013
129 169 0.01
129 495 0.02
129 329 0.012
129 249 0.009
129 343 0.05
129 568 0.043
129 130 0.028
129 434 0.007
129 180 0.015
129 41 0.015
129 115 0.01
129 173 0.016
129 290 0.015
129 42 0.02
129 165 0.011
129 401 0.031
129 129 0.007
129 93 0.02
129 542 0.071
129 62 0.006
129 280 0.01
129 526 0.02
129 426 0.022
129 53 0.037
129 133 0.014
129 232 0.013
129 440 0.016
129 14 0.018
129 403 0.059
129 292 0.029
129 35 0.019
129 291 0.045
129 46 0.015
129 63 0.01
129 296 0.014
129 714 0.043
129 212 0.01
129 623 0.111
129 275 0.04
129 346 0.042
129 47 0.021
129 405 0.012
129 543 0.03
129 176 0.04
129 198 0.053
129 308 0.029
129 515 0.026
129 186 0.05
129 28 0.01
129 438 0.013
129 340 0.011
129 611 0.04
129 789 0.1
129 694 0.143
129 615 0.025
129 464 0.023
129 840 0.062
129 457 0.04
129 81 0.011
129 44 0.011
129 362 0.016
129 303 0.012
129 210 0.013
129 19 0.016
129 21 0.009
129 106 0.008
129 351 0.023
129 399 0.056
129 160 0.005
129 363 0.026
129 544 0.036
129 107 0.006
129 557 0.067
129 121 0.006
129 166 0.008
129 283 0.008
129 422 0.032
129 87 0.009
129 419 0.014
129 695 0.091
129 214 0.02
129 113 0.014
129 367 0.014
129 576 0.053
129 203 0.026
129 64 0.007
129 460 0.023
129 123 0.033
129 231 0.02
129 820 0.01
129 162 0.02
129 563 0.083
129 285 0.015
129 286 0.024
129 187 0.026
129 430 0.024
129 116 0.015
129 88 0.033
129 188 0.038
129 184 0.014
129 105 0.009
129 65 0.025
129 909 0.167
129 208 0.019
129 86 0.006
129 221 0.019
129 922 0.059
129 562 0.038
129 473 0.013
129 161 0.029
129 748 0.048
129 546 0.014
129 282 0.009
129 484 0.053
129 932 0.019
129 377 0.011
130 130 0.028
131 132 0.019
131 411 0.014
131 271 0.017
131 87 0.009
131 131 0.022
131 366 0.012
131 717 0.1
131 83 0.012
131 163 0.027
131 282 0.009
131 211 0.008
131 58 0.01
131 96 0.01
131 101 0.04
131 481 0.026
131 57 0.019
131 809 0.023
131 532 0.05
131 64 0.007
131 586 0.04
131 63 0.01
131 832 0.045
131 160 0.005
131 249 0.009
131 283 0.008
131 949 0.056
131 612 0.021
131 950 0.022
131 252 0.012
131 859 0.017
131 422 0.032
131 55 0.029
131 305 0.019
131 2 0.013
131 208 0.019
131 552 0.028
131 212 0.01
131 285 0.015
131 54 0.024
131 698 0.042
131 683 0.111
131 373 0.043
131 126 0.036
131 646 0.25
131 604 0.125
131 121 0.006
131 419 0.014
131 82 0.008
131 963 0.029
131 932 0.019
132 411 0.014
132 132 0.019
132 285 0.015
132 271 0.017
132 62 0.006
132 166 0.008
132 283 0.008
132 131 0.022
132 6 0.011
132 305 0.019
132 211 0.008
132 63 0.01
132 282 0.009
132 16 0.015
132 424 0.011
132 256 0.008
132 107 0.006
132 532 0.05
132 160 0.005
132 481 0.026
132 54 0.024
132 158 0.023
132 5 0.008
132 236 0.021
132 371 0.013
132 106 0.008
132 82 0.008
132 121 0.006
132 434 0.007
132 552 0.028
132 58 0.01
132 807 0.167
132 210 0.013
132 242 0.036
132 89 0.018
132 809 0.023
132 192 0.053
132 142 0.01
132 249 0.009
132 366 0.012
132 738 0.031
132 243 0.022
132 86 0.006
132 208 0.019
132 217 0.067
132 252 0.012
132 518 0.015
132 258 0.031
132 46 0.015
132 405 0.012
132 87 0.009
132 301 0.009
132 599 0.333
132 949 0.056
132 194 0.024
132 152 0.017
132 234 0.029
132 859 0.017
133 18 0.022
133 307 0.083
133 399 0.056
133 167 0.02
133 400 0.034
133 133 0.014
133 401 0.031
133 232 0.013
133 291 0.045
133 284 0.029
133 206 0.023
133 402 0.111
133 52 0.056
133 179 0.02
133 403 0.059
133 51 0.016
133 128 0.008
133 280 0.01
133 557 0.067
133 41 0.015
133 201 0.023
133 143 0.022
133 65 0.025
133 568 0.043
133 170 0.011
133 113 0.014
133 64 0.007
133 493 0.014
133 79 0.029
133 114 0.009
133 531 0.022
133 256 0.008
133 445 0.042
133 308 0.029
133 155 0.019
133 107 0.006
133 165 0.011
133 28 0.01
133 340 0.011
133 129 0.007
133 169 0.01
133 367 0.014
133 365 0.011
133 168 0.016
133 160 0.005
133 44 0.011
133 62 0.006
133 183 0.007
133 11 0.016
133 10 0.024
133 172 0.014
133 93 0.02
133 464 0.023
133 292 0.029
133 544 0.036
133 14 0.018
133 30 0.018
133 346 0.042
133 362 0.016
133 166 0.008
133 405 0.012
133 377 0.011
133 162 0.02
133 60 0.026
133 106 0.008
133 208 0.019
133 333 0.011
133 581 0.037
133 337 0.027
133 25 0.031
133 361 0.021
133 27 0.02
133 417 0.019
133 443 0.024
133 116 0.015
133 261 0.023
133 482 0.029
133 336 0.031
133 136 0.037
133 39 0.03
133 171 0.026
133 135 0.029
133 545 0.053
133 547 0.034
133 5 0.008
133 283 0.008
133 42 0.02
133 142 0.01
133 820 0.01
133 419 0.014
133 181 0.022
133 600 0.1
133 420 0.009
134 6 0.011
134 372 0.045
134 553 0.125
134 482 0.029
134 173 0.016
134 521 0.077
134 598 0.125
134 340 0.011
134 554 0.091
134 535 0.111
134 133 0.014
134 74 0.013
134 373 0.043
134 134 0.048
134 5 0.008
134 64 0.007
134 10 0.024
134 867 0.25
134 523 0.062
134 777 0.059
134 766 0.5
135 136 0.037
135 135 0.029
135 336 0.031
135 437 0.038
135 251 0.032
135 96 0.01
135 116 0.015
135 75 0.071
135 115 0.01
135 337 0.027
135 40 0.021
135 409 0.033
135 165 0.011
135 62 0.006
135 361 0.021
135 455 0.02
135 443 0.024
135 338 0.019
135 339 0.025
135 860 0.062
135 23 0.015
135 5 0.008
135 914 0.056
136 115 0.01
136 337 0.027
136 135 0.029
136 251 0.032
136 41 0.015
136 89 0.018
136 464 0.023
136 116 0.015
136 165 0.011
136 27 0.02
136 437 0.038
136 170 0.011
136 455 0.02
136 361 0.021
136 169 0.01
136 151 0.024
136 136 0.037
137 138 0.034
137 137 0.013
137 175 0.125
137 174 0.015
137 208 0.019
137 57 0.019
137 107 0.006
137 92 0.026
137 365 0.011
137 520 0.021
137 59 0.022
137 303 0.012
137 286 0.024
137 301 0.009
137 2 0.013
137 685 0.027
137 121 0.006
137 63 0.01
137 62 0.006
137 571 0.05
137 21 0.009
137 22 0.077
137 56 0.026
137 54 0.024
137 408 0.026
137 281 0.022
137 20 0.016
137 81 0.011
137 211 0.008
137 665 0.045
137 305 0.019
137 4 0.014
137 3 0.016
137 815 0.071
137 129 0.007
137 46 0.015
137 552 0.028
137 329 0.012
137 126 0.036
137 285 0.015
137 166 0.008
137 420 0.009
137 183 0.007
137 139 0.028
137 160 0.005
137 194 0.024
137 859 0.017
137 546 0.014
137 880 0.037
137 812 0.023
137 87 0.009
137 80 0.016
137 6 0.011
137 252 0.012
137 155 0.019
137 58 0.01
137 210 0.013
137 371 0.013
137 272 0.024
137 877 0.125
137 663 0.053
137 679 0.053
137 412 0.017
137 88 0.033
137 164 0.026
137 298 0.111
137 434 0.007
138 137 0.013
138 58 0.01
138 211 0.008
138 286 0.024
138 56 0.026
138 481 0.026
138 409 0.033
138 2 0.013
138 57 0.019
138 160 0.005
138 305 0.019
138 815 0.071
138 408 0.026
138 285 0.015
138 63 0.01
138 685 0.027
138 126 0.036
138 86 0.006
138 54 0.024
138 809 0.023
138 59 0.022
138 252 0.012
138 4 0.014
138 412 0.017
138 420 0.009
138 301 0.009
138 3 0.016
138 990 0.05
138 880 0.037
138 921 0.091
139 140 0.03
139 15 0.022
139 46 0.015
139 129 0.007
139 445 0.042
139 342 0.023
139 164 0.026
139 429 0.033
139 139 0.028
139 269 0.014
139 428 0.043
139 581 0.037
139 446 0.045
139 447 0.036
139 448 0.03
139 461 0.062
139 45 0.026
139 592 0.034
139 273 0.042
139 282 0.009
139 124 0.03
139 819 0.2
139 216 0.038
139 334 0.056
139 107 0.006
139 335 0.043
139 76 0.045
139 933 0.067
139 541 0.071
139 274 0.043
140 139 0.028
140 446 0.045
140 447 0.036
140 448 0.03
140 174 0.015
140 269 0.014
140 5 0.008
140 164 0.026
140 429 0.033
140 322 0.05
140 428 0.043
140 334 0.056
140 6 0.011
140 46 0.015
140 15 0.022
140 644 0.083
140 45 0.026
140 282 0.009
140 592 0.034
140 461 0.062
140 617 0.167
140 216 0.038
140 819 0.2
140 274 0.043
140 64 0.007
140 335 0.043
140 140 0.03
140 272 0.024
140 929 0.091
140 301 0.009
140 735 0.167
141 142 0.01
141 332 0.056
141 7 0.02
141 430 0.024
141 466 0.028
141 64 0.007
141 359 0.05
141 529 0.031
141 498 0.016
141 362 0.016
141 496 0.05
141 674 0.111
141 510 0.053
141 506 0.02
141 62 0.006
141 44 0.011
141 11 0.016
141 566 0.062
141 8 0.029
141 86 0.006
141 161 0.029
141 729 0.125
141 452 0.034
141 12 0.022
141 421 0.021
141 51 0.016
141 499 0.026
141 213 0.028
141 14 0.018
141 141 0.015
141 266 0.043
141 504 0.028
141 265 0.032
141 249 0.009
141 365 0.011
141 19 0.016
141 438 0.013
141 327 0.034
141 166 0.008
141 431 0.043
141 488 0.143
141 358 0.025
141 232 0.013
141 6 0.011
141 502 0.056
141 81 0.011
141 573 0.059
141 9 0.037
141 856 0.019
141 608 0.043
141 360 0.036
141 661 0.026
141 602 0.05
141 525 0.029
141 407 0.045
141 533 0.012
141 5 0.008
141 672 0.077
141 666 0.062
141 293 0.062
141 957 0.1
141 951 0.111
141 913 0.059
141 420 0.009
141 601 0.027
141 107 0.006
141 922 0.059
142 355 0.024
142 187 0.026
142 576 0.053
142 282 0.009
142 450 0.019
142 283 0.008
142 41 0.015
142 183 0.007
142 366 0.012
142 121 0.006
142 210 0.013
142 236 0.021
142 23 0.015
142 427 0.021
142 248 0.05
142 74 0.013
142 254 0.034
142 152 0.017
142 667 0.036
142 31 0.026
142 353 0.034
142 285 0.015
142 172 0.014
142 474 0.016
142 163 0.027
142 62 0.006
142 571 0.05
142 19 0.016
142 226 0.022
142 115 0.01
142 367 0.014
142 338 0.019
142 83 0.012
142 82 0.008
142 85 0.029
142 4 0.014
142 820 0.01
142 58 0.01
142 84 0.021
142 233 0.022
142 393 0.015
142 508 0.038
142 441 0.023
142 434 0.007
142 340 0.011
142 216 0.038
142 333 0.011
142 458 0.024
142 80 0.016
142 166 0.008
142 184 0.014
142 291 0.045
142 467 0.05
142 375 0.019
142 303 0.012
142 424 0.011
142 165 0.011
142 20 0.016
142 77 0.056
142 253 0.043
142 756 0.059
142 828 0.053
142 131 0.022
142 269 0.014
142 180 0.015
142 856 0.019
142 404 0.016
142 493 0.014
142 153 0.043
142 17 0.016
142 173 0.016
142 453 0.05
142 147 0.027
142 812 0.023
142 64 0.007
142 577 0.2
142 106 0.008
142 142 0.01
142 593 0.026
142 357 0.024
142 418 0.034
142 100 0.028
142 125 0.05
142 356 0.021
142 747 0.045
142 494 0.013
142 86 0.006
142 300 0.025
142 896 0.048
142 280 0.01
142 263 0.021
142 129 0.007
142 45 0.026
142 963 0.029
142 105 0.009
142 145 0.021
142 160 0.005
142 222 0.018
142 124 0.03
142 88 0.033
142 859 0.017
142 271 0.017
142 10 0.024
142 211 0.008
142 81 0.011
142 531 0.022
142 128 0.008
142 28 0.01
142 133 0.014
142 44 0.011
142 296 0.014
142 1 0.02
142 783 0.25
142 256 0.008
142 483 0.028
142 932 0.019
142 597 0.071
142 46 0.015
142 68 0.026
142 151 0.024
143 143 0.022
143 51 0.016
143 133 0.014
143 375 0.019
143 484 0.053
143 41 0.015
143 474 0.016
143 329 0.012
143 478 0.037
143 340 0.011
143 357 0.024
143 62 0.006
143 419 0.014
143 328 0.062
143 90 0.042
143 93 0.02
143 290 0.015
143 413 0.042
143 108 0.027
143 91 0.037
143 548 0.05
143 201 0.023
143 469 0.056
143 86 0.006
143 166 0.008
143 480 0.029
143 10 0.024
143 197 0.03
143 326 0.027
143 128 0.008
143 172 0.014
143 758 0.071
143 325 0.038
143 142 0.01
143 121 0.006
143 18 0.022
143 82 0.008
143 482 0.029
143 714 0.043
143 42 0.02
143 405 0.012
144 145 0.021
144 254 0.034
144 186 0.05
144 492 0.043
144 546 0.014
144 283 0.008
144 166 0.008
144 433 0.053
144 434 0.007
144 144 0.091
145 87 0.009
145 252 0.012
145 121 0.006
145 212 0.01
145 42 0.02
145 427 0.021
145 145 0.021
145 233 0.022
145 105 0.009
145 546 0.014
145 249 0.009
145 462 0.04
145 106 0.008
145 571 0.05
145 615 0.025
145 160 0.005
145 434 0.007
145 474 0.016
145 58 0.01
145 300 0.025
145 256 0.008
145 303 0.012
145 828 0.053
145 771 0.125
145 269 0.014
145 518 0.015
145 46 0.015
145 144 0.091
145 271 0.017
145 170 0.011
145 114 0.009
145 591 0.143
145 115 0.01
145 188 0.038
145 255 0.022
145 4 0.014
145 21 0.009
145 393 0.015
145 422 0.032
145 856 0.019
145 147 0.027
145 832 0.045
145 187 0.026
145 17 0.016
145 290 0.015
145 166 0.008
145 180 0.015
145 333 0.011
145 299 0.048
145 239 0.091
145 950 0.022
145 366 0.012
145 163 0.027
145 283 0.008
145 86 0.006
145 83 0.012
145 404 0.016
145 999 1.0
145 326 0.027
145 20 0.016
145 612 0.021
146 147 0.027
146 0 0.031
146 146 0.071
146 52 0.056
146 67 0.125
146 66 0.05
146 187 0.026
146 779 0.5
146 1 0.02
146 299 0.048
146 615 0.025
146 18 0.022
146 81 0.011
146 189 0.016
146 601 0.027
146 166 0.008
146 316 0.026
146 368 0.022
146 177 0.024
146 120 0.071
146 21 0.009
146 17 0.016
146 183 0.007
146 85 0.029
146 160 0.005
146 226 0.022
146 533 0.012
147 62 0.006
147 249 0.009
147 212 0.01
147 42 0.02
147 105 0.009
147 152 0.017
147 87 0.009
147 460 0.023
147 434 0.007
147 189 0.016
147 160 0.005
147 1 0.02
147 329 0.012
147 85 0.029
147 106 0.008
147 316 0.026
147 612 0.021
147 424 0.011
147 615 0.025
147 166 0.008
147 82 0.008
147 121 0.006
147 533 0.012
147 173 0.016
147 269 0.014
147 233 0.022
147 115 0.01
147 107 0.006
147 254 0.034
147 546 0.014
147 366 0.012
147 301 0.009
147 513 0.024
147 644 0.083
147 17 0.016
147 145 0.021
147 142 0.01
147 13 0.016
147 83 0.012
147 422 0.032
147 154 0.026
147 155 0.019
147 473 0.013
147 932 0.019
147 859 0.017
148 149 0.042
148 468 0.048
148 402 0.111
148 344 0.071
148 191 0.021
148 148 0.071
148 262 0.045
148 434 0.007
148 377 0.011
148 349 0.056
148 180 0.015
148 150 0.031
148 401 0.031
148 179 0.02
148 224 0.1
148 280 0.01
148 225 0.04
149 148 0.071
149 149 0.042
149 277 0.062
149 284 0.029
149 180 0.015
149 157 0.019
149 191 0.021
149 344 0.071
149 420 0.009
149 440 0.016
149 88 0.033
149 64 0.007
149 655 0.038
149 575 0.091
149 206 0.023
149 160 0.005
149 167 0.02
149 349 0.056
149 490 0.029
149 621 0.077
149 347 0.042
149 179 0.02
149 6 0.011
149 381 0.037
149 150 0.031
149 656 0.091
150 103 0.023
150 150 0.031
150 393 0.015
150 377 0.011
150 368 0.022
150 104 0.031
150 181 0.022
150 60 0.026
150 397 0.029
150 250 0.033
150 148 0.071
150 381 0.037
150 741 0.2
150 191 0.021
150 301 0.009
150 149 0.042
150 820 0.01
150 295 0.018
150 122 0.048
150 378 0.042
150 215 0.013
150 179 0.02
150 389 0.029
151 28 0.01
151 438 0.013
151 35 0.019
151 34 0.043
151 29 0.021
151 753 0.059
151 39 0.03
151 30 0.018
151 417 0.019
151 361 0.021
151 367 0.014
151 136 0.037
151 151 0.024
151 261 0.023
151 748 0.048
151 165 0.011
151 85 0.029
151 37 0.045
151 655 0.038
151 251 0.032
151 24 0.038
151 424 0.011
151 494 0.013
151 121 0.006
151 427 0.021
151 86 0.006
151 23 0.015
151 32 0.031
151 142 0.01
151 816 0.056
151 27 0.02
152 153 0.043
152 147 0.027
152 467 0.05
152 62 0.006
152 364 0.111
152 121 0.006
152 492 0.043
152 212 0.01
152 256 0.008
152 41 0.015
152 269 0.014
152 365 0.011
152 183 0.007
152 333 0.011
152 518 0.015
152 433 0.053
152 366 0.012
152 154 0.026
152 114 0.009
152 283 0.008
152 107 0.006
152 166 0.008
152 160 0.005
152 340 0.011
152 70 0.062
152 84 0.021
152 288 0.036
152 116 0.015
152 87 0.009
152 92 0.026
152 79 0.029
152 431 0.043
152 355 0.024
152 440 0.016
152 74 0.013
152 612 0.021
152 49 0.077
152 271 0.017
152 82 0.008
152 115 0.01
152 404 0.016
152 187 0.026
152 132 0.019
152 21 0.009
152 458 0.024
152 395 0.028
152 494 0.013
152 86 0.006
153 152 0.017
153 62 0.006
153 366 0.012
153 107 0.006
153 282 0.009
153 142 0.01
153 87 0.009
153 212 0.01
153 612 0.021
153 434 0.007
153 283 0.008
153 256 0.008
153 16 0.015
153 301 0.009
153 154 0.026
153 121 0.006
153 160 0.005
153 654 0.027
153 105 0.009
153 333 0.011
153 249 0.009
153 50 0.067
153 856 0.019
153 23 0.015
153 393 0.015
153 404 0.016
153 493 0.014
153 83 0.012
153 58 0.01
153 427 0.021
153 474 0.016
153 180 0.015
153 49 0.077
153 424 0.011
153 115 0.01
153 173 0.016
153 820 0.01
153 859 0.017
153 86 0.006
153 166 0.008
153 494 0.013
153 82 0.008
153 984 0.333
153 932 0.019
153 422 0.032
153 211 0.008
154 155 0.019
154 87 0.009
154 363 0.026
154 62 0.006
154 518 0.015
154 173 0.016
154 105 0.009
154 533 0.012
154 434 0.007
154 647 0.091
154 269 0.014
154 412 0.017
154 183 0.007
154 654 0.027
154 107 0.006
154 154 0.026
154 393 0.015
154 422 0.032
154 513 0.024
154 546 0.014
154 252 0.012
154 209 0.017
154 493 0.014
154 474 0.016
154 17 0.016
154 114 0.009
154 820 0.01
154 932 0.019
154 492 0.043
154 106 0.008
154 495 0.02
154 236 0.021
154 424 0.011
154 954 0.143
154 282 0.009
154 963 0.029
155 213 0.028
155 215 0.013
155 114 0.009
155 208 0.019
155 284 0.029
155 285 0.015
155 512 0.25
155 518 0.015
155 429 0.033
155 470 0.048
155 393 0.015
155 188 0.038
155 520 0.021
155 154 0.026
155 87 0.009
155 31 0.026
155 128 0.008
155 495 0.02
155 106 0.008
155 1 0.02
155 223 0.024
155 211 0.008
155 363 0.026
155 209 0.017
155 351 0.023
155 46 0.015
155 145 0.021
155 655 0.038
155 337 0.027
155 420 0.009
155 153 0.043
155 18 0.022
155 326 0.027
155 81 0.011
155 130 0.028
155 189 0.016
155 19 0.016
155 301 0.009
155 95 0.027
155 183 0.007
155 546 0.014
155 855 0.25
155 849 0.143
155 173 0.016
155 739 0.167
155 221 0.019
155 150 0.031
155 181 0.022
155 108 0.027
155 187 0.026
155 22 0.077
155 147 0.027
155 541 0.071
155 589 0.062
155 98 0.043
155 44 0.011
155 486 0.023
155 236 0.021
155 104 0.031
155 593 0.026
155 157 0.019
155 377 0.011
155 877 0.125
156 157 0.019
156 179 0.02
156 191 0.021
156 342 0.023
156 697 0.167
156 645 0.2
156 377 0.011
156 180 0.015
156 349 0.056
156 381 0.037
156 232 0.013
156 907 0.083
156 345 0.043
156 122 0.048
156 906 0.25
156 321 0.027
156 734 0.077
157 395 0.028
157 191 0.021
157 396 0.071
157 6 0.011
157 64 0.007
157 377 0.011
157 379 0.029
157 376 0.028
157 5 0.008
157 397 0.029
157 156 0.05
157 157 0.019
157 342 0.023
157 345 0.043
157 346 0.042
157 214 0.02
157 350 0.05
157 351 0.023
157 483 0.028
157 668 1.0
157 352 0.048
157 61 0.018
157 380 0.03
157 179 0.02
157 681 0.05
157 178 0.034
157 719 0.083
157 296 0.014
157 489 0.037
157 388 0.043
157 104 0.031
157 381 0.037
157 389 0.029
157 392 0.053
157 393 0.015
157 320 0.025
157 378 0.042
157 103 0.023
157 382 0.2
157 181 0.022
157 383 0.167
157 283 0.008
157 385 0.048
157 386 0.125
157 387 0.043
157 390 0.034
157 394 0.033
157 250 0.033
157 398 0.25
157 368 0.022
157 60 0.026
157 150 0.031
157 295 0.018
157 308 0.029
157 391 0.053
157 321 0.027
157 182 0.036
157 344 0.071
157 231 0.02
157 53 0.037
157 149 0.042
157 128 0.008
157 384 0.062
157 284 0.029
157 130 0.028
157 174 0.015
157 347 0.042
157 180 0.015
157 734 0.077
157 278 0.025
158 159 0.029
158 62 0.006
158 237 0.043
158 209 0.017
158 238 0.028
158 241 0.05
158 242 0.036
158 599 0.333
158 210 0.013
158 158 0.023
158 639 0.167
158 107 0.006
158 234 0.029
158 240 0.05
158 174 0.015
158 233 0.022
158 132 0.019
158 319 0.091
158 235 0.056
158 236 0.021
158 243 0.022
158 244 0.037
158 3 0.016
158 63 0.01
158 4 0.014
158 2 0.013
158 137 0.013
158 239 0.091
158 105 0.009
158 405 0.012
158 434 0.007
158 89 0.018
158 58 0.01
158 121 0.006
158 931 0.077
158 927 0.111
158 930 0.071
158 926 0.083
158 950 0.022
158 963 0.029
159 209 0.017
159 233 0.022
159 237 0.043
159 210 0.013
159 234 0.029
159 238 0.028
159 158 0.023
159 235 0.056
159 240 0.05
159 236 0.021
159 241 0.05
159 242 0.036
159 243 0.022
159 244 0.037
159 631 0.333
159 159 0.029
159 11 0.016
159 89 0.018
159 62 0.006
159 440 0.016
159 215 0.013
159 105 0.009
159 434 0.007
159 301 0.009
159 820 0.01
159 303 0.012
159 460 0.023
159 931 0.077
159 963 0.029
159 160 0.005
159 926 0.083
159 927 0.111
159 166 0.008
160 161 0.029
160 28 0.01
160 23 0.015
160 187 0.026
160 190 0.034
160 113 0.014
160 263 0.021
160 405 0.012
160 18 0.022
160 284 0.029
160 362 0.016
160 300 0.025
160 180 0.015
160 45 0.026
160 321 0.027
160 61 0.018
160 319 0.091
160 338 0.019
160 314 0.031
160 17 0.016
160 42 0.02
160 367 0.014
160 377 0.011
160 106 0.008
160 280 0.01
160 41 0.015
160 320 0.025
160 133 0.014
160 478 0.037
160 81 0.011
160 453 0.05
160 51 0.016
160 237 0.043
160 165 0.011
160 104 0.031
160 4 0.014
160 153 0.043
160 495 0.02
160 147 0.027
160 233 0.022
160 114 0.009
160 103 0.023
160 393 0.015
160 35 0.019
160 467 0.05
160 430 0.024
160 337 0.027
160 336 0.031
160 135 0.029
160 576 0.053
160 361 0.021
160 446 0.045
160 136 0.037
160 380 0.03
160 474 0.016
160 258 0.031
160 557 0.067
160 397 0.029
160 58 0.01
160 417 0.019
160 318 0.02
160 401 0.031
160 173 0.016
160 250 0.033
160 242 0.036
160 150 0.031
160 145 0.021
160 323 0.032
160 163 0.027
160 128 0.008
160 130 0.028
160 80 0.016
160 251 0.032
160 352 0.048
160 441 0.023
160 212 0.01
160 394 0.033
160 748 0.048
160 55 0.029
160 179 0.02
160 343 0.05
160 641 0.083
160 90 0.042
160 181 0.022
160 685 0.027
160 298 0.111
160 342 0.023
160 249 0.009
160 89 0.018
160 68 0.026
160 63 0.01
160 481 0.026
160 356 0.021
160 132 0.019
160 482 0.029
160 78 0.043
160 345 0.043
160 184 0.014
160 189 0.016
160 468 0.048
160 224 0.1
160 278 0.025
160 129 0.007
160 340 0.011
160 520 0.021
160 294 0.045
160 368 0.022
160 142 0.01
160 44 0.011
160 270 0.083
160 611 0.04
160 486 0.023
160 375 0.019
160 296 0.014
160 183 0.007
160 681 0.05
160 509 0.021
160 69 0.024
160 388 0.043
160 541 0.071
160 201 0.023
160 232 0.013
160 562 0.038
160 667 0.036
160 236 0.021
160 404 0.016
160 138 0.034
160 216 0.038
160 349 0.056
160 376 0.028
160 730 0.111
160 20 0.016
160 400 0.034
160 21 0.009
160 116 0.015
160 79 0.029
160 428 0.043
160 2 0.013
160 87 0.009
160 426 0.022
160 329 0.012
160 171 0.026
160 127 0.062
160 672 0.077
160 210 0.013
160 115 0.01
160 169 0.01
160 166 0.008
160 786 0.2
160 292 0.029
160 269 0.014
160 137 0.013
160 379 0.029
160 548 0.05
160 164 0.026
160 316 0.026
160 326 0.027
160 448 0.03
160 281 0.022
160 158 0.023
160 285 0.015
160 381 0.037
160 820 0.01
160 170 0.011
160 214 0.02
160 828 0.053
160 47 0.021
160 65 0.025
160 262 0.045
160 333 0.011
160 206 0.023
160 435 0.25
160 286 0.024
160 230 0.059
160 464 0.023
160 12 0.022
160 690 0.071
160 466 0.028
160 3 0.016
160 275 0.04
160 424 0.011
160 226 0.022
160 539 0.143
160 188 0.038
160 666 0.062
160 139 0.028
160 480 0.029
160 736 0.167
160 776 0.04
160 306 0.031
160 591 0.143
160 610 0.125
160 19 0.016
160 351 0.023
160 197 0.03
160 91 0.037
160 303 0.012
160 369 0.167
160 427 0.021
160 8 0.029
160 143 0.022
160 410 0.111
160 40 0.021
160 493 0.014
160 159 0.029
160 245 0.021
160 221 0.019
160 452 0.034
160 140 0.03
160 30 0.018
160 207 0.034
160 592 0.034
160 149 0.042
160 385 0.048
160 29 0.021
160 36 0.023
160 191 0.021
160 504 0.028
160 148 0.071
160 663 0.053
160 327 0.034
160 152 0.017
160 310 0.042
160 856 0.019
160 832 0.045
160 10 0.024
160 818 0.1
160 160 0.005
160 209 0.017
160 778 0.2
160 141 0.015
160 54 0.024
160 85 0.029
160 371 0.013
160 66 0.05
160 519 0.143
160 107 0.006
160 302 0.043
160 59 0.022
160 25 0.031
160 283 0.008
160 83 0.012
160 57 0.019
160 550 0.04
160 549 0.024
160 56 0.026
160 526 0.02
160 193 0.04
160 498 0.016
160 552 0.028
160 621 0.077
160 551 0.083
160 67 0.125
160 240 0.05
160 559 0.167
160 812 0.023
160 747 0.045
160 882 0.5
160 355 0.024
160 261 0.023
160 131 0.022
160 156 0.05
160 312 0.048
160 395 0.028
160 353 0.034
160 533 0.012
160 589 0.062
160 347 0.042
160 218 0.023
160 892 0.071
160 896 0.048
160 108 0.027
160 223 0.024
160 431 0.043
160 418 0.034
160 582 0.077
160 506 0.02
160 264 0.037
160 252 0.012
160 458 0.024
160 27 0.02
160 279 0.111
160 308 0.029
160 573 0.059
160 195 0.034
160 268 0.034
160 877 0.125
160 724 0.5
160 512 0.25
160 282 0.009
160 287 0.059
160 859 0.017
160 454 0.143
160 117 0.067
160 406 0.04
160 717 0.1
160 471 0.125
160 413 0.042
160 501 0.071
160 255 0.022
160 162 0.02
160 205 0.037
160 222 0.018
160 809 0.023
160 906 0.25
160 256 0.008
160 445 0.042
160 484 0.053
160 92 0.026
160 676 0.25
160 440 0.016
160 389 0.029
160 963 0.029
160 821 1.0
160 200 0.029
160 123 0.033
160 82 0.008
160 880 0.037
160 96 0.01
160 194 0.024
160 423 0.031
160 826 0.045
160 799 0.2
160 492 0.043
160 339 0.025
160 490 0.029
160 601 0.027
160 15 0.022
160 228 0.045
160 429 0.033
160 529 0.031
160 496 0.05
160 857 0.25
160 346 0.042
161 7 0.02
161 12 0.022
161 569 0.034
161 161 0.029
161 121 0.006
161 267 0.056
161 19 0.016
161 363 0.026
161 44 0.011
161 666 0.062
161 141 0.015
161 160 0.005
161 405 0.012
161 358 0.025
161 314 0.031
161 504 0.028
161 496 0.05
161 87 0.009
161 707 0.029
161 661 0.026
161 555 0.067
161 754 0.045
161 264 0.037
161 265 0.032
161 452 0.034
161 129 0.007
162 288 0.036
162 71 0.067
162 84 0.021
162 492 0.043
162 532 0.05
162 541 0.071
162 393 0.015
162 190 0.034
162 433 0.053
162 549 0.024
162 163 0.027
162 404 0.016
162 249 0.009
162 58 0.01
162 2 0.013
162 295 0.018
162 323 0.032
162 820 0.01
162 63 0.01
162 283 0.008
162 253 0.043
162 643 0.077
162 333 0.011
162 432 0.143
162 321 0.027
162 31 0.026
162 654 0.027
162 90 0.042
162 169 0.01
162 184 0.014
162 195 0.034
162 50 0.067
162 412 0.017
162 747 0.045
162 389 0.029
162 468 0.048
162 212 0.01
162 15 0.022
162 181 0.022
162 133 0.014
162 186 0.05
162 236 0.021
163 72 0.167
163 459 0.015
163 212 0.01
163 106 0.008
163 82 0.008
163 121 0.006
163 105 0.009
163 249 0.009
163 160 0.005
163 166 0.008
163 601 0.027
163 282 0.009
163 366 0.012
163 142 0.01
163 162 0.02
163 87 0.009
163 612 0.021
163 434 0.007
163 62 0.006
163 83 0.012
163 115 0.01
163 546 0.014
163 377 0.011
163 518 0.015
163 107 0.006
163 154 0.026
163 422 0.032
163 86 0.006
163 615 0.025
163 533 0.012
163 145 0.021
163 373 0.043
163 643 0.077
163 654 0.027
163 411 0.014
163 20 0.016
163 934 0.25
163 5 0.008
163 932 0.019
163 42 0.02
163 170 0.011
163 420 0.009
164 139 0.028
164 216 0.038
164 46 0.015
164 388 0.043
164 429 0.033
164 174 0.015
164 335 0.043
164 334 0.056
164 140 0.03
164 164 0.026
164 269 0.014
164 15 0.022
164 107 0.006
164 62 0.006
164 592 0.034
164 395 0.028
164 272 0.024
164 695 0.091
164 428 0.043
164 535 0.111
164 446 0.045
164 748 0.048
164 322 0.05
164 448 0.03
164 160 0.005
164 45 0.026
164 447 0.036
164 16 0.015
164 424 0.011
164 96 0.01
164 273 0.042
164 170 0.011
164 2 0.013
164 412 0.017
164 735 0.167
164 929 0.091
164 64 0.007
164 137 0.013
164 520 0.021
164 281 0.022
164 579 0.062
165 166 0.008
165 115 0.01
165 28 0.01
165 114 0.009
165 169 0.01
165 367 0.014
165 337 0.027
165 361 0.021
165 27 0.02
165 30 0.018
165 116 0.015
165 133 0.014
165 165 0.011
165 336 0.031
165 136 0.037
165 135 0.029
165 212 0.01
165 129 0.007
165 280 0.01
165 25 0.031
165 417 0.019
165 443 0.024
165 261 0.023
165 482 0.029
165 39 0.03
165 545 0.053
165 420 0.009
165 339 0.025
165 256 0.008
165 364 0.111
165 186 0.05
165 128 0.008
165 409 0.033
165 29 0.021
165 725 0.083
165 33 0.042
165 34 0.043
165 35 0.019
165 338 0.019
165 38 0.034
165 547 0.034
165 13 0.016
165 36 0.023
165 340 0.011
165 437 0.038
165 464 0.023
165 160 0.005
165 531 0.022
165 151 0.024
165 32 0.031
165 245 0.021
165 171 0.026
165 251 0.032
165 40 0.021
165 170 0.011
165 23 0.015
165 119 0.077
165 438 0.013
165 329 0.012
165 434 0.007
165 167 0.02
165 93 0.02
165 123 0.033
165 550 0.04
165 490 0.029
165 226 0.022
165 96 0.01
165 223 0.024
165 816 0.056
165 31 0.026
165 229 0.037
165 47 0.021
165 365 0.011
165 107 0.006
165 362 0.016
165 290 0.015
165 51 0.016
165 860 0.062
165 533 0.012
165 142 0.01
165 820 0.01
165 883 0.091
165 121 0.006
165 183 0.007
165 64 0.007
165 89 0.018
165 75 0.071
165 82 0.008
165 900 0.042
165 914 0.056
165 48 0.022
165 492 0.043
165 79 0.029
165 494 0.013
165 753 0.059
165 26 0.033
165 847 0.036
165 590 0.036
165 844 0.5
165 86 0.006
165 105 0.009
166 424 0.011
166 165 0.011
166 283 0.008
166 132 0.019
166 44 0.011
166 373 0.043
166 742 0.333
166 114 0.009
166 128 0.008
166 355 0.024
166 431 0.043
166 434 0.007
166 601 0.027
166 107 0.006
166 559 0.167
166 168 0.016
166 187 0.026
166 84 0.021
166 160 0.005
166 282 0.009
166 64 0.007
166 142 0.01
166 366 0.012
166 86 0.006
166 210 0.013
166 214 0.02
166 576 0.053
166 159 0.029
166 174 0.015
166 137 0.013
166 353 0.034
166 74 0.013
166 173 0.016
166 209 0.017
166 147 0.027
166 820 0.01
166 115 0.01
166 58 0.01
166 493 0.014
166 141 0.015
166 664 0.111
166 93 0.02
166 243 0.022
166 129 0.007
166 158 0.023
166 2 0.013
166 399 0.056
166 506 0.02
166 427 0.021
166 377 0.011
166 12 0.022
166 23 0.015
166 156 0.05
166 880 0.037
166 178 0.034
166 611 0.04
166 573 0.059
166 20 0.016
166 194 0.024
166 393 0.015
166 250 0.033
166 882 0.5
166 666 0.062
166 347 0.042
166 139 0.028
166 249 0.009
166 87 0.009
166 140 0.03
166 55 0.029
166 856 0.019
166 221 0.019
166 223 0.024
166 351 0.023
166 184 0.014
166 163 0.027
166 404 0.016
166 19 0.016
166 28 0.01
166 376 0.028
166 133 0.014
166 426 0.022
166 786 0.2
166 380 0.03
166 818 0.1
166 799 0.2
166 405 0.012
166 300 0.025
166 303 0.012
166 218 0.023
166 641 0.083
166 69 0.024
166 127 0.062
166 296 0.014
166 61 0.018
166 54 0.024
166 83 0.012
166 422 0.032
166 82 0.008
166 81 0.011
166 222 0.018
166 950 0.022
166 212 0.01
166 290 0.015
166 536 0.091
166 252 0.012
166 269 0.014
166 234 0.029
166 340 0.011
166 459 0.015
166 756 0.059
166 166 0.008
166 242 0.036
166 320 0.025
166 429 0.033
166 446 0.045
166 143 0.022
166 42 0.02
166 1000 0.2
166 4 0.014
166 150 0.031
166 0 0.031
166 181 0.022
166 857 0.25
166 529 0.031
166 3 0.016
167 168 0.016
167 167 0.02
167 201 0.023
167 133 0.014
167 18 0.022
167 280 0.01
167 41 0.015
167 51 0.016
167 351 0.023
167 53 0.037
167 203 0.026
167 204 0.036
167 60 0.026
167 491 0.143
167 377 0.011
167 231 0.02
167 468 0.048
167 749 0.2
167 196 0.043
167 206 0.023
167 342 0.023
167 14 0.018
167 199 0.026
167 128 0.008
167 218 0.023
167 820 0.01
167 95 0.027
167 165 0.011
167 182 0.036
167 339 0.025
167 122 0.048
167 277 0.062
167 655 0.038
167 181 0.022
167 526 0.02
167 149 0.042
167 197 0.03
167 284 0.029
167 232 0.013
167 515 0.026
167 130 0.028
167 290 0.015
167 292 0.029
167 460 0.023
167 172 0.014
167 257 0.062
167 450 0.019
167 340 0.011
167 575 0.091
167 918 0.053
167 426 0.022
167 572 0.045
167 483 0.028
167 198 0.053
167 908 0.05
167 200 0.029
167 917 0.056
167 593 0.026
167 776 0.04
167 205 0.037
167 94 0.027
167 751 0.2
167 207 0.034
167 296 0.014
167 420 0.009
168 129 0.007
168 515 0.026
168 440 0.016
168 280 0.01
168 346 0.042
168 526 0.02
168 168 0.016
168 291 0.045
168 542 0.071
168 450 0.019
168 47 0.021
168 491 0.143
168 399 0.056
168 403 0.059
168 278 0.025
168 113 0.014
168 35 0.019
168 167 0.02
168 231 0.02
168 28 0.01
168 114 0.009
168 486 0.023
168 284 0.029
168 789 0.1
168 458 0.024
168 166 0.008
168 83 0.012
168 172 0.014
168 434 0.007
168 426 0.022
168 276 0.111
168 183 0.007
168 292 0.029
168 206 0.023
168 93 0.02
168 615 0.025
168 523 0.062
168 275 0.04
168 203 0.026
168 14 0.018
168 290 0.015
168 424 0.011
168 493 0.014
168 820 0.01
168 600 0.1
168 764 0.111
168 494 0.013
168 160 0.005
168 413 0.042
168 198 0.053
168 128 0.008
168 611 0.04
168 533 0.012
168 544 0.036
168 484 0.053
168 840 0.062
168 6 0.011
168 133 0.014
168 122 0.048
168 900 0.042
168 822 0.067
169 115 0.01
169 170 0.011
169 251 0.032
169 116 0.015
169 438 0.013
169 338 0.019
169 249 0.009
169 114 0.009
169 363 0.026
169 165 0.011
169 28 0.01
169 367 0.014
169 96 0.01
169 169 0.01
169 129 0.007
169 364 0.111
169 123 0.033
169 212 0.01
169 36 0.023
169 366 0.012
169 41 0.015
169 337 0.027
169 336 0.031
169 21 0.009
169 136 0.037
169 135 0.029
169 450 0.019
169 210 0.013
169 339 0.025
169 495 0.02
169 329 0.012
169 371 0.013
169 211 0.008
169 63 0.01
169 46 0.015
169 734 0.077
169 133 0.014
169 64 0.007
169 81 0.011
169 434 0.007
169 455 0.02
169 62 0.006
169 5 0.008
169 160 0.005
169 229 0.037
169 437 0.038
169 105 0.009
169 355 0.024
169 255 0.022
169 303 0.012
169 137 0.013
169 183 0.007
169 300 0.025
169 107 0.006
169 280 0.01
169 128 0.008
169 263 0.021
169 113 0.014
169 30 0.018
169 464 0.023
169 290 0.015
169 588 0.045
169 318 0.02
169 365 0.011
169 405 0.012
169 860 0.062
169 816 0.056
169 301 0.009
169 82 0.008
169 828 0.053
169 121 0.006
169 106 0.008
169 340 0.011
169 6 0.011
169 820 0.01
169 419 0.014
169 308 0.029
169 638 0.167
169 201 0.023
169 162 0.02
169 13 0.016
169 89 0.018
169 494 0.013
169 172 0.014
169 900 0.042
169 427 0.021
169 252 0.012
169 460 0.023
169 80 0.016
169 29 0.021
169 914 0.056
169 375 0.019
169 35 0.019
169 24 0.038
169 261 0.023
169 333 0.011
169 548 0.05
169 753 0.059
169 531 0.022
169 360 0.036
169 326 0.027
169 256 0.008
169 33 0.042
169 16 0.015
169 987 0.083
170 170 0.011
170 136 0.037
170 115 0.01
170 470 0.048
170 485 0.037
170 438 0.013
170 548 0.05
170 96 0.01
170 169 0.01
170 116 0.015
170 165 0.011
170 133 0.014
170 490 0.029
170 123 0.033
170 437 0.038
170 338 0.019
170 251 0.032
170 135 0.029
170 339 0.025
170 427 0.021
170 64 0.007
170 107 0.006
170 36 0.023
170 367 0.014
170 336 0.031
170 337 0.027
170 254 0.034
170 212 0.01
170 256 0.008
170 151 0.024
170 5 0.008
170 62 0.006
170 28 0.01
170 35 0.019
170 261 0.023
170 816 0.056
170 460 0.023
170 543 0.03
170 494 0.013
170 303 0.012
170 160 0.005
170 753 0.059
170 117 0.067
170 16 0.015
170 31 0.026
170 145 0.021
170 229 0.037
170 40 0.021
170 360 0.036
170 455 0.02
170 280 0.01
170 537 0.056
170 38 0.034
170 533 0.012
170 434 0.007
170 13 0.016
170 310 0.042
170 301 0.009
170 164 0.026
170 26 0.033
170 27 0.02
170 114 0.009
170 419 0.014
170 495 0.02
170 188 0.038
170 371 0.013
170 23 0.015
170 607 0.038
170 471 0.125
170 442 0.045
170 491 0.143
170 914 0.056
170 183 0.007
170 497 0.062
170 282 0.009
170 900 0.042
170 860 0.062
170 513 0.024
170 987 0.083
170 105 0.009
170 163 0.027
170 424 0.011
171 40 0.021
171 41 0.015
171 417 0.019
171 38 0.034
171 299 0.048
171 361 0.021
171 114 0.009
171 171 0.026
171 455 0.02
171 116 0.015
171 5 0.008
171 318 0.02
171 590 0.036
171 333 0.011
171 113 0.014
171 245 0.021
171 301 0.009
171 261 0.023
171 470 0.048
171 172 0.014
171 655 0.038
171 165 0.011
171 547 0.034
171 26 0.033
171 23 0.015
171 847 0.036
171 160 0.005
171 64 0.007
172 413 0.042
172 123 0.033
172 275 0.04
172 93 0.02
172 129 0.007
172 62 0.006
172 172 0.014
172 61 0.018
172 130 0.028
172 450 0.019
172 401 0.031
172 219 0.056
172 214 0.02
172 493 0.014
172 464 0.023
172 197 0.03
172 342 0.023
172 128 0.008
172 351 0.023
172 483 0.028
172 403 0.059
172 585 0.111
172 486 0.023
172 292 0.029
172 65 0.025
172 280 0.01
172 655 0.038
172 47 0.021
172 60 0.026
172 142 0.01
172 523 0.062
172 181 0.022
172 526 0.02
172 714 0.043
172 468 0.048
172 168 0.016
172 86 0.006
172 458 0.024
172 207 0.034
172 64 0.007
172 183 0.007
172 133 0.014
172 542 0.071
172 377 0.011
172 457 0.04
172 426 0.022
172 440 0.016
172 143 0.022
172 424 0.011
172 51 0.016
172 28 0.01
172 27 0.02
172 114 0.009
172 167 0.02
172 169 0.01
172 14 0.018
172 734 0.077
172 346 0.042
172 251 0.032
172 295 0.018
172 107 0.006
172 847 0.036
172 333 0.011
172 115 0.01
172 434 0.007
172 166 0.008
172 231 0.02
172 23 0.015
172 228 0.045
172 820 0.01
172 256 0.008
172 365 0.011
172 87 0.009
172 212 0.01
173 21 0.009
173 518 0.015
173 513 0.024
173 306 0.031
173 134 0.048
173 340 0.011
173 327 0.034
173 173 0.016
173 259 0.04
173 154 0.026
173 20 0.016
173 538 0.111
173 325 0.038
173 10 0.024
173 326 0.027
173 22 0.077
173 282 0.009
173 535 0.111
173 62 0.006
173 462 0.04
173 105 0.009
173 212 0.01
173 400 0.034
173 41 0.015
173 147 0.027
173 233 0.022
173 269 0.014
173 260 0.053
173 87 0.009
173 92 0.026
173 434 0.007
173 115 0.01
173 723 0.091
173 301 0.009
173 728 0.062
173 68 0.026
173 83 0.012
173 416 0.333
173 777 0.059
173 166 0.008
173 121 0.006
173 256 0.008
173 155 0.019
173 249 0.009
173 546 0.014
173 494 0.013
173 107 0.006
173 160 0.005
173 405 0.012
173 892 0.071
173 300 0.025
173 896 0.048
173 69 0.024
173 184 0.014
173 549 0.024
173 531 0.022
173 126 0.036
173 86 0.006
173 651 0.083
173 404 0.016
173 950 0.022
173 612 0.021
173 74 0.013
173 223 0.024
173 932 0.019
173 859 0.017
173 366 0.012
174 175 0.125
174 63 0.01
174 174 0.015
174 107 0.006
174 4 0.014
174 164 0.026
174 286 0.024
174 285 0.015
174 16 0.015
174 371 0.013
174 46 0.015
174 3 0.016
174 140 0.03
174 2 0.013
174 395 0.028
174 137 0.013
174 379 0.029
174 121 0.006
174 685 0.027
174 377 0.011
174 158 0.023
174 424 0.011
174 520 0.021
174 665 0.045
174 281 0.022
174 420 0.009
174 199 0.026
174 303 0.012
174 210 0.013
174 211 0.008
174 212 0.01
174 208 0.019
174 209 0.017
174 283 0.008
174 59 0.022
174 408 0.026
174 815 0.071
174 363 0.026
174 58 0.01
174 564 0.333
174 157 0.019
174 405 0.012
174 284 0.029
174 250 0.033
174 854 0.143
174 195 0.034
174 21 0.009
174 880 0.037
174 80 0.016
174 126 0.036
174 15 0.022
174 809 0.023
174 411 0.014
174 812 0.023
174 252 0.012
174 305 0.019
174 54 0.024
174 473 0.013
174 859 0.017
175 252 0.012
175 174 0.015
175 15 0.022
175 532 0.05
175 288 0.036
175 3 0.016
175 137 0.013
175 665 0.045
175 58 0.01
176 177 0.024
176 178 0.034
176 292 0.029
176 344 0.071
176 176 0.04
176 515 0.026
176 486 0.023
176 381 0.037
176 593 0.026
176 94 0.027
176 214 0.02
176 576 0.053
176 611 0.04
176 333 0.011
176 478 0.037
176 440 0.016
176 129 0.007
176 417 0.019
176 501 0.071
176 656 0.091
176 232 0.013
176 231 0.02
176 413 0.042
176 200 0.029
176 204 0.036
176 275 0.04
176 93 0.02
176 181 0.022
176 238 0.028
176 318 0.02
176 423 0.031
177 176 0.04
177 178 0.034
177 344 0.071
177 17 0.016
177 223 0.024
177 377 0.011
177 61 0.018
177 629 0.333
177 440 0.016
177 177 0.024
177 5 0.008
177 64 0.007
177 229 0.037
177 380 0.03
177 60 0.026
177 381 0.037
177 331 0.053
177 86 0.006
177 0 0.031
177 515 0.026
177 214 0.02
177 459 0.015
177 220 0.071
177 18 0.022
177 113 0.014
177 656 0.091
177 146 0.071
177 166 0.008
177 601 0.027
177 232 0.013
177 94 0.027
177 221 0.019
177 74 0.013
177 546 0.014
177 479 0.2
177 321 0.027
177 218 0.023
177 231 0.02
177 297 0.053
177 215 0.013
177 309 0.034
177 533 0.012
177 200 0.029
177 409 0.033
178 176 0.04
178 177 0.024
178 344 0.071
178 351 0.023
178 575 0.091
178 214 0.02
178 231 0.02
178 440 0.016
178 61 0.018
178 629 0.333
178 539 0.143
178 380 0.03
178 413 0.042
178 275 0.04
178 0 0.031
178 157 0.019
178 200 0.029
178 350 0.05
178 178 0.034
178 180 0.015
178 345 0.043
178 483 0.028
178 498 0.016
178 681 0.05
178 656 0.091
178 191 0.021
178 232 0.013
178 381 0.037
178 342 0.023
179 157 0.019
179 381 0.037
179 180 0.015
179 377 0.011
179 122 0.048
179 179 0.02
179 191 0.021
179 342 0.023
179 296 0.014
179 203 0.026
179 351 0.023
179 156 0.05
179 214 0.02
179 345 0.043
179 149 0.042
179 284 0.029
179 103 0.023
179 278 0.025
179 181 0.022
179 378 0.042
179 388 0.043
179 61 0.018
179 280 0.01
179 262 0.045
179 349 0.056
179 869 0.2
179 60 0.026
179 104 0.031
179 347 0.042
179 320 0.025
179 397 0.029
179 394 0.033
179 128 0.008
179 820 0.01
179 339 0.025
179 295 0.018
179 376 0.028
179 365 0.011
179 160 0.005
180 130 0.028
180 343 0.05
180 257 0.062
180 346 0.042
180 214 0.02
180 148 0.071
180 351 0.023
180 278 0.025
180 256 0.008
180 433 0.053
180 289 0.125
180 621 0.077
180 342 0.023
180 149 0.042
180 345 0.043
180 191 0.021
180 179 0.02
180 262 0.045
180 344 0.071
180 156 0.05
180 348 0.25
180 349 0.056
180 122 0.048
180 105 0.009
180 129 0.007
180 284 0.029
180 180 0.015
180 70 0.062
180 681 0.05
180 493 0.014
180 352 0.048
180 231 0.02
180 347 0.042
180 277 0.062
180 178 0.034
180 350 0.05
180 301 0.009
180 644 0.083
180 212 0.01
180 82 0.008
180 121 0.006
180 160 0.005
180 41 0.015
180 249 0.009
180 157 0.019
180 434 0.007
180 62 0.006
180 393 0.015
180 166 0.008
180 468 0.048
180 87 0.009
180 162 0.02
180 366 0.012
180 107 0.006
180 145 0.021
180 128 0.008
180 851 0.111
180 907 0.083
180 615 0.025
180 820 0.01
180 381 0.037
180 17 0.016
180 601 0.027
180 172 0.014
180 419 0.014
180 950 0.022
180 365 0.011
180 932 0.019
180 421 0.021
180 420 0.009
181 182 0.036
181 179 0.02
181 181 0.022
181 394 0.033
181 250 0.033
181 377 0.011
181 104 0.031
181 296 0.014
181 150 0.031
181 321 0.027
181 291 0.045
181 61 0.018
181 320 0.025
181 390 0.034
181 60 0.026
181 172 0.014
181 14 0.018
181 219 0.056
181 103 0.023
181 378 0.042
181 384 0.062
181 388 0.043
181 295 0.018
181 346 0.042
181 379 0.029
181 380 0.03
181 376 0.028
181 385 0.048
181 386 0.125
181 389 0.029
181 395 0.028
181 397 0.029
181 368 0.022
181 157 0.019
181 342 0.023
181 156 0.05
181 526 0.02
181 381 0.037
181 393 0.015
181 869 0.2
181 64 0.007
181 383 0.167
181 628 0.143
181 167 0.02
181 6 0.011
181 347 0.042
181 231 0.02
181 95 0.027
181 176 0.04
181 160 0.005
181 947 0.125
181 950 0.022
181 133 0.014
181 283 0.008
182 61 0.018
182 213 0.028
182 379 0.029
182 157 0.019
182 719 0.083
182 602 0.05
182 182 0.036
182 53 0.037
182 389 0.029
182 376 0.028
182 320 0.025
182 167 0.02
182 390 0.034
182 391 0.053
182 296 0.014
182 395 0.028
182 295 0.018
182 380 0.03
182 381 0.037
182 392 0.053
182 393 0.015
182 394 0.033
182 397 0.029
182 378 0.042
182 103 0.023
182 181 0.022
182 384 0.062
182 283 0.008
182 385 0.048
182 387 0.043
182 388 0.043
182 250 0.033
182 396 0.071
182 377 0.011
182 368 0.022
182 104 0.031
182 321 0.027
182 60 0.026
182 150 0.031
182 351 0.023
182 308 0.029
182 869 0.2
182 18 0.022
182 872 0.077
183 257 0.062
183 198 0.053
183 258 0.031
183 183 0.007
183 282 0.009
183 303 0.012
183 129 0.007
183 365 0.011
183 106 0.008
183 64 0.007
183 543 0.03
183 486 0.023
183 88 0.033
183 63 0.01
183 209 0.017
183 362 0.016
183 19 0.016
183 187 0.026
183 44 0.011
183 168 0.016
183 401 0.031
183 62 0.006
183 113 0.014
183 114 0.009
183 353 0.034
183 301 0.009
183 356 0.021
183 80 0.016
183 375 0.019
183 184 0.014
183 357 0.024
183 329 0.012
183 249 0.009
183 655 0.038
183 286 0.024
183 478 0.037
183 81 0.011
183 223 0.024
183 142 0.01
183 93 0.02
183 410 0.111
183 172 0.014
183 280 0.01
183 526 0.02
183 203 0.026
183 291 0.045
183 568 0.043
183 714 0.043
183 450 0.019
183 434 0.007
183 256 0.008
183 121 0.006
183 82 0.008
183 5 0.008
183 309 0.034
183 152 0.017
183 518 0.015
183 21 0.009
183 107 0.006
183 108 0.027
183 493 0.014
183 418 0.034
183 133 0.014
183 278 0.025
183 366 0.012
183 695 0.091
183 28 0.01
183 128 0.008
183 16 0.015
183 292 0.029
183 3 0.016
183 29 0.021
183 169 0.01
183 820 0.01
183 413 0.042
183 159 0.029
183 210 0.013
183 89 0.018
183 520 0.021
183 165 0.011
183 338 0.019
183 460 0.023
183 473 0.013
183 544 0.036
183 419 0.014
183 458 0.024
183 290 0.015
183 426 0.022
183 480 0.029
183 509 0.021
183 318 0.02
183 20 0.016
183 188 0.038
183 68 0.026
183 137 0.013
183 602 0.05
183 91 0.037
183 155 0.019
183 245 0.021
183 69 0.024
183 90 0.042
183 87 0.009
183 270 0.083
183 611 0.04
183 154 0.026
183 212 0.01
183 513 0.024
183 308 0.029
183 145 0.021
183 845 0.038
183 371 0.013
183 36 0.023
183 218 0.023
183 756 0.059
183 464 0.023
183 351 0.023
183 160 0.005
183 302 0.043
183 58 0.01
183 236 0.021
183 430 0.024
183 854 0.143
183 343 0.05
183 705 0.143
183 405 0.012
183 272 0.024
183 116 0.015
183 545 0.053
183 285 0.015
183 367 0.014
183 252 0.012
183 215 0.013
183 355 0.024
183 271 0.017
183 909 0.167
183 229 0.037
183 12 0.022
183 411 0.014
183 95 0.027
183 859 0.017
183 35 0.019
183 326 0.027
183 4 0.014
183 900 0.042
183 211 0.008
183 956 0.077
183 207 0.034
183 201 0.023
183 53 0.037
183 913 0.059
183 399 0.056
183 281 0.022
183 504 0.028
183 424 0.011
183 400 0.034
183 822 0.067
183 11 0.016
183 562 0.038
183 170 0.011
184 184 0.014
184 190 0.034
184 298 0.111
184 299 0.048
184 418 0.034
184 81 0.011
184 473 0.013
184 42 0.02
184 287 0.059
184 173 0.016
184 68 0.026
184 509 0.021
184 357 0.024
184 627 0.1
184 329 0.012
184 69 0.024
184 6 0.011
184 540 0.125
184 536 0.091
184 409 0.033
184 107 0.006
184 549 0.024
184 115 0.01
184 301 0.009
184 314 0.031
184 667 0.036
184 80 0.016
184 187 0.026
184 434 0.007
184 249 0.009
184 365 0.011
184 183 0.007
184 160 0.005
184 747 0.045
184 121 0.006
184 189 0.016
184 62 0.006
184 422 0.032
184 508 0.038
184 162 0.02
184 486 0.023
184 256 0.008
184 13 0.016
184 678 0.111
184 166 0.008
184 546 0.014
184 877 0.125
184 86 0.006
184 582 0.077
184 127 0.062
184 5 0.008
184 405 0.012
184 64 0.007
184 710 0.053
184 311 0.032
184 968 0.333
184 969 0.5
184 19 0.016
184 105 0.009
184 82 0.008
184 420 0.009
185 52 0.056
185 354 0.1
185 353 0.034
185 533 0.012
185 323 0.032
185 97 0.048
185 708 0.059
185 124 0.03
185 98 0.043
185 687 0.143
185 371 0.013
185 618 0.077
185 640 0.059
185 768 0.077
185 99 0.043
185 404 0.016
185 100 0.028
185 662 0.062
185 125 0.05
185 101 0.04
185 709 0.333
185 800 0.25
186 121 0.006
186 152 0.017
186 165 0.011
186 70 0.062
186 254 0.034
186 82 0.008
186 129 0.007
186 283 0.008
186 363 0.026
186 531 0.022
186 186 0.05
186 654 0.027
186 433 0.053
186 62 0.006
186 345 0.043
186 31 0.026
186 420 0.009
186 932 0.019
186 450 0.019
186 490 0.029
187 329 0.012
187 106 0.008
187 142 0.01
187 189 0.016
187 434 0.007
187 671 0.04
187 183 0.007
187 222 0.018
187 667 0.036
187 473 0.013
187 550 0.04
187 80 0.016
187 663 0.053
187 549 0.024
187 69 0.024
187 418 0.034
187 184 0.014
187 679 0.053
187 710 0.053
187 166 0.008
187 365 0.011
187 405 0.012
187 62 0.006
187 21 0.009
187 363 0.026
187 215 0.013
187 74 0.013
187 459 0.015
187 107 0.006
187 20 0.016
187 87 0.009
187 1 0.02
187 533 0.012
187 249 0.009
187 518 0.015
187 160 0.005
187 546 0.014
187 121 0.006
187 129 0.007
187 283 0.008
187 256 0.008
187 316 0.026
187 105 0.009
187 155 0.019
187 16 0.015
187 300 0.025
187 152 0.017
187 932 0.019
187 42 0.02
188 189 0.016
188 459 0.015
188 282 0.009
188 106 0.008
188 155 0.019
188 20 0.016
188 222 0.018
188 311 0.032
188 667 0.036
188 473 0.013
188 80 0.016
188 663 0.053
188 549 0.024
188 69 0.024
188 418 0.034
188 184 0.014
188 508 0.038
188 679 0.053
188 671 0.04
188 710 0.053
188 42 0.02
188 495 0.02
188 363 0.026
188 366 0.012
188 533 0.012
188 145 0.021
188 518 0.015
188 183 0.007
188 74 0.013
188 215 0.013
188 129 0.007
188 21 0.009
188 170 0.011
188 420 0.009
189 106 0.008
189 434 0.007
189 473 0.013
189 459 0.015
189 667 0.036
189 550 0.04
189 80 0.016
189 663 0.053
189 215 0.013
189 549 0.024
189 69 0.024
189 82 0.008
189 418 0.034
189 121 0.006
189 86 0.006
189 311 0.032
189 225 0.04
189 184 0.014
189 508 0.038
189 679 0.053
189 671 0.04
189 710 0.053
189 62 0.006
189 533 0.012
189 5 0.008
189 21 0.009
189 20 0.016
189 1 0.02
189 377 0.011
189 420 0.009
189 911 0.333
189 188 0.038
189 222 0.018
189 81 0.011
189 189 0.016
189 467 0.05
189 301 0.009
189 966 0.5
190 184 0.014
190 106 0.008
190 42 0.02
190 62 0.006
190 509 0.021
190 160 0.005
190 296 0.014
190 418 0.034
190 420 0.009
190 105 0.009
190 162 0.02
190 86 0.006
190 459 0.015
190 189 0.016
190 87 0.009
190 69 0.024
190 13 0.016
190 299 0.048
190 533 0.012
190 473 0.013
190 108 0.027
190 16 0.015
190 121 0.006
190 366 0.012
190 311 0.032
190 282 0.009
191 157 0.019
191 191 0.021
191 342 0.023
191 277 0.062
191 149 0.042
191 262 0.045
191 343 0.05
191 344 0.071
191 345 0.043
191 346 0.042
191 214 0.02
191 347 0.042
191 348 0.25
191 349 0.056
191 350 0.05
191 284 0.029
191 351 0.023
191 231 0.02
191 278 0.025
191 130 0.028
191 178 0.034
191 122 0.048
191 179 0.02
191 352 0.048
191 207 0.034
191 511 0.048
191 6 0.011
191 681 0.05
191 682 0.333
191 148 0.071
191 180 0.015
191 156 0.05
191 528 0.111
191 64 0.007
191 5 0.008
191 365 0.011
191 256 0.008
191 283 0.008
191 824 1.0
191 166 0.008
191 434 0.007
191 851 0.111
191 420 0.009
191 379 0.029
191 160 0.005
191 150 0.031
191 857 0.25
191 83 0.012
191 601 0.027
191 903 0.333
191 282 0.009
191 907 0.083
191 142 0.01
191 86 0.006
191 645 0.2
191 212 0.01
192 193 0.04
192 194 0.024
192 195 0.034
192 2 0.013
192 192 0.053
192 412 0.017
192 3 0.016
192 4 0.014
192 58 0.01
192 411 0.014
192 323 0.032
192 516 0.083
192 517 0.077
192 807 0.167
192 102 0.062
192 271 0.017
192 132 0.019
192 59 0.022
193 193 0.04
193 2 0.013
193 4 0.014
193 194 0.024
193 58 0.01
193 832 0.045
193 826 0.045
193 195 0.034
193 412 0.017
193 59 0.022
193 411 0.014
193 63 0.01
193 160 0.005
193 3 0.016
193 55 0.029
193 57 0.019
193 6 0.011
193 859 0.017
193 408 0.026
193 990 0.05
193 845 0.038
193 812 0.023
193 252 0.012
193 803 0.062
194 194 0.024
194 195 0.034
194 2 0.013
194 192 0.053
194 587 0.071
194 4 0.014
194 54 0.024
194 193 0.04
194 412 0.017
194 5 0.008
194 55 0.029
194 63 0.01
194 411 0.014
194 238 0.028
194 685 0.027
194 3 0.016
194 826 0.045
194 832 0.045
194 59 0.022
194 803 0.062
194 586 0.04
194 208 0.019
194 137 0.013
194 6 0.011
194 58 0.01
194 865 0.111
194 305 0.019
194 815 0.071
194 56 0.026
194 132 0.019
194 698 0.042
194 990 0.05
194 859 0.017
194 252 0.012
195 194 0.024
195 2 0.013
195 195 0.034
195 4 0.014
195 192 0.053
195 58 0.01
195 6 0.011
195 412 0.017
195 63 0.01
195 208 0.019
195 533 0.012
195 305 0.019
195 738 0.031
195 3 0.016
195 826 0.045
195 832 0.045
195 5 0.008
195 803 0.062
195 193 0.04
195 286 0.024
195 520 0.021
195 809 0.023
195 586 0.04
195 516 0.083
195 517 0.077
195 552 0.028
195 174 0.015
195 57 0.019
195 160 0.005
195 162 0.02
195 59 0.022
195 252 0.012
195 859 0.017
196 41 0.015
196 95 0.027
196 128 0.008
196 280 0.01
196 167 0.02
196 203 0.026
196 218 0.023
196 204 0.036
196 196 0.043
196 51 0.016
196 197 0.03
196 199 0.026
196 200 0.029
196 201 0.023
196 206 0.023
196 94 0.027
196 207 0.034
196 143 0.022
196 16 0.015
196 820 0.01
196 231 0.02
196 908 0.05
196 64 0.007
196 86 0.006
196 918 0.053
196 593 0.026
196 776 0.04
196 205 0.037
197 128 0.008
197 197 0.03
197 41 0.015
197 201 0.023
197 51 0.016
197 86 0.006
197 65 0.025
197 95 0.027
197 143 0.022
197 27 0.02
197 13 0.016
197 205 0.037
197 64 0.007
197 207 0.034
197 172 0.014
197 908 0.05
197 215 0.013
197 601 0.027
197 820 0.01
197 199 0.026
197 196 0.043
197 457 0.04
197 955 0.125
197 52 0.056
198 183 0.007
198 387 0.043
198 41 0.015
198 229 0.037
198 434 0.007
198 165 0.011
198 129 0.007
198 820 0.01
198 258 0.031
198 5 0.008
198 419 0.014
198 128 0.008
198 196 0.043
198 51 0.016
198 197 0.03
198 199 0.026
198 200 0.029
198 167 0.02
198 201 0.023
198 202 0.167
198 593 0.026
198 203 0.026
198 204 0.036
198 776 0.04
198 205 0.037
198 206 0.023
198 94 0.027
198 95 0.027
198 207 0.034
198 485 0.037
198 329 0.012
198 31 0.026
198 198 0.053
198 168 0.016
198 64 0.007
199 196 0.043
199 51 0.016
199 197 0.03
199 199 0.026
199 200 0.029
199 128 0.008
199 167 0.02
199 203 0.026
199 204 0.036
199 206 0.023
199 41 0.015
199 94 0.027
199 95 0.027
199 207 0.034
199 201 0.023
199 677 0.5
199 174 0.015
199 65 0.025
199 526 0.02
199 776 0.04
199 218 0.023
199 377 0.011
199 296 0.014
199 342 0.023
199 399 0.056
199 434 0.007
199 820 0.01
199 64 0.007
199 105 0.009
199 850 0.5
199 593 0.026
199 1 0.02
199 338 0.019
199 121 0.006
199 53 0.037
199 205 0.037
199 258 0.031
199 288 0.036
199 82 0.008
199 280 0.01
199 278 0.025
199 917 0.056
199 918 0.053
199 908 0.05
199 42 0.02
200 94 0.027
200 204 0.036
200 440 0.016
200 128 0.008
200 593 0.026
200 498 0.016
200 65 0.025
200 562 0.038
200 201 0.023
200 51 0.016
200 199 0.026
200 776 0.04
200 413 0.042
200 207 0.034
200 820 0.01
200 200 0.029
200 344 0.071
200 908 0.05
200 777 0.059
200 918 0.053
200 581 0.037
200 917 0.056
201 94 0.027
201 486 0.023
201 207 0.034
201 133 0.014
201 18 0.022
201 41 0.015
201 201 0.023
201 199 0.026
201 128 0.008
201 342 0.023
201 95 0.027
201 197 0.03
201 352 0.048
201 62 0.006
201 200 0.029
201 51 0.016
201 420 0.009
201 820 0.01
201 143 0.022
201 218 0.023
201 395 0.028
201 93 0.02
201 160 0.005
201 166 0.008
201 196 0.043
201 167 0.02
201 203 0.026
201 206 0.023
201 5 0.008
201 64 0.007
201 198 0.053
201 202 0.167
201 593 0.026
201 204 0.036
201 776 0.04
201 205 0.037
201 215 0.013
201 557 0.067
201 82 0.008
201 121 0.006
201 533 0.012
201 86 0.006
201 169 0.01
201 283 0.008
201 249 0.009
201 103 0.023
201 280 0.01
201 232 0.013
201 908 0.05
201 183 0.007
201 278 0.025
202 623 0.111
204 377 0.011
204 41 0.015
204 232 0.013
204 204 0.036
204 94 0.027
204 51 0.016
204 593 0.026
204 93 0.02
204 200 0.029
204 283 0.008
204 172 0.014
204 776 0.04
204 218 0.023
204 205 0.037
204 167 0.02
204 581 0.037
204 196 0.043
204 820 0.01
204 141 0.015
204 203 0.026
205 128 0.008
205 593 0.026
205 820 0.01
205 847 0.036
205 483 0.028
205 86 0.006
205 94 0.027
205 172 0.014
205 14 0.018
205 93 0.02
205 908 0.05
205 79 0.029
205 955 0.125
205 917 0.056
206 346 0.042
206 546 0.014
206 206 0.023
206 294 0.045
206 196 0.043
206 203 0.026
206 352 0.048
206 167 0.02
206 280 0.01
206 41 0.015
206 820 0.01
206 168 0.016
206 51 0.016
206 197 0.03
206 198 0.053
206 199 0.026
206 200 0.029
206 128 0.008
206 201 0.023
206 202 0.167
206 593 0.026
206 204 0.036
206 776 0.04
206 205 0.037
206 94 0.027
206 95 0.027
206 207 0.034
206 852 0.2
206 440 0.016
206 149 0.042
206 231 0.02
206 14 0.018
206 342 0.023
206 290 0.015
206 291 0.045
206 515 0.026
206 232 0.013
206 292 0.029
206 786 0.2
206 284 0.029
206 588 0.045
206 62 0.006
206 214 0.02
206 307 0.083
206 751 0.2
206 908 0.05
206 917 0.056
206 918 0.053
206 426 0.022
206 65 0.025
206 107 0.006
206 277 0.062
206 86 0.006
206 575 0.091
206 1000 0.2
207 41 0.015
207 207 0.034
207 201 0.023
207 95 0.027
207 128 0.008
207 820 0.01
207 172 0.014
207 199 0.026
207 197 0.03
207 5 0.008
207 183 0.007
207 343 0.05
207 107 0.006
207 160 0.005
208 208 0.019
208 285 0.015
208 195 0.034
208 137 0.013
208 211 0.008
208 194 0.024
208 4 0.014
208 63 0.01
208 155 0.019
209 210 0.013
209 236 0.021
209 233 0.022
209 58 0.01
209 11 0.016
209 209 0.017
209 121 0.006
209 159 0.029
209 237 0.043
209 234 0.029
209 238 0.028
209 158 0.023
209 235 0.056
209 240 0.05
209 241 0.05
209 242 0.036
209 243 0.022
209 244 0.037
209 183 0.007
209 211 0.008
209 303 0.012
209 283 0.008
209 319 0.091
209 96 0.01
209 490 0.029
209 63 0.01
209 174 0.015
209 155 0.019
209 494 0.013
209 301 0.009
209 631 0.333
209 365 0.011
209 71 0.067
209 84 0.021
209 282 0.009
209 62 0.006
209 83 0.012
209 166 0.008
209 273 0.042
209 160 0.005
209 5 0.008
209 420 0.009
209 13 0.016
209 56 0.026
209 543 0.03
209 128 0.008
209 16 0.015
209 64 0.007
209 546 0.014
209 637 0.25
209 639 0.167
209 587 0.071
209 271 0.017
209 411 0.014
209 424 0.011
209 812 0.023
209 541 0.071
209 140 0.03
209 139 0.028
209 15 0.022
209 131 0.022
209 126 0.036
209 518 0.015
209 154 0.026
209 252 0.012
209 137 0.013
209 285 0.015
209 371 0.013
209 88 0.033
209 286 0.024
209 601 0.027
209 909 0.167
209 249 0.009
209 845 0.038
209 924 0.1
209 107 0.006
209 963 0.029
209 977 0.333
209 42 0.02
210 210 0.013
210 159 0.029
210 158 0.023
210 240 0.05
210 420 0.009
210 371 0.013
210 236 0.021
210 303 0.012
210 283 0.008
210 365 0.011
210 62 0.006
210 269 0.014
210 209 0.017
210 363 0.026
210 242 0.036
210 256 0.008
210 83 0.012
210 489 0.037
210 129 0.007
210 234 0.029
210 241 0.05
210 245 0.021
210 169 0.01
210 212 0.01
210 174 0.015
210 16 0.015
210 233 0.022
210 434 0.007
210 45 0.026
210 211 0.008
210 63 0.01
210 208 0.019
210 46 0.015
210 243 0.022
210 132 0.019
210 121 0.006
210 87 0.009
210 249 0.009
210 424 0.011
210 405 0.012
210 107 0.006
210 128 0.008
210 290 0.015
210 271 0.017
210 513 0.024
210 235 0.056
210 137 0.013
210 142 0.01
210 305 0.019
210 183 0.007
210 82 0.008
210 927 0.111
210 106 0.008
210 114 0.009
210 88 0.033
210 963 0.029
210 105 0.009
210 252 0.012
210 926 0.083
210 931 0.077
210 160 0.005
210 282 0.009
210 244 0.037
210 3 0.016
211 54 0.024
211 285 0.015
211 305 0.019
211 481 0.026
211 208 0.019
211 286 0.024
211 96 0.01
211 55 0.029
211 371 0.013
211 211 0.008
211 63 0.01
211 552 0.028
211 281 0.022
211 103 0.023
211 117 0.067
211 611 0.04
211 612 0.021
211 560 0.036
211 338 0.019
211 107 0.006
211 62 0.006
211 126 0.036
211 209 0.017
211 301 0.009
211 57 0.019
211 129 0.007
211 58 0.01
211 303 0.012
211 249 0.009
211 256 0.008
211 132 0.019
211 2 0.013
211 411 0.014
211 4 0.014
211 5 0.008
211 138 0.034
211 661 0.026
211 82 0.008
211 304 0.036
211 137 0.013
211 363 0.026
211 66 0.05
211 252 0.012
211 121 0.006
211 48 0.022
211 480 0.029
211 236 0.021
211 155 0.019
211 212 0.01
211 738 0.031
211 131 0.022
211 56 0.026
211 636 0.5
211 106 0.008
211 809 0.023
211 419 0.014
211 586 0.04
211 546 0.014
211 434 0.007
211 698 0.042
211 532 0.05
211 195 0.034
211 271 0.017
211 408 0.026
211 210 0.013
211 365 0.011
211 3 0.016
211 152 0.017
211 389 0.029
211 364 0.111
211 340 0.011
211 582 0.077
211 842 0.5
211 518 0.015
211 604 0.125
211 46 0.015
211 174 0.015
211 450 0.019
211 355 0.024
211 169 0.01
211 11 0.016
211 329 0.012
211 255 0.022
211 114 0.009
211 81 0.011
211 464 0.023
211 424 0.011
211 506 0.02
211 16 0.015
211 646 0.25
211 238 0.028
211 571 0.05
211 215 0.013
211 214 0.02
211 308 0.029
211 462 0.04
211 455 0.02
211 283 0.008
211 83 0.012
211 402 0.111
211 420 0.009
211 64 0.007
211 683 0.111
211 489 0.037
211 695 0.091
211 240 0.05
211 734 0.077
211 764 0.111
211 194 0.024
211 258 0.031
211 405 0.012
211 430 0.024
211 705 0.143
211 807 0.167
211 754 0.045
211 654 0.027
211 84 0.021
211 88 0.033
211 44 0.011
211 473 0.013
211 15 0.022
211 460 0.023
211 412 0.017
211 859 0.017
211 928 1.0
211 183 0.007
211 21 0.009
211 13 0.016
211 375 0.019
211 45 0.026
211 153 0.043
211 290 0.015
211 949 0.056
211 513 0.024
211 6 0.011
211 333 0.011
211 495 0.02
211 469 0.056
211 845 0.038
211 924 0.1
211 243 0.022
211 87 0.009
211 932 0.019
211 990 0.05
211 128 0.008
212 115 0.01
212 249 0.009
212 69 0.024
212 282 0.009
212 145 0.021
212 21 0.009
212 121 0.006
212 256 0.008
212 252 0.012
212 509 0.021
212 147 0.027
212 165 0.011
212 364 0.111
212 508 0.038
212 105 0.009
212 462 0.04
212 329 0.012
212 28 0.01
212 128 0.008
212 114 0.009
212 81 0.011
212 355 0.024
212 367 0.014
212 169 0.01
212 144 0.091
212 233 0.022
212 283 0.008
212 393 0.015
212 82 0.008
212 152 0.017
212 226 0.022
212 58 0.01
212 340 0.011
212 170 0.011
212 269 0.014
212 550 0.04
212 459 0.015
212 576 0.053
212 589 0.062
212 296 0.014
212 490 0.029
212 223 0.024
212 544 0.036
212 106 0.008
212 174 0.015
212 255 0.022
212 450 0.019
212 408 0.026
212 489 0.037
212 493 0.014
212 180 0.015
212 303 0.012
212 642 0.05
212 163 0.027
212 41 0.015
212 549 0.024
212 420 0.009
212 91 0.037
212 492 0.043
212 268 0.034
212 173 0.016
212 129 0.007
212 63 0.01
212 48 0.022
212 531 0.022
212 365 0.011
212 44 0.011
212 87 0.009
212 612 0.021
212 405 0.012
212 211 0.008
212 210 0.013
212 160 0.005
212 83 0.012
212 288 0.036
212 363 0.026
212 404 0.016
212 820 0.01
212 183 0.007
212 518 0.015
212 546 0.014
212 74 0.013
212 162 0.02
212 166 0.008
212 494 0.013
212 431 0.043
212 422 0.032
212 86 0.006
212 434 0.007
212 142 0.01
212 453 0.05
212 17 0.016
212 253 0.043
212 427 0.021
212 932 0.019
212 77 0.056
212 64 0.007
212 333 0.011
212 131 0.022
212 411 0.014
212 70 0.062
212 191 0.021
212 856 0.019
212 68 0.026
212 212 0.01
212 726 0.111
212 641 0.083
212 7 0.02
213 155 0.019
213 61 0.018
213 320 0.025
213 360 0.036
213 473 0.013
213 247 0.067
213 499 0.026
213 608 0.043
213 246 0.083
213 529 0.031
213 182 0.036
213 359 0.05
213 466 0.028
213 407 0.045
213 707 0.029
213 498 0.016
213 11 0.016
213 9 0.037
213 7 0.02
213 141 0.015
213 358 0.025
213 213 0.028
213 441 0.023
213 487 0.083
213 558 0.091
213 265 0.032
213 264 0.037
213 496 0.05
213 533 0.012
213 951 0.111
213 957 0.1
213 44 0.011
213 720 0.062
213 573 0.059
213 602 0.05
213 266 0.043
213 332 0.056
213 525 0.029
213 452 0.034
213 700 0.037
213 823 0.05
213 8 0.029
213 503 0.083
213 956 0.077
213 913 0.059
214 180 0.015
214 345 0.043
214 351 0.023
214 214 0.02
214 178 0.034
214 413 0.042
214 483 0.028
214 377 0.011
214 434 0.007
214 172 0.014
214 21 0.009
214 176 0.04
214 83 0.012
214 157 0.019
214 191 0.021
214 681 0.05
214 460 0.023
214 342 0.023
214 343 0.05
214 346 0.042
214 278 0.025
214 352 0.048
214 301 0.009
214 177 0.024
214 94 0.027
214 128 0.008
214 280 0.01
214 211 0.008
214 207 0.034
214 536 0.091
214 206 0.023
214 124 0.03
214 232 0.013
214 179 0.02
214 284 0.029
214 215 0.013
215 295 0.018
215 5 0.008
215 215 0.013
215 222 0.018
215 650 1.0
215 311 0.032
215 268 0.034
215 42 0.02
215 223 0.024
215 1 0.02
215 74 0.013
215 309 0.034
215 248 0.05
215 313 0.059
215 297 0.053
215 227 0.053
215 73 0.04
215 17 0.016
215 341 0.111
215 128 0.008
215 756 0.059
215 400 0.034
215 690 0.071
215 434 0.007
215 589 0.062
215 541 0.071
215 316 0.026
215 60 0.026
215 221 0.019
215 549 0.024
215 314 0.031
215 459 0.015
215 187 0.026
215 560 0.036
215 188 0.038
215 283 0.008
215 296 0.014
215 511 0.048
215 159 0.029
215 53 0.037
215 747 0.045
215 717 0.1
215 0 0.031
215 201 0.023
215 220 0.071
215 155 0.019
215 366 0.012
215 58 0.01
215 820 0.01
215 64 0.007
215 87 0.009
215 183 0.007
215 82 0.008
215 306 0.031
215 301 0.009
215 331 0.053
215 197 0.03
215 460 0.023
215 150 0.031
215 218 0.023
215 121 0.006
215 114 0.009
215 81 0.011
215 411 0.014
215 66 0.05
215 177 0.024
215 18 0.022
215 812 0.023
215 214 0.02
215 340 0.011
215 347 0.042
215 440 0.016
215 249 0.009
216 15 0.022
216 164 0.026
216 216 0.038
216 579 0.062
216 269 0.014
216 446 0.045
216 429 0.033
216 140 0.03
216 139 0.028
216 428 0.043
216 272 0.024
216 274 0.043
216 448 0.03
216 46 0.015
216 45 0.026
216 64 0.007
216 254 0.034
216 107 0.006
216 62 0.006
216 592 0.034
216 509 0.021
216 273 0.042
216 301 0.009
216 142 0.01
217 432 0.143
217 433 0.053
217 366 0.012
217 84 0.021
217 70 0.062
217 71 0.067
217 288 0.036
217 162 0.02
217 612 0.021
217 643 0.077
217 654 0.027
217 50 0.067
217 282 0.009
217 431 0.043
217 160 0.005
217 142 0.01
217 121 0.006
217 49 0.077
217 404 0.016
218 74 0.013
218 196 0.043
218 459 0.015
218 95 0.027
218 218 0.023
218 17 0.016
218 133 0.014
218 482 0.029
218 340 0.011
218 1 0.02
218 18 0.022
218 307 0.083
218 308 0.029
218 177 0.024
218 309 0.034
218 215 0.013
218 248 0.05
218 120 0.071
218 220 0.071
218 310 0.042
218 85 0.029
218 311 0.032
218 221 0.019
218 312 0.048
218 222 0.018
218 313 0.059
218 223 0.024
218 0 0.031
218 224 0.1
218 314 0.031
218 225 0.04
218 315 0.125
218 226 0.022
218 73 0.04
218 316 0.026
218 317 0.053
218 228 0.045
218 199 0.026
218 82 0.008
218 36 0.023
218 5 0.008
218 183 0.007
218 549 0.024
218 513 0.024
218 166 0.008
218 341 0.111
218 366 0.012
218 696 0.143
218 297 0.053
218 872 0.077
218 219 0.056
218 288 0.036
218 86 0.006
218 268 0.034
219 79 0.029
219 60 0.026
220 177 0.024
220 223 0.024
220 17 0.016
220 47 0.021
220 215 0.013
220 128 0.008
220 434 0.007
220 23 0.015
220 165 0.011
220 220 0.071
221 316 0.026
221 268 0.034
221 403 0.059
221 226 0.022
221 549 0.024
221 0 0.031
221 215 0.013
221 283 0.008
221 314 0.031
221 310 0.042
221 224 0.1
221 468 0.048
221 74 0.013
221 223 0.024
221 18 0.022
221 17 0.016
221 222 0.018
221 1 0.02
221 85 0.029
221 121 0.006
221 218 0.023
221 647 0.091
221 248 0.05
221 116 0.015
221 313 0.059
221 73 0.04
221 485 0.037
221 317 0.053
221 107 0.006
221 16 0.015
221 546 0.014
221 14 0.018
221 52 0.056
221 256 0.008
221 493 0.014
221 129 0.007
221 249 0.009
221 177 0.024
221 280 0.01
221 282 0.009
221 106 0.008
221 225 0.04
221 560 0.036
222 74 0.013
222 513 0.024
222 215 0.013
222 268 0.034
222 188 0.038
222 316 0.026
222 459 0.015
222 221 0.019
222 560 0.036
222 187 0.026
222 227 0.053
222 17 0.016
222 218 0.023
222 219 0.056
222 310 0.042
222 85 0.029
222 312 0.048
222 223 0.024
222 18 0.022
222 314 0.031
222 225 0.04
222 226 0.022
222 365 0.011
222 222 0.018
222 467 0.05
222 106 0.008
222 86 0.006
222 311 0.032
222 400 0.034
222 255 0.022
222 309 0.034
222 142 0.01
222 282 0.009
222 1 0.02
222 543 0.03
222 911 0.333
222 81 0.011
222 189 0.016
222 0 0.031
222 315 0.125
222 256 0.008
222 20 0.016
222 21 0.009
222 107 0.006
222 301 0.009
222 690 0.071
222 607 0.038
223 459 0.015
223 86 0.006
223 223 0.024
223 74 0.013
223 18 0.022
223 105 0.009
223 183 0.007
223 117 0.067
223 309 0.034
223 560 0.036
223 212 0.01
223 106 0.008
223 366 0.012
223 166 0.008
223 215 0.013
223 282 0.009
223 331 0.053
223 221 0.019
223 64 0.007
223 17 0.016
223 314 0.031
223 256 0.008
223 624 0.091
223 330 0.111
223 225 0.04
223 152 0.017
223 87 0.009
223 83 0.012
223 268 0.034
223 20 0.016
223 317 0.053
223 758 0.071
223 222 0.018
223 121 0.006
223 313 0.059
223 0 0.031
223 612 0.021
223 518 0.015
223 365 0.011
223 228 0.045
223 160 0.005
223 468 0.048
223 218 0.023
223 177 0.024
223 311 0.032
223 73 0.04
223 142 0.01
224 468 0.048
224 1 0.02
224 256 0.008
224 221 0.019
224 365 0.011
224 160 0.005
224 224 0.1
224 309 0.034
224 64 0.007
225 311 0.032
225 282 0.009
225 17 0.016
225 1 0.02
225 189 0.016
225 225 0.04
225 409 0.033
225 331 0.053
225 283 0.008
225 221 0.019
225 459 0.015
225 301 0.009
225 18 0.022
225 74 0.013
225 86 0.006
225 460 0.023
225 312 0.048
225 494 0.013
225 226 0.022
225 215 0.013
226 440 0.016
226 459 0.015
226 42 0.02
226 106 0.008
226 282 0.009
226 85 0.029
226 317 0.053
226 17 0.016
226 212 0.01
226 82 0.008
226 221 0.019
226 340 0.011
226 371 0.013
226 114 0.009
226 128 0.008
226 256 0.008
226 365 0.011
226 142 0.01
226 62 0.006
226 313 0.059
226 434 0.007
226 366 0.012
226 218 0.023
226 696 0.143
226 283 0.008
226 165 0.011
226 443 0.024
226 227 0.053
226 74 0.013
226 121 0.006
226 107 0.006
226 223 0.024
226 86 0.006
226 892 0.071
226 232 0.013
226 275 0.04
226 483 0.028
226 228 0.045
226 186 0.05
226 518 0.015
226 166 0.008
226 105 0.009
226 301 0.009
226 419 0.014
226 513 0.024
226 225 0.04
226 533 0.012
227 227 0.053
228 377 0.011
229 64 0.007
229 229 0.037
229 37 0.045
229 48 0.022
229 177 0.024
229 119 0.077
229 115 0.01
229 28 0.01
229 31 0.026
229 114 0.009
229 39 0.03
229 387 0.043
229 30 0.018
229 489 0.037
229 721 0.167
229 434 0.007
229 513 0.024
229 170 0.011
229 536 0.091
229 198 0.053
229 366 0.012
229 165 0.011
229 494 0.013
229 143 0.022
229 338 0.019
229 84 0.021
229 183 0.007
230 21 0.009
230 20 0.016
230 230 0.059
230 62 0.006
230 107 0.006
230 82 0.008
230 121 0.006
230 80 0.016
230 375 0.019
230 74 0.013
230 424 0.011
230 282 0.009
230 898 0.5
230 420 0.009
230 333 0.011
230 283 0.008
230 366 0.012
230 533 0.012
230 5 0.008
231 232 0.013
231 280 0.01
231 172 0.014
231 231 0.02
231 290 0.015
231 191 0.021
231 692 1.0
231 122 0.048
231 60 0.026
231 645 0.2
231 203 0.026
231 180 0.015
231 434 0.007
231 168 0.016
231 167 0.02
231 277 0.062
231 292 0.029
231 624 0.091
231 284 0.029
231 621 0.077
231 289 0.125
231 257 0.062
231 377 0.011
231 342 0.023
231 74 0.013
231 262 0.045
231 575 0.091
231 53 0.037
231 249 0.009
231 526 0.02
231 14 0.018
231 343 0.05
231 206 0.023
231 797 0.2
231 196 0.043
231 385 0.048
231 871 1.0
231 730 0.111
231 841 0.143
231 656 0.091
231 440 0.016
231 655 0.038
231 178 0.034
231 65 0.025
231 129 0.007
231 426 0.022
231 351 0.023
231 278 0.025
231 181 0.022
231 347 0.042
231 466 0.028
231 176 0.04
231 201 0.023
231 177 0.024
231 537 0.056
231 214 0.02
231 457 0.04
231 179 0.02
232 231 0.02
232 103 0.023
232 52 0.056
232 232 0.013
232 537 0.056
232 321 0.027
232 556 0.143
232 284 0.029
232 133 0.014
232 557 0.067
232 61 0.018
232 53 0.037
232 41 0.015
232 60 0.026
232 51 0.016
232 368 0.022
232 204 0.036
232 277 0.062
232 14 0.018
232 280 0.01
232 219 0.056
232 380 0.03
232 440 0.016
232 483 0.028
232 320 0.025
232 515 0.026
232 705 0.143
232 312 0.048
232 141 0.015
232 473 0.013
232 65 0.025
232 707 0.029
232 426 0.022
232 265 0.032
232 266 0.043
232 264 0.037
232 501 0.071
232 358 0.025
232 167 0.02
232 608 0.043
232 804 0.083
232 484 0.053
232 498 0.016
232 525 0.029
232 263 0.021
232 820 0.01
232 575 0.091
232 611 0.04
232 1 0.02
232 526 0.02
232 113 0.014
232 115 0.01
232 177 0.024
232 176 0.04
232 156 0.05
232 201 0.023
232 562 0.038
232 226 0.022
232 120 0.071
232 5 0.008
232 206 0.023
232 872 0.077
232 18 0.022
232 178 0.034
232 939 0.5
232 397 0.029
232 121 0.006
232 292 0.029
232 457 0.04
232 291 0.045
232 64 0.007
232 214 0.02
232 576 0.053
232 6 0.011
232 241 0.05
232 499 0.026
232 486 0.023
232 294 0.045
232 1000 0.2
233 209 0.017
233 234 0.029
233 235 0.056
233 236 0.021
233 159 0.029
233 237 0.043
233 210 0.013
233 238 0.028
233 239 0.091
233 240 0.05
233 241 0.05
233 242 0.036
233 243 0.022
233 244 0.037
233 252 0.012
233 404 0.016
233 532 0.05
233 115 0.01
233 434 0.007
233 145 0.021
233 637 0.25
233 288 0.036
233 546 0.014
233 121 0.006
233 160 0.005
233 460 0.023
233 83 0.012
233 212 0.01
233 82 0.008
233 88 0.033
233 586 0.04
233 612 0.021
233 105 0.009
233 366 0.012
233 166 0.008
233 282 0.009
233 494 0.013
233 601 0.027
233 433 0.053
233 86 0.006
233 84 0.021
233 142 0.01
233 70 0.062
233 62 0.006
233 654 0.027
233 158 0.023
233 233 0.022
233 63 0.01
233 474 0.016
233 124 0.03
233 58 0.01
233 101 0.04
233 828 0.053
233 174 0.015
234 234 0.029
234 210 0.013
234 236 0.021
234 209 0.017
234 242 0.036
234 654 0.027
234 235 0.056
234 269 0.014
234 159 0.029
234 233 0.022
234 237 0.043
234 319 0.091
234 238 0.028
234 637 0.25
234 158 0.023
234 240 0.05
234 241 0.05
234 243 0.022
234 639 0.167
234 587 0.071
234 244 0.037
234 6 0.011
234 828 0.053
234 121 0.006
234 404 0.016
234 239 0.091
234 160 0.005
234 58 0.01
234 474 0.016
234 145 0.021
234 282 0.009
234 96 0.01
234 82 0.008
234 494 0.013
234 930 0.071
234 926 0.083
234 283 0.008
234 5 0.008
234 931 0.077
234 86 0.006
234 256 0.008
234 963 0.029
234 166 0.008
235 233 0.022
235 238 0.028
235 234 0.029
235 610 0.125
235 96 0.01
235 209 0.017
235 236 0.021
235 319 0.091
235 303 0.012
235 244 0.037
235 159 0.029
235 210 0.013
235 158 0.023
235 240 0.05
235 242 0.036
235 420 0.009
235 243 0.022
235 930 0.071
235 963 0.029
235 360 0.036
236 209 0.017
236 238 0.028
236 235 0.056
236 243 0.022
236 244 0.037
236 319 0.091
236 363 0.026
236 159 0.029
236 210 0.013
236 269 0.014
236 234 0.029
236 3 0.016
236 587 0.071
236 240 0.05
236 211 0.008
236 62 0.006
236 236 0.021
236 132 0.019
236 233 0.022
236 241 0.05
236 63 0.01
236 303 0.012
236 371 0.013
236 434 0.007
236 46 0.015
236 249 0.009
236 96 0.01
236 208 0.019
236 158 0.023
236 121 0.006
236 5 0.008
236 930 0.071
236 107 0.006
236 963 0.029
236 155 0.019
237 237 0.043
237 234 0.029
237 210 0.013
237 162 0.02
237 244 0.037
237 62 0.006
237 319 0.091
237 158 0.023
237 587 0.071
237 159 0.029
237 238 0.028
237 241 0.05
237 242 0.036
237 209 0.017
237 6 0.011
237 424 0.011
237 243 0.022
237 174 0.015
237 5 0.008
237 107 0.006
237 932 0.019
237 253 0.043
237 927 0.111
237 963 0.029
237 926 0.083
237 236 0.021
238 236 0.021
238 244 0.037
238 587 0.071
238 622 1.0
238 239 0.091
238 238 0.028
238 241 0.05
238 159 0.029
238 2 0.013
238 158 0.023
238 412 0.017
238 506 0.02
238 86 0.006
238 194 0.024
238 234 0.029
238 210 0.013
238 64 0.007
238 440 0.016
238 758 0.071
238 457 0.04
238 211 0.008
238 302 0.043
238 243 0.022
238 62 0.006
238 0 0.031
238 209 0.017
238 242 0.036
238 601 0.027
238 89 0.018
238 930 0.071
238 237 0.043
238 963 0.029
238 498 0.016
238 499 0.026
238 176 0.04
238 700 0.037
238 525 0.029
238 92 0.026
238 602 0.05
240 210 0.013
240 236 0.021
240 240 0.05
240 237 0.043
240 209 0.017
240 11 0.016
240 211 0.008
240 160 0.005
240 158 0.023
240 242 0.036
240 424 0.011
240 241 0.05
240 57 0.019
240 159 0.029
240 234 0.029
240 931 0.077
240 963 0.029
241 242 0.036
241 236 0.021
241 234 0.029
241 158 0.023
241 159 0.029
241 238 0.028
241 440 0.016
241 499 0.026
241 592 0.034
241 209 0.017
241 237 0.043
241 498 0.016
241 210 0.013
241 244 0.037
241 240 0.05
241 241 0.05
241 232 0.013
242 158 0.023
242 234 0.029
242 210 0.013
242 159 0.029
242 209 0.017
242 242 0.036
242 106 0.008
242 241 0.05
242 237 0.043
242 105 0.009
242 13 0.016
242 132 0.019
242 243 0.022
242 236 0.021
242 62 0.006
242 238 0.028
242 121 0.006
242 240 0.05
242 5 0.008
242 303 0.012
242 599 0.333
242 977 0.333
242 926 0.083
243 271 0.017
243 375 0.019
243 80 0.016
243 507 0.25
243 434 0.007
243 233 0.022
243 243 0.022
243 158 0.023
243 411 0.014
243 64 0.007
243 58 0.01
243 210 0.013
243 234 0.029
243 166 0.008
243 57 0.019
243 319 0.091
243 242 0.036
243 209 0.017
243 132 0.019
243 236 0.021
243 820 0.01
243 613 0.125
243 235 0.056
243 244 0.037
243 159 0.029
243 237 0.043
243 238 0.028
243 239 0.091
243 240 0.05
243 241 0.05
243 305 0.019
243 412 0.017
243 63 0.01
243 963 0.029
243 615 0.025
243 950 0.022
243 859 0.017
243 87 0.009
243 252 0.012
243 373 0.043
243 930 0.071
243 42 0.02
244 236 0.021
244 238 0.028
244 244 0.037
244 301 0.009
244 234 0.029
244 235 0.056
244 409 0.033
244 233 0.022
244 237 0.043
244 615 0.025
244 460 0.023
244 210 0.013
244 158 0.023
244 243 0.022
244 209 0.017
244 252 0.012
244 420 0.009
244 810 0.333
244 963 0.029
244 422 0.032
245 115 0.01
245 318 0.02
245 113 0.014
245 114 0.009
245 48 0.022
245 263 0.021
245 245 0.021
245 62 0.006
245 116 0.015
245 443 0.024
245 455 0.02
245 40 0.021
245 326 0.027
245 76 0.045
245 96 0.01
245 338 0.019
245 82 0.008
245 165 0.011
245 361 0.021
245 417 0.019
245 444 0.04
245 442 0.045
245 547 0.034
245 423 0.031
245 47 0.021
245 485 0.037
245 183 0.007
245 333 0.011
245 160 0.005
245 171 0.026
245 486 0.023
245 301 0.009
245 337 0.027
245 365 0.011
245 367 0.014
245 981 0.091
245 329 0.012
246 247 0.067
246 530 0.125
246 430 0.024
246 266 0.043
246 608 0.043
246 498 0.016
246 7 0.02
246 246 0.083
246 856 0.019
246 765 0.056
246 649 0.111
246 44 0.011
246 499 0.026
246 421 0.021
246 141 0.015
247 246 0.083
247 19 0.016
247 506 0.02
247 267 0.056
247 661 0.026
247 700 0.037
247 11 0.016
247 7 0.02
247 707 0.029
247 498 0.016
248 74 0.013
248 142 0.01
248 612 0.021
248 297 0.053
248 696 0.143
248 366 0.012
248 260 0.053
248 259 0.04
248 73 0.04
248 0 0.031
248 17 0.016
248 459 0.015
248 330 0.111
248 309 0.034
248 221 0.019
248 372 0.045
249 212 0.01
249 255 0.022
249 256 0.008
249 105 0.009
249 115 0.01
249 169 0.01
249 62 0.006
249 355 0.024
249 129 0.007
249 363 0.026
249 434 0.007
249 42 0.02
249 106 0.008
249 430 0.024
249 283 0.008
249 607 0.038
249 424 0.011
249 155 0.019
249 441 0.023
249 81 0.011
249 160 0.005
249 82 0.008
249 210 0.013
249 506 0.02
249 301 0.009
249 128 0.008
249 365 0.011
249 147 0.027
249 141 0.015
249 222 0.018
249 569 0.034
249 44 0.011
249 183 0.007
249 371 0.013
249 404 0.016
249 493 0.014
249 153 0.043
249 107 0.006
249 405 0.012
249 7 0.02
249 474 0.016
249 495 0.02
249 114 0.009
249 83 0.012
249 462 0.04
249 577 0.2
249 162 0.02
249 530 0.125
249 518 0.015
249 63 0.01
249 327 0.034
249 58 0.01
249 473 0.013
249 16 0.015
249 21 0.009
249 28 0.01
249 280 0.01
249 672 0.077
249 438 0.013
249 152 0.017
249 145 0.021
249 166 0.008
249 546 0.014
249 121 0.006
249 5 0.008
249 211 0.008
249 17 0.016
249 221 0.019
249 661 0.026
249 427 0.021
249 243 0.022
249 460 0.023
249 420 0.009
249 602 0.05
249 820 0.01
249 362 0.016
249 419 0.014
249 84 0.021
249 533 0.012
249 856 0.019
249 353 0.034
249 282 0.009
249 142 0.01
249 303 0.012
249 236 0.021
249 46 0.015
249 310 0.042
249 356 0.021
249 329 0.012
249 80 0.016
249 490 0.029
249 671 0.04
249 54 0.024
249 543 0.03
249 440 0.016
249 531 0.022
249 377 0.011
249 87 0.009
249 208 0.019
249 367 0.014
249 401 0.031
249 165 0.011
249 184 0.014
249 550 0.04
249 489 0.037
249 464 0.023
249 218 0.023
249 180 0.015
249 278 0.025
249 64 0.007
249 695 0.091
249 2 0.013
249 12 0.022
249 19 0.016
249 187 0.026
249 589 0.062
249 159 0.029
249 431 0.043
249 23 0.015
249 340 0.011
249 173 0.016
249 333 0.011
249 357 0.024
249 366 0.012
249 215 0.013
249 201 0.023
249 132 0.019
249 642 0.05
249 163 0.027
249 18 0.022
249 253 0.043
249 137 0.013
249 249 0.009
249 505 0.077
249 296 0.014
249 393 0.015
249 407 0.045
249 203 0.026
249 131 0.022
249 154 0.026
249 654 0.027
249 954 0.143
249 765 0.056
249 161 0.029
249 747 0.045
249 615 0.025
249 3 0.016
249 252 0.012
249 286 0.024
249 859 0.017
249 541 0.071
249 179 0.02
249 513 0.024
249 172 0.014
249 548 0.05
249 833 0.2
249 421 0.021
249 170 0.011
249 388 0.043
249 950 0.022
250 150 0.031
250 181 0.022
250 394 0.033
250 250 0.033
250 377 0.011
250 104 0.031
250 103 0.023
250 395 0.028
250 0 0.031
250 1 0.02
250 495 0.02
250 526 0.02
250 296 0.014
250 351 0.023
250 60 0.026
250 160 0.005
250 113 0.014
250 320 0.025
250 741 0.2
250 174 0.015
250 157 0.019
250 393 0.015
250 321 0.027
250 368 0.022
251 169 0.01
251 336 0.031
251 251 0.032
251 116 0.015
251 40 0.021
251 23 0.015
251 438 0.013
251 32 0.031
251 340 0.011
251 123 0.033
251 339 0.025
251 26 0.033
251 135 0.029
251 136 0.037
251 437 0.038
251 455 0.02
251 160 0.005
251 115 0.01
251 96 0.01
251 417 0.019
251 170 0.011
251 338 0.019
251 62 0.006
251 370 0.071
251 30 0.018
251 151 0.024
251 860 0.062
251 27 0.02
251 172 0.014
251 361 0.021
251 47 0.021
251 914 0.056
251 900 0.042
252 233 0.022
252 166 0.008
252 121 0.006
252 145 0.021
252 115 0.01
252 212 0.01
252 288 0.036
252 58 0.01
252 175 0.125
252 305 0.019
252 48 0.022
252 105 0.009
252 304 0.036
252 96 0.01
252 89 0.018
252 88 0.033
252 302 0.043
252 369 0.167
252 408 0.026
252 132 0.019
252 2 0.013
252 269 0.014
252 412 0.017
252 303 0.012
252 59 0.022
252 63 0.01
252 281 0.022
252 183 0.007
252 107 0.006
252 137 0.013
252 211 0.008
252 84 0.021
252 4 0.014
252 54 0.024
252 546 0.014
252 82 0.008
252 154 0.026
252 520 0.021
252 160 0.005
252 57 0.019
252 56 0.026
252 114 0.009
252 81 0.011
252 169 0.01
252 845 0.038
252 533 0.012
252 55 0.029
252 159 0.029
252 685 0.027
252 285 0.015
252 625 0.167
252 237 0.043
252 209 0.017
252 854 0.143
252 273 0.042
252 210 0.013
252 234 0.029
252 272 0.024
252 252 0.012
252 404 0.016
252 238 0.028
252 286 0.024
252 880 0.037
252 411 0.014
252 481 0.026
252 271 0.017
252 241 0.05
252 46 0.015
252 174 0.015
252 244 0.037
252 235 0.056
252 243 0.022
252 859 0.017
252 571 0.05
252 924 0.1
252 832 0.045
252 138 0.034
252 738 0.031
252 193 0.04
252 333 0.011
252 812 0.023
252 5 0.008
252 518 0.015
252 826 0.045
252 195 0.034
252 6 0.011
252 809 0.023
252 131 0.022
252 194 0.024
252 3 0.016
252 283 0.008
252 601 0.027
252 117 0.067
252 611 0.04
252 66 0.05
252 389 0.029
252 661 0.026
252 153 0.043
252 338 0.019
252 480 0.029
252 83 0.012
252 654 0.027
252 803 0.062
252 162 0.02
252 552 0.028
252 740 0.333
252 282 0.009
252 932 0.019
252 87 0.009
252 236 0.021
252 419 0.014
252 427 0.021
252 849 0.143
253 75 0.071
253 282 0.009
253 373 0.043
253 459 0.015
253 80 0.016
253 21 0.009
253 20 0.016
253 222 0.018
253 405 0.012
253 434 0.007
253 106 0.008
253 259 0.04
253 315 0.125
253 189 0.016
253 227 0.053
253 671 0.04
253 316 0.026
253 258 0.031
253 607 0.038
253 228 0.045
253 62 0.006
253 162 0.02
253 166 0.008
253 366 0.012
253 615 0.025
253 107 0.006
253 87 0.009
253 237 0.043
253 418 0.034
253 184 0.014
253 212 0.01
253 509 0.021
253 932 0.019
253 142 0.01
253 121 0.006
254 137 0.013
254 226 0.022
254 62 0.006
254 186 0.05
254 107 0.006
254 282 0.009
254 142 0.01
254 115 0.01
254 31 0.026
254 152 0.017
254 665 0.045
254 256 0.008
254 492 0.043
254 651 0.083
254 58 0.01
254 74 0.013
254 170 0.011
254 144 0.091
254 345 0.043
254 180 0.015
254 1 0.02
254 227 0.053
254 17 0.016
254 340 0.011
254 173 0.016
254 531 0.022
254 77 0.056
254 493 0.014
254 129 0.007
254 128 0.008
254 41 0.015
254 642 0.05
254 453 0.05
254 393 0.015
254 296 0.014
254 329 0.012
254 474 0.016
254 21 0.009
254 114 0.009
254 427 0.021
254 367 0.014
254 169 0.01
254 28 0.01
254 23 0.015
254 441 0.023
254 44 0.011
254 371 0.013
254 404 0.016
254 269 0.014
254 46 0.015
254 233 0.022
254 210 0.013
254 303 0.012
254 252 0.012
254 63 0.01
254 495 0.02
254 147 0.027
254 81 0.011
254 420 0.009
254 490 0.029
254 462 0.04
254 174 0.015
254 153 0.043
254 355 0.024
254 255 0.022
254 165 0.011
254 106 0.008
254 458 0.024
254 84 0.021
254 290 0.015
254 445 0.042
254 285 0.015
254 216 0.038
254 283 0.008
254 366 0.012
254 254 0.034
254 859 0.017
254 820 0.01
254 932 0.019
254 121 0.006
254 518 0.015
254 433 0.053
254 211 0.008
255 249 0.009
255 363 0.026
255 255 0.022
255 256 0.008
255 712 0.25
255 16 0.015
255 212 0.01
255 62 0.006
255 152 0.017
255 107 0.006
255 607 0.038
255 282 0.009
255 106 0.008
255 434 0.007
255 5 0.008
255 329 0.012
255 114 0.009
255 46 0.015
255 211 0.008
255 371 0.013
255 63 0.01
255 169 0.01
255 303 0.012
255 170 0.011
255 137 0.013
255 1 0.02
255 189 0.016
255 316 0.026
255 215 0.013
255 295 0.018
255 365 0.011
255 366 0.012
255 222 0.018
255 210 0.013
255 405 0.012
255 545 0.053
255 424 0.011
255 105 0.009
255 419 0.014
255 83 0.012
255 284 0.029
255 283 0.008
255 160 0.005
255 472 0.143
255 42 0.02
255 421 0.021
256 212 0.01
256 357 0.024
256 211 0.008
256 296 0.014
256 81 0.011
256 82 0.008
256 132 0.019
256 107 0.006
256 425 0.059
256 495 0.02
256 106 0.008
256 114 0.009
256 170 0.011
256 493 0.014
256 105 0.009
256 191 0.021
256 283 0.008
256 186 0.05
256 365 0.011
256 518 0.015
256 531 0.022
256 557 0.067
256 154 0.026
256 355 0.024
256 249 0.009
256 705 0.143
256 304 0.036
256 4 0.014
256 121 0.006
256 183 0.007
256 280 0.01
256 128 0.008
256 62 0.006
256 405 0.012
256 51 0.016
256 356 0.021
256 263 0.021
256 30 0.018
256 210 0.013
256 234 0.029
256 318 0.02
256 165 0.011
256 115 0.01
256 338 0.019
256 169 0.01
256 820 0.01
256 474 0.016
256 133 0.014
256 152 0.017
256 256 0.008
256 489 0.037
256 87 0.009
257 278 0.025
257 180 0.015
257 544 0.036
257 426 0.022
257 284 0.029
257 231 0.02
257 183 0.007
257 450 0.019
257 401 0.031
257 130 0.028
257 167 0.02
257 526 0.02
257 568 0.043
257 543 0.03
258 183 0.007
258 329 0.012
258 62 0.006
258 474 0.016
258 258 0.031
258 402 0.111
258 469 0.056
258 410 0.111
258 107 0.006
258 357 0.024
258 105 0.009
258 434 0.007
258 365 0.011
258 22 0.077
258 108 0.027
258 143 0.022
258 356 0.021
258 66 0.05
258 110 0.111
258 375 0.019
258 91 0.037
258 476 0.143
258 111 0.125
258 112 0.059
258 328 0.062
258 477 0.091
258 478 0.037
258 90 0.042
258 559 0.167
258 142 0.01
258 421 0.021
258 831 1.0
258 454 0.143
258 198 0.053
258 468 0.048
258 16 0.015
258 249 0.009
258 424 0.011
258 211 0.008
258 18 0.022
258 160 0.005
258 199 0.026
258 132 0.019
258 256 0.008
258 282 0.009
258 165 0.011
258 27 0.02
258 417 0.019
258 152 0.017
258 347 0.042
258 1003 1.0
259 72 0.167
259 260 0.053
259 20 0.016
259 74 0.013
259 248 0.05
259 92 0.026
259 400 0.034
259 173 0.016
259 259 0.04
259 106 0.008
259 21 0.009
259 73 0.04
259 297 0.053
259 69 0.024
259 728 0.062
259 327 0.034
259 127 0.062
259 86 0.006
259 89 0.018
259 818 0.1
259 536 0.091
259 508 0.038
259 83 0.012
259 777 0.059
259 509 0.021
260 74 0.013
260 248 0.05
260 297 0.053
260 259 0.04
260 400 0.034
260 69 0.024
260 325 0.038
260 336 0.031
260 508 0.038
260 311 0.032
260 331 0.053
260 89 0.018
260 728 0.062
260 93 0.02
260 173 0.016
260 950 0.022
260 509 0.021
260 260 0.053
261 32 0.031
261 30 0.018
261 438 0.013
261 116 0.015
261 28 0.01
261 48 0.022
261 151 0.024
261 27 0.02
261 367 0.014
261 115 0.01
261 753 0.059
261 96 0.01
261 170 0.011
261 261 0.023
261 455 0.02
261 119 0.077
261 655 0.038
261 427 0.021
261 470 0.048
261 121 0.006
261 51 0.016
261 160 0.005
261 171 0.026
261 35 0.019
261 75 0.071
261 494 0.013
261 980 0.167
261 165 0.011
261 82 0.008
261 29 0.021
261 986 0.333
262 262 0.045
262 215 0.013
262 656 0.091
262 180 0.015
262 402 0.111
262 191 0.021
262 122 0.048
262 231 0.02
262 62 0.006
262 179 0.02
262 349 0.056
262 278 0.025
262 160 0.005
262 814 0.25
262 347 0.042
262 100 0.028
262 377 0.011
262 148 0.071
262 376 0.028
262 907 0.083
262 344 0.071
262 903 0.333
262 301 0.009
263 263 0.021
263 114 0.009
263 160 0.005
263 417 0.019
263 444 0.04
263 423 0.031
263 245 0.021
263 76 0.045
263 485 0.037
263 527 0.067
263 361 0.021
263 113 0.014
263 443 0.024
263 318 0.02
263 442 0.045
263 47 0.021
263 48 0.022
263 171 0.026
263 333 0.011
263 96 0.01
263 62 0.006
263 455 0.02
263 16 0.015
263 86 0.006
263 419 0.014
263 547 0.034
263 151 0.024
263 367 0.014
263 438 0.013
263 486 0.023
263 115 0.01
263 280 0.01
263 426 0.022
263 338 0.019
263 169 0.01
263 168 0.016
263 290 0.015
263 405 0.012
263 82 0.008
263 116 0.015
263 897 1.0
263 686 0.125
263 531 0.022
263 301 0.009
263 847 0.036
263 232 0.013
263 283 0.008
263 303 0.012
263 274 0.043
263 121 0.006
263 925 0.071
263 919 0.091
263 976 0.1
263 411 0.014
263 981 0.091
263 29 0.021
264 265 0.032
264 266 0.043
264 267 0.056
264 498 0.016
264 500 0.056
264 440 0.016
264 452 0.034
264 264 0.037
264 441 0.023
264 608 0.043
264 213 0.028
264 61 0.018
264 161 0.029
264 661 0.026
264 533 0.012
264 499 0.026
264 804 0.083
264 12 0.022
264 247 0.067
264 570 0.062
264 700 0.037
264 7 0.02
264 141 0.015
264 19 0.016
264 9 0.037
264 406 0.04
264 359 0.05
264 707 0.029
264 232 0.013
264 823 0.05
264 358 0.025
264 569 0.034
264 160 0.005
264 856 0.019
264 510 0.053
265 264 0.037
265 19 0.016
265 267 0.056
265 12 0.022
265 451 0.125
265 525 0.029
265 266 0.043
265 608 0.043
265 11 0.016
265 265 0.032
265 213 0.028
265 407 0.045
265 360 0.036
265 498 0.016
265 570 0.062
265 359 0.05
265 533 0.012
265 9 0.037
265 61 0.018
265 8 0.029
265 141 0.015
265 7 0.02
265 500 0.056
265 674 0.111
265 452 0.034
265 232 0.013
265 529 0.031
265 804 0.083
265 707 0.029
265 661 0.026
265 823 0.05
265 555 0.067
265 957 0.1
265 503 0.083
265 161 0.029
265 856 0.019
266 266 0.043
266 267 0.056
266 608 0.043
266 265 0.032
266 264 0.037
266 440 0.016
266 7 0.02
266 61 0.018
266 498 0.016
266 565 0.125
266 804 0.083
266 141 0.015
266 466 0.028
266 720 0.062
266 441 0.023
266 11 0.016
266 9 0.037
266 358 0.025
266 555 0.067
266 324 0.071
266 754 0.045
266 232 0.013
266 525 0.029
266 407 0.045
266 500 0.056
266 12 0.022
266 533 0.012
266 950 0.022
266 213 0.028
267 19 0.016
267 265 0.032
267 498 0.016
267 267 0.056
267 570 0.062
267 608 0.043
267 12 0.022
267 266 0.043
267 61 0.018
267 264 0.037
268 106 0.008
268 459 0.015
268 222 0.018
268 1 0.02
268 215 0.013
268 221 0.019
268 311 0.032
268 227 0.053
268 212 0.01
268 295 0.018
268 74 0.013
268 223 0.024
268 316 0.026
268 248 0.05
268 301 0.009
268 537 0.056
268 160 0.005
268 309 0.034
268 73 0.04
268 494 0.013
268 549 0.024
268 313 0.059
268 19 0.016
268 218 0.023
268 419 0.014
268 421 0.021
268 405 0.012
268 300 0.025
268 934 0.25
268 340 0.011
269 45 0.026
269 46 0.015
269 140 0.03
269 288 0.036
269 256 0.008
269 216 0.038
269 269 0.014
269 139 0.028
269 448 0.03
269 434 0.007
269 15 0.022
269 273 0.042
269 272 0.024
269 274 0.043
269 164 0.026
269 657 1.0
269 303 0.012
269 210 0.013
269 371 0.013
269 63 0.01
269 236 0.021
269 211 0.008
269 174 0.015
269 365 0.011
269 533 0.012
269 5 0.008
269 212 0.01
269 301 0.009
269 461 0.062
269 429 0.033
269 592 0.034
269 428 0.043
269 154 0.026
269 105 0.009
269 420 0.009
269 145 0.021
269 820 0.01
269 166 0.008
269 121 0.006
269 579 0.062
269 335 0.043
269 615 0.025
269 142 0.01
269 617 0.167
269 155 0.019
269 424 0.011
269 64 0.007
269 16 0.015
269 446 0.045
269 404 0.016
269 644 0.083
269 322 0.05
269 933 0.067
269 929 0.091
269 447 0.036
269 107 0.006
269 513 0.024
269 643 0.077
269 334 0.056
269 422 0.032
269 473 0.013
269 282 0.009
269 932 0.019
269 254 0.034
270 129 0.007
270 280 0.01
270 611 0.04
270 28 0.01
270 486 0.023
270 278 0.025
270 183 0.007
271 272 0.024
271 243 0.022
271 132 0.019
271 131 0.022
271 411 0.014
271 366 0.012
271 64 0.007
271 717 0.1
271 271 0.017
271 737 0.5
271 211 0.008
271 58 0.01
271 448 0.03
271 192 0.053
271 305 0.019
271 273 0.042
271 412 0.017
271 809 0.023
271 698 0.042
271 738 0.031
271 303 0.012
271 145 0.021
271 137 0.013
271 285 0.015
271 408 0.026
271 528 0.111
271 55 0.029
271 209 0.017
271 210 0.013
271 183 0.007
271 54 0.024
271 552 0.028
271 63 0.01
271 13 0.016
271 481 0.026
271 152 0.017
271 57 0.019
271 46 0.015
271 45 0.026
271 142 0.01
271 252 0.012
271 4 0.014
271 2 0.013
271 301 0.009
271 3 0.016
271 518 0.015
271 859 0.017
271 283 0.008
271 949 0.056
271 281 0.022
271 282 0.009
271 470 0.048
271 56 0.026
271 80 0.016
271 400 0.034
271 10 0.024
271 323 0.032
271 513 0.024
271 256 0.008
272 290 0.015
272 584 0.25
272 46 0.015
272 271 0.017
272 15 0.022
272 273 0.042
272 274 0.043
272 272 0.024
272 592 0.034
272 269 0.014
272 462 0.04
272 164 0.026
272 409 0.033
272 448 0.03
272 45 0.026
272 186 0.05
272 140 0.03
272 63 0.01
272 3 0.016
272 651 0.083
272 309 0.034
272 612 0.021
272 21 0.009
272 563 0.083
272 84 0.021
272 310 0.042
272 428 0.043
272 429 0.033
272 447 0.036
272 183 0.007
272 617 0.167
272 216 0.038
272 6 0.011
272 137 0.013
272 334 0.056
272 710 0.053
272 446 0.045
272 812 0.023
273 269 0.014
273 322 0.05
273 46 0.015
273 139 0.028
273 273 0.042
273 429 0.033
273 461 0.062
273 274 0.043
273 140 0.03
273 447 0.036
273 448 0.03
273 45 0.026
273 4 0.014
273 2 0.013
273 819 0.2
273 15 0.022
273 272 0.024
273 164 0.026
273 216 0.038
273 271 0.017
273 209 0.017
273 428 0.043
273 812 0.023
273 579 0.062
273 301 0.009
274 269 0.014
274 592 0.034
274 15 0.022
274 46 0.015
274 45 0.026
274 140 0.03
274 21 0.009
274 139 0.028
275 276 0.111
275 172 0.014
275 542 0.071
275 515 0.026
275 413 0.042
275 440 0.016
275 562 0.038
275 450 0.019
275 275 0.04
275 493 0.014
275 458 0.024
275 129 0.007
275 178 0.034
275 168 0.016
275 813 0.2
275 60 0.026
275 511 0.048
275 232 0.013
275 368 0.022
275 226 0.022
275 176 0.04
275 123 0.033
275 789 0.1
275 177 0.024
275 200 0.029
275 526 0.02
275 840 0.062
275 426 0.022
275 479 0.2
275 65 0.025
275 160 0.005
275 86 0.006
276 426 0.022
276 276 0.111
277 277 0.062
277 284 0.029
277 296 0.014
277 232 0.013
277 231 0.02
277 289 0.125
277 280 0.01
277 214 0.02
277 180 0.015
277 167 0.02
277 14 0.018
277 515 0.026
277 203 0.026
277 206 0.023
277 130 0.028
277 621 0.077
278 257 0.062
278 256 0.008
278 180 0.015
278 343 0.05
278 183 0.007
278 121 0.006
278 493 0.014
278 168 0.016
278 129 0.007
278 278 0.025
278 130 0.028
278 214 0.02
278 611 0.04
278 179 0.02
278 351 0.023
278 191 0.021
278 420 0.009
278 13 0.016
278 486 0.023
278 284 0.029
278 301 0.009
278 128 0.008
278 28 0.01
278 722 0.25
278 345 0.043
278 621 0.077
278 363 0.026
278 681 0.05
278 365 0.011
278 157 0.019
278 342 0.023
278 149 0.042
278 262 0.045
278 106 0.008
278 908 0.05
278 292 0.029
278 160 0.005
278 789 0.1
278 495 0.02
278 347 0.042
279 107 0.006
279 62 0.006
279 279 0.111
279 160 0.005
279 118 0.042
279 333 0.011
279 82 0.008
280 231 0.02
280 289 0.125
280 270 0.083
280 196 0.043
280 168 0.016
280 167 0.02
280 290 0.015
280 203 0.026
280 14 0.018
280 291 0.045
280 284 0.029
280 129 0.007
280 130 0.028
280 292 0.029
280 464 0.023
280 133 0.014
280 574 0.25
280 53 0.037
280 280 0.01
280 165 0.011
280 377 0.011
280 115 0.01
280 107 0.006
280 493 0.014
280 232 0.013
280 494 0.013
280 409 0.033
280 83 0.012
280 172 0.014
280 41 0.015
280 434 0.007
280 450 0.019
280 342 0.023
280 206 0.023
280 424 0.011
280 363 0.026
280 655 0.038
280 813 0.2
280 62 0.006
280 95 0.027
280 181 0.022
280 228 0.045
280 114 0.009
280 367 0.014
280 426 0.022
280 179 0.02
280 214 0.02
280 296 0.014
280 18 0.022
280 169 0.01
280 128 0.008
280 820 0.01
280 340 0.011
280 51 0.016
280 170 0.011
280 47 0.021
280 219 0.056
280 116 0.015
280 263 0.021
280 294 0.045
280 483 0.028
280 160 0.005
280 113 0.014
280 572 0.045
280 515 0.026
280 204 0.036
280 13 0.016
280 121 0.006
280 734 0.077
280 1 0.02
280 148 0.071
280 351 0.023
280 575 0.091
280 256 0.008
280 82 0.008
280 249 0.009
280 201 0.023
280 303 0.012
280 81 0.011
280 21 0.009
280 388 0.043
280 333 0.011
280 523 0.062
280 199 0.026
280 419 0.014
280 86 0.006
280 42 0.02
280 440 0.016
280 922 0.059
280 278 0.025
280 221 0.019
280 87 0.009
280 283 0.008
280 473 0.013
280 420 0.009
281 281 0.022
281 137 0.013
281 2 0.013
281 211 0.008
281 552 0.028
281 58 0.01
281 63 0.01
281 208 0.019
281 4 0.014
281 520 0.021
281 56 0.026
281 5 0.008
281 64 0.007
281 408 0.026
281 3 0.016
281 174 0.015
281 698 0.042
281 194 0.024
281 195 0.034
281 286 0.024
281 571 0.05
281 301 0.009
281 54 0.024
281 160 0.005
281 685 0.027
281 13 0.016
281 738 0.031
281 121 0.006
281 412 0.017
281 411 0.014
281 845 0.038
281 6 0.011
281 305 0.019
281 683 0.111
281 615 0.025
281 57 0.019
281 718 0.167
281 252 0.012
281 131 0.022
281 16 0.015
281 424 0.011
281 82 0.008
281 107 0.006
281 62 0.006
281 494 0.013
281 481 0.026
281 949 0.056
281 333 0.011
281 880 0.037
281 859 0.017
281 183 0.007
281 932 0.019
281 59 0.022
281 271 0.017
281 105 0.009
281 990 0.05
281 164 0.026
282 283 0.008
282 212 0.01
282 121 0.006
282 83 0.012
282 424 0.011
282 62 0.006
282 16 0.015
282 254 0.034
282 226 0.022
282 74 0.013
282 589 0.062
282 559 0.167
282 142 0.01
282 493 0.014
282 115 0.01
282 188 0.038
282 166 0.008
282 355 0.024
282 64 0.007
282 518 0.015
282 225 0.04
282 17 0.016
282 427 0.021
282 366 0.012
282 586 0.04
282 58 0.01
282 474 0.016
282 84 0.021
282 318 0.02
282 371 0.013
282 132 0.019
282 509 0.021
282 253 0.043
282 546 0.014
282 183 0.007
282 269 0.014
282 173 0.016
282 288 0.036
282 662 0.062
282 373 0.043
282 375 0.019
282 153 0.043
282 401 0.031
282 4 0.014
282 290 0.015
282 357 0.024
282 441 0.023
282 196 0.043
282 184 0.014
282 163 0.027
282 80 0.016
282 665 0.045
282 139 0.028
282 77 0.056
282 10 0.024
282 131 0.022
282 531 0.022
282 223 0.024
282 20 0.016
282 41 0.015
282 160 0.005
282 233 0.022
282 393 0.015
282 105 0.009
282 31 0.026
282 255 0.022
282 333 0.011
282 87 0.009
282 572 0.045
282 280 0.01
282 174 0.015
282 405 0.012
282 404 0.016
282 340 0.011
282 434 0.007
282 209 0.017
282 612 0.021
282 222 0.018
282 560 0.036
282 494 0.013
282 248 0.05
282 687 0.143
282 234 0.029
282 641 0.083
282 106 0.008
282 65 0.025
282 880 0.037
282 249 0.009
282 107 0.006
282 45 0.026
282 311 0.032
282 35 0.019
282 191 0.021
282 420 0.009
282 597 0.071
282 258 0.031
282 464 0.023
282 210 0.013
282 820 0.01
282 68 0.026
282 856 0.019
282 356 0.021
282 268 0.034
282 411 0.014
282 218 0.023
282 812 0.023
282 588 0.045
282 79 0.029
282 28 0.01
282 221 0.019
282 252 0.012
282 256 0.008
282 533 0.012
282 129 0.007
282 190 0.034
282 932 0.019
282 170 0.011
283 308 0.029
283 282 0.009
283 82 0.008
283 121 0.006
283 62 0.006
283 256 0.008
283 365 0.011
283 107 0.006
283 142 0.01
283 5 0.008
283 105 0.009
283 103 0.023
283 283 0.008
283 132 0.019
283 373 0.043
283 166 0.008
283 210 0.013
283 366 0.012
283 16 0.015
283 589 0.062
283 83 0.012
283 288 0.036
283 106 0.008
283 303 0.012
283 372 0.045
283 60 0.026
283 495 0.02
283 601 0.027
283 380 0.03
283 181 0.022
283 215 0.013
283 389 0.029
283 390 0.034
283 61 0.018
283 392 0.053
283 394 0.033
283 296 0.014
283 395 0.028
283 14 0.018
283 377 0.011
283 368 0.022
283 104 0.031
283 321 0.027
283 295 0.018
283 693 0.2
283 494 0.013
283 752 0.2
283 86 0.006
283 160 0.005
283 594 0.167
283 21 0.009
283 249 0.009
283 388 0.043
283 125 0.05
283 518 0.015
283 162 0.02
283 174 0.015
283 152 0.017
283 492 0.043
283 420 0.009
283 577 0.2
283 221 0.019
283 405 0.012
283 4 0.014
283 411 0.014
283 376 0.028
283 153 0.043
283 355 0.024
283 314 0.031
283 81 0.011
283 58 0.01
283 424 0.011
283 434 0.007
283 114 0.009
283 379 0.029
283 46 0.015
283 820 0.01
283 758 0.071
283 333 0.011
283 378 0.042
283 211 0.008
283 128 0.008
283 371 0.013
283 393 0.015
283 320 0.025
283 44 0.011
283 2 0.013
283 28 0.01
283 169 0.01
283 367 0.014
283 201 0.023
283 426 0.022
283 51 0.016
283 356 0.021
283 263 0.021
283 318 0.02
283 290 0.015
283 329 0.012
283 187 0.026
283 548 0.05
283 932 0.019
283 453 0.05
283 63 0.01
283 129 0.007
283 0 0.031
283 131 0.022
283 255 0.022
283 493 0.014
283 253 0.043
283 560 0.036
283 234 0.029
283 252 0.012
283 133 0.014
283 254 0.034
283 280 0.01
283 726 0.111
283 137 0.013
283 3 0.016
284 155 0.019
284 160 0.005
284 149 0.042
284 377 0.011
284 232 0.013
284 351 0.023
284 277 0.062
284 280 0.01
284 231 0.02
284 284 0.029
284 301 0.009
284 5 0.008
284 749 0.2
284 180 0.015
284 14 0.018
284 133 0.014
284 734 0.077
284 1 0.02
284 296 0.014
284 6 0.011
284 257 0.062
284 168 0.016
284 191 0.021
284 157 0.019
284 278 0.025
284 292 0.029
284 342 0.023
284 621 0.077
284 681 0.05
284 214 0.02
284 174 0.015
284 167 0.02
284 511 0.048
284 206 0.023
284 107 0.006
284 203 0.026
284 642 0.05
284 255 0.022
284 472 0.143
284 130 0.028
285 286 0.024
285 211 0.008
285 305 0.019
285 208 0.019
285 552 0.028
285 174 0.015
285 155 0.019
285 303 0.012
285 533 0.012
285 2 0.013
285 408 0.026
285 520 0.021
285 63 0.01
285 281 0.022
285 532 0.05
285 285 0.015
285 132 0.019
285 58 0.01
285 4 0.014
285 137 0.013
285 683 0.111
285 57 0.019
285 774 1.0
285 698 0.042
285 412 0.017
285 54 0.024
285 426 0.022
285 55 0.029
285 738 0.031
285 481 0.026
285 411 0.014
285 89 0.018
285 88 0.033
285 809 0.023
285 83 0.012
285 96 0.01
285 301 0.009
285 254 0.034
285 302 0.043
285 183 0.007
285 271 0.017
285 371 0.013
285 586 0.04
285 164 0.026
285 15 0.022
285 304 0.036
285 5 0.008
285 160 0.005
285 138 0.034
285 571 0.05
285 625 0.167
285 129 0.007
285 65 0.025
285 806 0.2
285 166 0.008
285 107 0.006
285 62 0.006
285 812 0.023
285 854 0.143
285 379 0.029
285 252 0.012
285 105 0.009
285 209 0.017
285 949 0.056
285 131 0.022
285 168 0.016
285 172 0.014
285 840 0.062
285 425 0.059
285 401 0.031
285 562 0.038
285 458 0.024
285 457 0.04
285 990 0.05
285 921 0.091
285 420 0.009
286 4 0.014
286 174 0.015
286 286 0.024
286 58 0.01
286 137 0.013
286 303 0.012
286 57 0.019
286 63 0.01
286 3 0.016
286 285 0.015
286 211 0.008
286 138 0.034
286 126 0.036
286 56 0.026
286 571 0.05
286 183 0.007
286 305 0.019
286 2 0.013
286 532 0.05
286 80 0.016
286 408 0.026
286 329 0.012
286 815 0.071
286 520 0.021
286 6 0.011
286 880 0.037
286 481 0.026
286 738 0.031
286 411 0.014
286 129 0.007
286 412 0.017
286 410 0.111
286 252 0.012
286 859 0.017
286 59 0.022
287 69 0.024
287 80 0.016
287 184 0.014
287 189 0.016
287 92 0.026
287 20 0.016
287 81 0.011
287 106 0.008
287 68 0.026
287 298 0.111
287 536 0.091
287 418 0.034
287 21 0.009
287 160 0.005
287 162 0.02
287 494 0.013
287 299 0.048
288 233 0.022
288 162 0.02
288 217 0.067
288 84 0.021
288 252 0.012
288 71 0.067
288 70 0.062
288 433 0.053
288 104 0.031
288 283 0.008
288 282 0.009
288 432 0.143
288 654 0.027
288 105 0.009
288 152 0.017
288 212 0.01
288 549 0.024
288 756 0.059
288 431 0.043
288 613 0.125
288 434 0.007
288 333 0.011
288 288 0.036
288 58 0.01
288 19 0.016
288 758 0.071
288 295 0.018
288 83 0.012
288 571 0.05
288 199 0.026
288 371 0.013
288 296 0.014
290 290 0.015
290 484 0.053
290 567 0.25
290 568 0.043
290 572 0.045
290 620 0.333
290 198 0.053
290 584 0.25
290 231 0.02
290 329 0.012
290 357 0.024
290 706 0.1
290 86 0.006
290 108 0.027
290 62 0.006
290 282 0.009
290 16 0.015
290 114 0.009
290 272 0.024
290 6 0.011
290 64 0.007
290 107 0.006
290 160 0.005
290 494 0.013
290 143 0.022
290 280 0.01
290 99 0.043
290 694 0.143
290 424 0.011
290 256 0.008
290 340 0.011
290 493 0.014
290 822 0.067
290 563 0.083
290 121 0.006
290 129 0.007
290 83 0.012
290 356 0.021
290 106 0.008
290 65 0.025
290 531 0.022
290 437 0.038
290 419 0.014
290 168 0.016
290 295 0.018
290 206 0.023
290 426 0.022
290 14 0.018
290 263 0.021
290 643 0.077
290 167 0.02
290 79 0.029
290 165 0.011
290 210 0.013
290 405 0.012
290 145 0.021
290 128 0.008
290 283 0.008
290 546 0.014
290 301 0.009
290 294 0.045
290 130 0.028
290 166 0.008
290 87 0.009
290 211 0.008
290 184 0.014
291 291 0.045
291 181 0.022
291 346 0.042
291 206 0.023
291 280 0.01
291 203 0.026
291 257 0.062
291 142 0.01
291 168 0.016
291 450 0.019
291 294 0.045
291 458 0.024
291 420 0.009
291 256 0.008
291 543 0.03
291 542 0.071
291 493 0.014
291 129 0.007
291 232 0.013
291 464 0.023
291 290 0.015
291 133 0.014
291 14 0.018
291 93 0.02
292 176 0.04
292 543 0.03
292 62 0.006
292 377 0.011
292 284 0.029
292 611 0.04
292 83 0.012
292 231 0.02
292 280 0.01
292 133 0.014
292 523 0.062
292 493 0.014
292 426 0.022
292 168 0.016
292 515 0.026
292 129 0.007
292 292 0.029
292 450 0.019
292 232 0.013
292 486 0.023
292 950 0.022
292 484 0.053
292 822 0.067
292 1000 0.2
293 19 0.016
293 293 0.062
293 504 0.028
293 506 0.02
293 530 0.125
293 8 0.029
293 374 0.111
293 754 0.045
293 365 0.011
293 141 0.015
293 44 0.011
293 11 0.016
293 360 0.036
293 525 0.029
293 765 0.056
293 661 0.026
293 856 0.019
294 346 0.042
294 206 0.023
294 203 0.026
294 294 0.045
294 493 0.014
294 342 0.023
294 214 0.02
294 526 0.02
294 301 0.009
294 129 0.007
294 280 0.01
294 377 0.011
294 291 0.045
294 232 0.013
294 290 0.015
294 543 0.03
294 457 0.04
294 572 0.045
295 296 0.014
295 378 0.042
295 379 0.029
295 103 0.023
295 380 0.03
295 381 0.037
295 382 0.2
295 376 0.028
295 181 0.022
295 383 0.167
295 384 0.062
295 283 0.008
295 157 0.019
295 385 0.048
295 386 0.125
295 387 0.043
295 388 0.043
295 389 0.029
295 390 0.034
295 61 0.018
295 391 0.053
295 392 0.053
295 393 0.015
295 394 0.033
295 250 0.033
295 395 0.028
295 396 0.071
295 397 0.029
295 398 0.25
295 377 0.011
295 368 0.022
295 104 0.031
295 321 0.027
295 60 0.026
295 150 0.031
295 320 0.025
295 295 0.018
295 86 0.006
295 459 0.015
295 18 0.022
295 434 0.007
295 215 0.013
295 308 0.029
295 107 0.006
295 331 0.053
295 268 0.034
295 276 0.111
295 162 0.02
295 62 0.006
295 314 0.031
295 182 0.036
295 472 0.143
295 255 0.022
295 576 0.053
295 290 0.015
295 288 0.036
295 560 0.036
295 179 0.02
295 471 0.125
295 82 0.008
295 486 0.023
295 311 0.032
295 172 0.014
295 16 0.015
295 210 0.013
295 628 0.143
295 521 0.077
295 585 0.111
295 292 0.029
295 317 0.053
295 341 0.111
295 106 0.008
295 313 0.059
295 450 0.019
295 424 0.011
295 142 0.01
295 947 0.125
295 717 0.1
296 296 0.014
296 393 0.015
296 377 0.011
296 181 0.022
296 295 0.018
296 385 0.048
296 387 0.043
296 342 0.023
296 203 0.026
296 351 0.023
296 179 0.02
296 379 0.029
296 397 0.029
296 256 0.008
296 380 0.03
296 105 0.009
296 107 0.006
296 62 0.006
296 395 0.028
296 103 0.023
296 376 0.028
297 49 0.077
297 696 0.143
297 248 0.05
297 260 0.053
297 73 0.04
297 17 0.016
297 341 0.111
297 74 0.013
297 177 0.024
297 905 0.5
297 311 0.032
297 309 0.034
297 86 0.006
298 299 0.048
298 184 0.014
298 246 0.083
298 106 0.008
298 685 0.027
298 536 0.091
298 507 0.25
298 287 0.059
298 551 0.083
298 42 0.02
298 473 0.013
298 137 0.013
298 549 0.024
298 301 0.009
299 184 0.014
299 171 0.026
299 473 0.013
299 146 0.071
299 551 0.083
299 190 0.034
299 81 0.011
299 855 0.25
299 590 0.036
299 700 0.037
299 299 0.048
299 6 0.011
299 418 0.034
299 710 0.053
299 546 0.014
299 509 0.021
299 80 0.016
299 287 0.059
299 968 0.333
300 97 0.048
300 160 0.005
300 107 0.006
300 62 0.006
300 355 0.024
300 108 0.027
300 419 0.014
300 405 0.012
300 102 0.062
300 444 0.04
300 126 0.036
300 128 0.008
300 312 0.048
300 314 0.031
300 145 0.021
300 226 0.022
300 300 0.025
300 828 0.053
300 124 0.03
300 46 0.015
300 169 0.01
300 329 0.012
300 158 0.023
300 64 0.007
300 45 0.026
300 531 0.022
300 2 0.013
300 434 0.007
300 87 0.009
300 106 0.008
300 323 0.032
300 892 0.071
300 889 0.25
300 183 0.007
300 475 0.5
300 642 0.05
300 44 0.011
300 495 0.02
300 739 0.167
300 263 0.021
300 218 0.023
300 283 0.008
300 209 0.017
300 161 0.029
300 303 0.012
300 210 0.013
300 255 0.022
300 638 0.167
300 21 0.009
300 371 0.013
300 10 0.024
300 367 0.014
300 173 0.016
300 896 0.048
300 100 0.028
300 142 0.01
300 81 0.011
300 269 0.014
300 68 0.026
300 101 0.04
300 460 0.023
300 187 0.026
300 194 0.024
300 282 0.009
300 12 0.022
300 11 0.016
300 118 0.042
300 662 0.062
300 268 0.034
300 42 0.02
301 248 0.05
301 211 0.008
301 420 0.009
301 244 0.037
301 362 0.016
301 137 0.013
301 651 0.083
301 511 0.048
301 118 0.042
301 624 0.091
301 13 0.016
301 284 0.029
301 183 0.007
301 113 0.014
301 301 0.009
301 155 0.019
301 337 0.027
301 428 0.043
301 269 0.014
301 474 0.016
301 321 0.027
301 147 0.027
301 655 0.038
301 4 0.014
301 281 0.022
301 173 0.016
301 285 0.015
301 209 0.017
301 597 0.071
301 276 0.111
301 157 0.019
301 63 0.01
301 214 0.02
301 502 0.056
301 473 0.013
301 159 0.029
301 225 0.04
301 294 0.045
301 228 0.045
301 857 0.25
301 445 0.042
301 818 0.1
301 25 0.031
301 581 0.037
301 81 0.011
301 100 0.028
301 61 0.018
301 268 0.034
301 641 0.083
301 327 0.034
301 29 0.021
301 199 0.026
301 314 0.031
301 166 0.008
301 482 0.029
301 52 0.056
301 393 0.015
301 184 0.014
301 312 0.048
301 290 0.015
301 368 0.022
301 170 0.011
301 809 0.023
301 596 0.333
301 747 0.045
301 132 0.019
301 22 0.077
301 169 0.01
301 93 0.02
301 35 0.019
301 930 0.071
301 963 0.029
301 262 0.045
301 108 0.027
301 138 0.034
301 168 0.016
301 216 0.038
301 340 0.011
301 21 0.009
301 856 0.019
301 189 0.016
301 180 0.015
301 36 0.023
301 931 0.077
301 28 0.01
301 423 0.031
301 8 0.029
302 303 0.012
302 89 0.018
302 455 0.02
302 333 0.011
302 96 0.01
302 88 0.033
302 438 0.013
302 304 0.036
302 419 0.014
302 5 0.008
302 302 0.043
302 238 0.028
302 160 0.005
302 183 0.007
302 285 0.015
302 809 0.023
302 123 0.033
302 252 0.012
303 302 0.043
303 304 0.036
303 183 0.007
303 13 0.016
303 62 0.006
303 89 0.018
303 209 0.017
303 96 0.01
303 56 0.026
303 57 0.019
303 610 0.125
303 619 0.167
303 285 0.015
303 15 0.022
303 210 0.013
303 371 0.013
303 286 0.024
303 211 0.008
303 63 0.01
303 137 0.013
303 630 0.333
303 369 0.167
303 363 0.026
303 212 0.01
303 88 0.033
303 303 0.012
303 434 0.007
303 59 0.022
303 423 0.031
303 170 0.011
303 129 0.007
303 4 0.014
303 520 0.021
303 3 0.016
303 281 0.022
303 174 0.015
303 80 0.016
303 28 0.01
303 21 0.009
303 114 0.009
303 340 0.011
303 169 0.01
303 367 0.014
303 329 0.012
303 159 0.029
303 46 0.015
303 283 0.008
303 355 0.024
303 249 0.009
303 58 0.01
303 166 0.008
303 121 0.006
303 236 0.021
303 271 0.017
303 738 0.031
303 424 0.011
303 5 0.008
303 235 0.056
303 551 0.083
303 845 0.038
303 571 0.05
303 252 0.012
303 301 0.009
303 300 0.025
303 365 0.011
303 256 0.008
303 412 0.017
303 909 0.167
303 807 0.167
303 280 0.01
303 87 0.009
303 544 0.036
303 128 0.008
303 362 0.016
303 81 0.011
303 106 0.008
303 924 0.1
303 356 0.021
303 411 0.014
303 244 0.037
303 405 0.012
303 950 0.022
303 105 0.009
303 242 0.036
303 896 0.048
303 859 0.017
303 82 0.008
304 303 0.012
304 304 0.036
304 96 0.01
304 211 0.008
304 420 0.009
304 89 0.018
304 369 0.167
304 88 0.033
304 302 0.043
304 285 0.015
304 82 0.008
304 54 0.024
304 809 0.023
304 256 0.008
304 252 0.012
304 16 0.015
304 87 0.009
304 86 0.006
304 424 0.011
304 455 0.02
304 271 0.017
304 58 0.01
305 2 0.013
305 63 0.01
305 285 0.015
305 58 0.01
305 211 0.008
305 57 0.019
305 552 0.028
305 412 0.017
305 305 0.019
305 408 0.026
305 55 0.029
305 698 0.042
305 5 0.008
305 6 0.011
305 54 0.024
305 132 0.019
305 286 0.024
305 195 0.034
305 738 0.031
305 411 0.014
305 56 0.026
305 685 0.027
305 809 0.023
305 64 0.007
305 4 0.014
305 137 0.013
305 481 0.026
305 84 0.021
305 138 0.034
305 243 0.022
305 59 0.022
305 281 0.022
305 718 0.167
305 845 0.038
305 271 0.017
305 520 0.021
305 865 0.111
305 516 0.083
305 517 0.077
305 683 0.111
305 194 0.024
305 16 0.015
305 489 0.037
305 252 0.012
305 210 0.013
305 604 0.125
305 208 0.019
305 494 0.013
305 483 0.028
305 131 0.022
305 949 0.056
305 880 0.037
305 990 0.05
305 420 0.009
306 62 0.006
306 69 0.024
306 306 0.031
306 107 0.006
306 723 0.091
306 733 0.1
306 326 0.027
306 728 0.062
306 173 0.016
306 825 0.25
306 141 0.015
306 20 0.016
306 511 0.048
306 91 0.037
306 160 0.005
306 21 0.009
306 538 0.111
306 64 0.007
306 509 0.021
306 68 0.026
306 215 0.013
306 434 0.007
306 325 0.038
306 10 0.024
306 400 0.034
306 327 0.034
306 113 0.014
306 329 0.012
306 28 0.01
306 128 0.008
306 81 0.011
306 169 0.01
306 51 0.016
306 550 0.04
306 549 0.024
306 93 0.02
306 256 0.008
306 366 0.012
306 478 0.037
306 86 0.006
307 376 0.028
307 307 0.083
307 347 0.042
307 588 0.045
307 74 0.013
307 17 0.016
307 226 0.022
307 18 0.022
307 114 0.009
307 537 0.056
307 310 0.042
307 317 0.053
307 206 0.023
307 314 0.031
307 85 0.029
307 872 0.077
307 301 0.009
307 177 0.024
307 696 0.143
307 218 0.023
308 283 0.008
308 308 0.029
308 320 0.025
308 21 0.009
308 133 0.014
308 438 0.013
308 434 0.007
308 396 0.071
308 129 0.007
308 17 0.016
308 256 0.008
308 424 0.011
308 295 0.018
308 6 0.011
308 494 0.013
308 16 0.015
308 166 0.008
308 430 0.024
308 211 0.008
308 462 0.04
308 169 0.01
308 411 0.014
308 532 0.05
308 121 0.006
309 215 0.013
309 222 0.018
309 74 0.013
309 272 0.024
309 223 0.024
309 309 0.034
309 221 0.019
309 297 0.053
309 316 0.026
309 17 0.016
309 5 0.008
309 183 0.007
309 133 0.014
309 95 0.027
309 42 0.02
309 612 0.021
309 400 0.034
309 311 0.032
309 0 0.031
309 511 0.048
309 268 0.034
309 248 0.05
309 18 0.022
309 226 0.022
309 73 0.04
309 615 0.025
309 177 0.024
309 218 0.023
309 120 0.071
309 310 0.042
309 85 0.029
309 312 0.048
309 313 0.059
309 224 0.1
309 314 0.031
309 225 0.04
309 872 0.077
309 317 0.053
309 228 0.045
309 341 0.111
309 219 0.056
310 62 0.006
310 78 0.043
310 1 0.02
310 17 0.016
310 340 0.011
310 445 0.042
310 317 0.053
310 221 0.019
310 313 0.059
310 82 0.008
310 105 0.009
310 365 0.011
310 249 0.009
310 494 0.013
310 18 0.022
310 170 0.011
310 366 0.012
310 160 0.005
310 85 0.029
310 107 0.006
310 932 0.019
310 272 0.024
310 581 0.037
311 459 0.015
311 215 0.013
311 188 0.038
311 268 0.034
311 16 0.015
311 420 0.009
311 260 0.053
311 17 0.016
311 74 0.013
311 309 0.034
311 494 0.013
311 222 0.018
311 190 0.034
311 218 0.023
311 424 0.011
311 184 0.014
311 225 0.04
311 106 0.008
311 297 0.053
311 248 0.05
311 73 0.04
311 301 0.009
311 756 0.059
312 377 0.011
312 366 0.012
312 85 0.029
312 62 0.006
312 17 0.016
312 225 0.04
312 221 0.019
312 311 0.032
312 189 0.016
312 317 0.053
312 256 0.008
312 74 0.013
312 228 0.045
312 255 0.022
312 232 0.013
312 301 0.009
312 841 0.143
312 177 0.024
312 494 0.013
312 420 0.009
313 17 0.016
313 313 0.059
313 73 0.04
313 215 0.013
313 560 0.036
313 623 0.111
314 17 0.016
314 62 0.006
314 85 0.029
314 317 0.053
314 226 0.022
314 160 0.005
314 107 0.006
314 21 0.009
314 105 0.009
314 189 0.016
314 225 0.04
314 184 0.014
314 418 0.034
314 221 0.019
314 301 0.009
314 312 0.048
314 255 0.022
314 314 0.031
314 405 0.012
314 222 0.018
314 215 0.013
314 218 0.023
314 219 0.056
314 223 0.024
314 363 0.026
314 283 0.008
314 166 0.008
314 256 0.008
314 161 0.029
314 295 0.018
314 340 0.011
314 365 0.011
314 434 0.007
314 52 0.056
314 310 0.042
314 726 0.111
314 106 0.008
314 18 0.022
314 228 0.045
314 764 0.111
314 495 0.02
314 165 0.011
314 507 0.25
314 872 0.077
314 307 0.083
314 420 0.009
314 74 0.013
316 1 0.02
316 379 0.029
316 0 0.031
316 221 0.019
316 222 0.018
316 309 0.034
316 459 0.015
316 17 0.016
316 223 0.024
316 316 0.026
316 160 0.005
316 215 0.013
316 758 0.071
316 297 0.053
316 268 0.034
316 560 0.036
316 146 0.071
316 468 0.048
316 121 0.006
316 231 0.02
316 187 0.026
316 6 0.011
316 465 0.111
316 420 0.009
317 85 0.029
317 312 0.048
317 366 0.012
317 310 0.042
317 226 0.022
317 314 0.031
317 74 0.013
317 248 0.05
317 116 0.015
317 221 0.019
317 313 0.059
317 223 0.024
317 18 0.022
317 73 0.04
317 485 0.037
317 17 0.016
317 1 0.02
317 309 0.034
318 486 0.023
318 527 0.067
318 127 0.062
318 48 0.022
318 113 0.014
318 114 0.009
318 455 0.02
318 361 0.021
318 417 0.019
318 443 0.024
318 263 0.021
318 444 0.04
318 318 0.02
318 442 0.045
318 547 0.034
318 423 0.031
318 245 0.021
318 47 0.021
318 76 0.045
318 485 0.037
318 171 0.026
318 64 0.007
318 420 0.009
318 326 0.027
318 333 0.011
318 338 0.019
318 107 0.006
318 494 0.013
318 424 0.011
318 183 0.007
318 482 0.029
318 426 0.022
318 170 0.011
318 160 0.005
318 36 0.023
318 169 0.01
318 82 0.008
318 86 0.006
318 409 0.033
318 121 0.006
318 115 0.01
318 283 0.008
318 615 0.025
318 725 0.083
318 5 0.008
318 40 0.021
319 319 0.091
320 321 0.027
320 381 0.037
320 394 0.033
320 160 0.005
320 351 0.023
320 616 0.2
320 628 0.143
320 213 0.028
320 379 0.029
320 104 0.031
320 389 0.029
320 393 0.015
320 320 0.025
320 397 0.029
320 181 0.022
320 377 0.011
320 295 0.018
320 60 0.026
320 232 0.013
320 250 0.033
320 156 0.05
320 61 0.018
320 593 0.026
320 350 0.05
320 483 0.028
320 182 0.036
320 434 0.007
320 391 0.053
320 734 0.077
320 296 0.014
320 103 0.023
320 868 0.5
320 157 0.019
320 283 0.008
320 94 0.027
320 349 0.056
320 179 0.02
320 368 0.022
320 333 0.011
320 380 0.03
320 947 0.125
320 396 0.071
321 320 0.025
321 104 0.031
321 103 0.023
321 394 0.033
321 232 0.013
321 181 0.022
321 377 0.011
321 380 0.03
321 368 0.022
321 546 0.014
321 321 0.027
321 61 0.018
321 393 0.015
321 160 0.005
321 697 0.167
321 295 0.018
321 810 0.333
321 483 0.028
321 250 0.033
321 351 0.023
321 440 0.016
321 391 0.053
321 283 0.008
321 381 0.037
321 60 0.026
321 904 1.0
321 379 0.029
321 296 0.014
321 156 0.05
321 182 0.036
321 560 0.036
321 579 0.062
321 592 0.034
321 38 0.034
321 533 0.012
321 947 0.125
321 177 0.024
321 390 0.034
321 376 0.028
321 349 0.056
321 179 0.02
321 157 0.019
321 389 0.029
321 392 0.053
321 397 0.029
321 378 0.042
321 384 0.062
321 385 0.048
321 387 0.043
321 388 0.043
321 395 0.028
321 396 0.071
321 150 0.031
322 45 0.026
322 139 0.028
322 140 0.03
322 335 0.043
322 273 0.042
322 334 0.056
322 269 0.014
322 735 0.167
322 533 0.012
322 592 0.034
322 272 0.024
322 322 0.05
322 794 0.5
322 461 0.062
322 434 0.007
322 446 0.045
322 448 0.03
322 447 0.036
322 676 0.25
322 15 0.022
322 428 0.043
322 429 0.033
322 933 0.067
322 929 0.091
323 97 0.048
323 102 0.062
323 100 0.028
323 323 0.032
323 404 0.016
323 98 0.043
323 185 0.1
323 101 0.04
323 2 0.013
323 160 0.005
323 354 0.1
323 124 0.03
323 353 0.034
323 371 0.013
323 99 0.043
323 125 0.05
323 447 0.036
323 192 0.053
323 768 0.077
323 162 0.02
323 5 0.008
323 618 0.077
323 640 0.059
323 662 0.062
323 64 0.007
323 300 0.025
323 708 0.059
323 3 0.016
323 6 0.011
323 4 0.014
323 271 0.017
323 654 0.027
324 11 0.016
324 555 0.067
324 43 0.091
324 19 0.016
324 44 0.011
324 666 0.062
324 63 0.01
324 10 0.024
324 466 0.028
324 558 0.091
324 720 0.062
325 69 0.024
325 10 0.024
325 327 0.034
325 96 0.01
325 82 0.008
325 173 0.016
325 65 0.025
325 143 0.022
325 325 0.038
325 21 0.009
325 509 0.021
325 962 0.5
325 945 0.25
325 260 0.053
326 420 0.009
326 173 0.016
326 306 0.031
326 155 0.019
326 543 0.03
326 245 0.021
326 86 0.006
326 121 0.006
326 733 0.1
326 96 0.01
326 143 0.022
326 21 0.009
326 107 0.006
326 64 0.007
326 923 0.2
326 326 0.027
326 13 0.016
326 10 0.024
326 20 0.016
326 87 0.009
326 118 0.042
326 325 0.038
326 327 0.034
327 21 0.009
327 416 0.333
327 173 0.016
327 5 0.008
327 6 0.011
327 325 0.038
327 10 0.024
327 473 0.013
327 327 0.034
327 249 0.009
327 20 0.016
327 105 0.009
327 141 0.015
327 259 0.04
327 733 0.1
327 820 0.01
327 486 0.023
327 128 0.008
327 160 0.005
327 728 0.062
327 107 0.006
327 894 1.0
327 301 0.009
327 328 0.062
327 11 0.016
327 945 0.25
327 306 0.031
327 326 0.027
328 329 0.012
328 459 0.015
328 90 0.042
328 494 0.013
328 108 0.027
328 91 0.037
328 474 0.016
328 478 0.037
328 331 0.053
328 328 0.062
328 143 0.022
328 66 0.05
328 514 0.091
328 375 0.019
328 357 0.024
329 187 0.026
329 410 0.111
329 66 0.05
329 328 0.062
329 143 0.022
329 356 0.021
329 108 0.027
329 375 0.019
329 357 0.024
329 478 0.037
329 90 0.042
329 474 0.016
329 208 0.019
329 62 0.006
329 129 0.007
329 258 0.031
329 81 0.011
329 42 0.02
329 419 0.014
329 363 0.026
329 13 0.016
329 568 0.043
329 91 0.037
329 183 0.007
329 367 0.014
329 290 0.015
329 184 0.014
329 107 0.006
329 351 0.023
329 106 0.008
329 105 0.009
329 434 0.007
329 114 0.009
329 495 0.02
329 371 0.013
329 211 0.008
329 63 0.01
329 169 0.01
329 46 0.015
329 329 0.012
329 80 0.016
329 286 0.024
329 652 0.25
329 477 0.091
329 476 0.143
329 21 0.009
329 480 0.029
329 69 0.024
329 68 0.026
329 28 0.01
329 210 0.013
329 137 0.013
329 113 0.014
329 283 0.008
329 355 0.024
329 255 0.022
329 469 0.056
329 300 0.025
329 160 0.005
329 87 0.009
329 96 0.01
329 576 0.053
329 198 0.053
329 514 0.091
329 340 0.011
329 303 0.012
329 671 0.04
329 128 0.008
329 83 0.012
329 190 0.034
329 4 0.014
329 365 0.011
329 249 0.009
329 989 0.333
329 20 0.016
329 245 0.021
329 486 0.023
330 223 0.024
330 64 0.007
330 73 0.04
330 330 0.111
330 74 0.013
330 438 0.013
331 73 0.04
331 459 0.015
331 166 0.008
331 358 0.025
331 19 0.016
331 362 0.016
331 222 0.018
331 764 0.111
331 225 0.04
331 223 0.024
331 464 0.023
331 295 0.018
331 328 0.062
331 260 0.053
331 29 0.021
331 707 0.029
331 482 0.029
331 340 0.011
331 74 0.013
331 44 0.011
332 406 0.04
332 699 0.045
332 358 0.025
332 499 0.026
332 213 0.028
332 44 0.011
332 500 0.056
332 502 0.056
332 407 0.045
332 504 0.028
332 505 0.077
332 506 0.02
332 525 0.029
332 707 0.029
332 487 0.083
332 700 0.037
332 836 0.2
332 608 0.043
332 421 0.021
332 359 0.05
332 523 0.062
332 720 0.062
332 529 0.031
333 114 0.009
333 62 0.006
333 263 0.021
333 113 0.014
333 455 0.02
333 333 0.011
333 443 0.024
333 361 0.021
333 417 0.019
333 444 0.04
333 318 0.02
333 442 0.045
333 423 0.031
333 245 0.021
333 47 0.021
333 76 0.045
333 48 0.022
333 485 0.037
333 107 0.006
333 152 0.017
333 527 0.067
333 547 0.034
333 171 0.026
333 288 0.036
333 460 0.023
333 434 0.007
333 87 0.009
333 282 0.009
333 115 0.01
333 128 0.008
333 133 0.014
333 23 0.015
333 393 0.015
333 609 0.2
333 427 0.021
333 474 0.016
333 180 0.015
333 41 0.015
333 340 0.011
333 77 0.056
333 17 0.016
333 173 0.016
333 531 0.022
333 176 0.04
333 601 0.027
333 492 0.043
333 847 0.036
333 166 0.008
333 302 0.043
333 160 0.005
333 654 0.027
333 162 0.02
333 163 0.027
333 493 0.014
333 820 0.01
333 142 0.01
333 366 0.012
333 58 0.01
333 121 0.006
333 546 0.014
333 283 0.008
333 84 0.021
333 280 0.01
333 129 0.007
333 533 0.012
333 441 0.023
333 233 0.022
333 269 0.014
333 404 0.016
333 96 0.01
333 83 0.012
333 256 0.008
333 36 0.023
333 89 0.018
333 82 0.008
333 28 0.01
333 261 0.023
333 486 0.023
333 438 0.013
333 172 0.014
333 518 0.015
333 925 0.071
333 422 0.032
333 252 0.012
333 919 0.091
333 165 0.011
333 950 0.022
333 5 0.008
333 419 0.014
333 895 0.5
333 641 0.083
333 471 0.125
333 516 0.083
333 517 0.077
333 279 0.111
333 577 0.2
333 355 0.024
333 627 0.1
333 281 0.022
333 230 0.059
333 736 0.167
333 153 0.043
333 253 0.043
333 320 0.025
333 976 0.1
333 932 0.019
333 105 0.009
333 211 0.008
333 411 0.014
333 271 0.017
333 154 0.026
333 145 0.021
333 981 0.091
333 155 0.019
333 984 0.333
333 473 0.013
333 212 0.01
333 169 0.01
333 367 0.014
333 329 0.012
333 21 0.009
333 81 0.011
333 983 0.333
333 421 0.021
333 249 0.009
334 335 0.043
334 15 0.022
334 269 0.014
334 164 0.026
334 139 0.028
334 592 0.034
334 334 0.056
334 140 0.03
334 448 0.03
334 274 0.043
334 929 0.091
334 46 0.015
334 579 0.062
334 322 0.05
334 933 0.067
335 334 0.056
335 15 0.022
335 322 0.05
335 139 0.028
335 269 0.014
335 164 0.026
335 97 0.048
335 760 0.25
335 447 0.036
335 794 0.5
335 592 0.034
335 274 0.043
335 124 0.03
335 335 0.043
335 448 0.03
335 429 0.033
335 533 0.012
335 929 0.091
335 933 0.067
335 45 0.026
336 337 0.027
336 116 0.015
336 165 0.011
336 115 0.01
336 136 0.037
336 338 0.019
336 169 0.01
336 251 0.032
336 135 0.029
336 339 0.025
336 41 0.015
336 27 0.02
336 400 0.034
336 260 0.053
336 84 0.021
336 170 0.011
336 438 0.013
336 485 0.037
336 280 0.01
336 92 0.026
336 336 0.031
336 883 0.091
337 336 0.031
337 337 0.027
337 96 0.01
337 135 0.029
337 169 0.01
337 420 0.009
337 338 0.019
337 123 0.033
337 116 0.015
337 170 0.011
337 115 0.01
337 136 0.037
337 301 0.009
337 160 0.005
337 437 0.038
337 438 0.013
337 5 0.008
337 82 0.008
337 16 0.015
337 511 0.048
337 548 0.05
337 6 0.011
337 245 0.021
337 165 0.011
337 367 0.014
337 30 0.018
337 883 0.091
337 27 0.02
337 424 0.011
337 23 0.015
338 116 0.015
338 123 0.033
338 115 0.01
338 28 0.01
338 160 0.005
338 337 0.027
338 438 0.013
338 169 0.01
338 724 0.5
338 437 0.038
338 336 0.031
338 136 0.037
338 439 0.333
338 135 0.029
338 252 0.012
338 256 0.008
338 365 0.011
338 170 0.011
338 211 0.008
338 62 0.006
338 229 0.037
338 165 0.011
338 339 0.025
338 367 0.014
338 318 0.02
338 32 0.031
338 485 0.037
338 434 0.007
338 113 0.014
338 245 0.021
338 31 0.026
338 455 0.02
338 263 0.021
338 107 0.006
338 183 0.007
338 37 0.045
338 96 0.01
338 114 0.009
338 48 0.022
338 35 0.019
338 900 0.042
338 860 0.062
338 338 0.019
338 914 0.056
338 121 0.006
338 987 0.083
338 16 0.015
338 420 0.009
339 455 0.02
339 10 0.024
339 96 0.01
339 27 0.02
339 165 0.011
339 339 0.025
339 251 0.032
339 361 0.021
339 417 0.019
339 547 0.034
339 169 0.01
339 79 0.029
339 116 0.015
339 38 0.034
339 337 0.027
339 151 0.024
339 443 0.024
339 30 0.018
339 32 0.031
339 725 0.083
339 261 0.023
339 245 0.021
339 34 0.043
339 35 0.019
339 336 0.031
339 136 0.037
339 338 0.019
339 39 0.03
339 171 0.026
339 40 0.021
339 135 0.029
339 115 0.01
339 370 0.071
339 170 0.011
339 14 0.018
339 167 0.02
339 340 0.011
339 438 0.013
339 464 0.023
339 437 0.038
339 25 0.031
339 26 0.033
339 29 0.021
339 33 0.042
339 113 0.014
339 818 0.1
339 987 0.083
339 883 0.091
339 179 0.02
340 134 0.048
340 114 0.009
340 340 0.011
340 10 0.024
340 531 0.022
340 521 0.077
340 482 0.029
340 464 0.023
340 553 0.125
340 173 0.016
340 74 0.013
340 78 0.043
340 86 0.006
340 598 0.125
340 554 0.091
340 371 0.013
340 251 0.032
340 218 0.023
340 62 0.006
340 107 0.006
340 165 0.011
340 339 0.025
340 212 0.01
340 419 0.014
340 535 0.111
340 450 0.019
340 179 0.02
340 166 0.008
340 310 0.042
340 547 0.034
340 497 0.062
340 160 0.005
340 83 0.012
340 79 0.029
340 434 0.007
340 290 0.015
340 82 0.008
340 256 0.008
340 314 0.031
340 438 0.013
340 133 0.014
340 16 0.015
340 848 0.333
340 593 0.026
340 143 0.022
340 142 0.01
340 325 0.038
340 121 0.006
340 128 0.008
340 280 0.01
340 129 0.007
340 811 0.2
340 274 0.043
340 777 0.059
340 249 0.009
340 217 0.067
340 405 0.012
340 282 0.009
340 867 0.25
340 654 0.027
340 546 0.014
340 494 0.013
340 167 0.02
340 934 0.25
340 375 0.019
340 105 0.009
340 46 0.015
340 922 0.059
340 333 0.011
340 28 0.01
340 473 0.013
340 932 0.019
341 74 0.013
341 309 0.034
341 215 0.013
341 311 0.032
341 222 0.018
341 316 0.026
341 248 0.05
341 297 0.053
342 139 0.028
342 352 0.048
342 377 0.011
342 191 0.021
342 199 0.026
342 167 0.02
342 495 0.02
342 103 0.023
342 342 0.023
342 277 0.062
342 376 0.028
342 181 0.022
342 219 0.056
342 280 0.01
342 214 0.02
342 450 0.019
342 296 0.014
342 203 0.026
342 351 0.023
342 231 0.02
342 122 0.048
342 468 0.048
342 179 0.02
342 95 0.027
342 60 0.026
342 575 0.091
342 776 0.04
342 294 0.045
342 797 0.2
342 180 0.015
342 157 0.019
342 62 0.006
342 593 0.026
342 851 0.111
342 350 0.05
342 681 0.05
342 130 0.028
342 94 0.027
342 284 0.029
342 172 0.014
342 511 0.048
342 345 0.043
342 228 0.045
342 483 0.028
342 107 0.006
342 17 0.016
342 340 0.011
342 173 0.016
342 493 0.014
342 41 0.015
342 621 0.077
342 381 0.037
342 149 0.042
342 262 0.045
342 343 0.05
342 346 0.042
342 156 0.05
342 348 0.25
342 349 0.056
342 907 0.083
342 278 0.025
342 178 0.034
342 257 0.062
342 129 0.007
342 393 0.015
342 147 0.027
343 278 0.025
343 191 0.021
343 343 0.05
343 345 0.043
343 681 0.05
343 180 0.015
343 107 0.006
343 183 0.007
343 129 0.007
343 157 0.019
343 128 0.008
343 820 0.01
343 160 0.005
343 214 0.02
343 207 0.034
344 149 0.042
344 148 0.071
344 180 0.015
344 177 0.024
344 344 0.071
344 178 0.034
344 349 0.056
344 176 0.04
344 231 0.02
344 814 0.25
344 191 0.021
344 156 0.05
344 656 0.091
344 262 0.045
344 200 0.029
344 377 0.011
345 180 0.015
345 483 0.028
345 214 0.02
345 351 0.023
345 256 0.008
345 346 0.042
345 681 0.05
345 352 0.048
345 342 0.023
345 343 0.05
345 130 0.028
345 157 0.019
345 179 0.02
345 191 0.021
345 61 0.018
345 345 0.043
345 178 0.034
345 152 0.017
345 262 0.045
345 350 0.05
346 157 0.019
346 294 0.045
346 168 0.016
346 180 0.015
346 342 0.023
346 191 0.021
346 345 0.043
346 206 0.023
346 291 0.045
346 181 0.022
346 346 0.042
346 214 0.02
346 51 0.016
346 128 0.008
346 133 0.014
346 511 0.048
346 351 0.023
346 5 0.008
346 172 0.014
346 6 0.011
346 105 0.009
346 820 0.01
346 21 0.009
346 409 0.033
347 347 0.042
347 262 0.045
347 179 0.02
347 307 0.083
347 157 0.019
347 61 0.018
347 180 0.015
347 681 0.05
347 160 0.005
347 181 0.022
347 191 0.021
347 122 0.048
347 349 0.056
348 180 0.015
348 191 0.021
349 402 0.111
349 180 0.015
349 191 0.021
349 5 0.008
349 349 0.056
349 149 0.042
349 262 0.045
349 344 0.071
349 348 0.25
349 148 0.071
349 122 0.048
349 179 0.02
349 156 0.05
349 347 0.042
349 160 0.005
349 320 0.025
349 64 0.007
349 907 0.083
350 572 0.045
350 352 0.048
350 350 0.05
350 593 0.026
350 204 0.036
350 94 0.027
350 342 0.023
350 681 0.05
350 157 0.019
350 377 0.011
350 345 0.043
350 861 1.0
350 343 0.05
350 351 0.023
350 320 0.025
350 180 0.015
350 191 0.021
350 851 0.111
351 180 0.015
351 178 0.034
351 167 0.02
351 284 0.029
351 320 0.025
351 342 0.023
351 214 0.02
351 351 0.023
351 345 0.043
351 122 0.048
351 191 0.021
351 377 0.011
351 179 0.02
351 157 0.019
351 350 0.05
351 363 0.026
351 329 0.012
351 495 0.02
351 161 0.029
351 371 0.013
351 296 0.014
351 203 0.026
351 28 0.01
351 303 0.012
351 210 0.013
351 81 0.011
351 283 0.008
351 256 0.008
351 364 0.111
351 106 0.008
351 129 0.007
351 365 0.011
351 249 0.009
351 155 0.019
351 278 0.025
351 321 0.027
351 352 0.048
351 575 0.091
351 280 0.01
351 87 0.009
351 734 0.077
351 1 0.02
351 130 0.028
351 181 0.022
351 95 0.027
351 419 0.014
351 420 0.009
351 5 0.008
352 41 0.015
352 350 0.05
352 180 0.015
352 345 0.043
352 546 0.014
352 60 0.026
352 351 0.023
352 342 0.023
352 347 0.042
352 214 0.02
352 681 0.05
352 789 0.1
352 206 0.023
352 656 0.091
352 352 0.048
352 178 0.034
352 483 0.028
352 851 0.111
352 346 0.042
353 354 0.1
353 185 0.1
353 371 0.013
353 404 0.016
353 125 0.05
353 100 0.028
353 99 0.043
353 183 0.007
353 708 0.059
353 124 0.03
353 98 0.043
353 97 0.048
353 687 0.143
353 323 0.032
353 618 0.077
353 770 1.0
353 662 0.062
353 101 0.04
353 709 0.333
353 353 0.034
353 15 0.022
353 640 0.059
353 86 0.006
353 796 0.25
353 87 0.009
353 249 0.009
353 121 0.006
353 129 0.007
353 365 0.011
353 434 0.007
353 592 0.034
353 935 0.25
353 768 0.077
353 937 0.143
353 106 0.008
353 160 0.005
353 142 0.01
354 353 0.034
354 185 0.1
354 100 0.028
354 64 0.007
354 354 0.1
354 101 0.04
354 323 0.032
354 97 0.048
355 256 0.008
355 365 0.011
355 282 0.009
355 518 0.015
355 355 0.024
355 128 0.008
355 249 0.009
355 166 0.008
355 62 0.006
355 212 0.01
355 16 0.015
355 142 0.01
355 283 0.008
355 152 0.017
355 329 0.012
355 303 0.012
355 114 0.009
355 472 0.143
355 46 0.015
355 255 0.022
355 211 0.008
355 371 0.013
355 63 0.01
355 169 0.01
355 170 0.011
355 137 0.013
355 184 0.014
355 107 0.006
355 210 0.013
355 546 0.014
355 300 0.025
355 405 0.012
355 420 0.009
355 356 0.021
355 83 0.012
355 160 0.005
355 183 0.007
355 654 0.027
355 105 0.009
355 333 0.011
355 513 0.024
355 106 0.008
355 473 0.013
356 357 0.024
356 329 0.012
356 356 0.021
356 107 0.006
356 81 0.011
356 612 0.021
356 375 0.019
356 183 0.007
356 106 0.008
356 108 0.027
356 160 0.005
356 474 0.016
356 91 0.037
356 405 0.012
356 258 0.031
356 16 0.015
356 62 0.006
356 480 0.029
356 509 0.021
356 362 0.016
356 69 0.024
356 366 0.012
356 549 0.024
356 424 0.011
356 121 0.006
356 828 0.053
356 896 0.048
356 142 0.01
356 282 0.009
356 301 0.009
357 357 0.024
357 356 0.021
357 107 0.006
357 474 0.016
357 256 0.008
357 454 0.143
357 258 0.031
357 212 0.01
357 5 0.008
357 64 0.007
357 62 0.006
357 290 0.015
357 589 0.062
357 568 0.043
357 329 0.012
357 81 0.011
357 143 0.022
357 375 0.019
357 671 0.04
357 112 0.059
357 478 0.037
357 91 0.037
357 80 0.016
357 108 0.027
357 282 0.009
357 16 0.015
357 424 0.011
357 21 0.009
357 183 0.007
357 68 0.026
357 106 0.008
357 480 0.029
357 142 0.01
357 121 0.006
357 82 0.008
357 615 0.025
357 184 0.014
357 486 0.023
357 301 0.009
357 105 0.009
358 43 0.091
358 406 0.04
358 44 0.011
358 566 0.062
358 573 0.059
358 499 0.026
358 500 0.056
358 805 0.25
358 502 0.056
358 503 0.083
358 7 0.02
358 407 0.045
358 729 0.125
358 504 0.028
358 505 0.077
358 332 0.056
358 358 0.025
358 73 0.04
358 331 0.053
358 8 0.029
358 707 0.029
358 498 0.016
358 161 0.029
358 213 0.028
358 525 0.029
358 9 0.037
358 12 0.022
358 530 0.125
358 141 0.015
358 510 0.053
358 608 0.043
358 602 0.05
358 266 0.043
358 452 0.034
358 700 0.037
358 459 0.015
358 247 0.067
358 232 0.013
358 466 0.028
358 765 0.056
358 105 0.009
358 264 0.037
358 506 0.02
358 11 0.016
358 699 0.045
358 501 0.071
358 856 0.019
358 913 0.059
359 360 0.036
359 452 0.034
359 558 0.091
359 529 0.031
359 141 0.015
359 421 0.021
359 496 0.05
359 213 0.028
359 533 0.012
359 11 0.016
359 359 0.05
359 498 0.016
359 466 0.028
359 699 0.045
359 502 0.056
359 608 0.043
359 265 0.032
359 267 0.056
359 570 0.062
359 754 0.045
359 707 0.029
359 672 0.077
359 499 0.026
359 9 0.037
359 569 0.034
359 525 0.029
359 7 0.02
359 332 0.056
359 700 0.037
359 504 0.028
359 44 0.011
359 951 0.111
360 213 0.028
360 359 0.05
360 498 0.016
360 371 0.013
360 11 0.016
360 360 0.036
360 265 0.032
360 569 0.034
360 7 0.02
360 19 0.016
360 105 0.009
360 570 0.062
360 141 0.015
360 293 0.062
360 533 0.012
360 170 0.011
360 235 0.056
361 113 0.014
361 443 0.024
361 263 0.021
361 114 0.009
361 245 0.021
361 47 0.021
361 116 0.015
361 136 0.037
361 34 0.043
361 417 0.019
361 370 0.071
361 318 0.02
361 547 0.034
361 171 0.026
361 107 0.006
361 62 0.006
361 339 0.025
361 361 0.021
361 455 0.02
361 29 0.021
361 32 0.031
361 165 0.011
361 333 0.011
361 135 0.029
361 27 0.02
361 96 0.01
361 151 0.024
361 25 0.031
361 367 0.014
361 438 0.013
361 261 0.023
361 981 0.091
362 44 0.011
362 293 0.062
362 498 0.016
362 86 0.006
362 362 0.016
362 441 0.023
362 7 0.02
362 666 0.062
362 11 0.016
362 365 0.011
362 301 0.009
362 183 0.007
362 506 0.02
362 421 0.021
362 141 0.015
362 602 0.05
362 6 0.011
362 19 0.016
362 331 0.053
362 529 0.031
362 128 0.008
362 434 0.007
362 256 0.008
362 496 0.05
362 15 0.022
362 283 0.008
362 420 0.009
362 81 0.011
362 16 0.015
362 62 0.006
362 165 0.011
362 107 0.006
362 356 0.021
362 69 0.024
362 28 0.01
362 280 0.01
362 129 0.007
362 820 0.01
362 51 0.016
362 856 0.019
362 160 0.005
362 466 0.028
362 661 0.026
362 401 0.031
362 430 0.024
362 121 0.006
362 483 0.028
362 5 0.008
362 12 0.022
363 283 0.008
363 161 0.029
363 280 0.01
363 256 0.008
363 211 0.008
363 364 0.111
363 106 0.008
363 236 0.021
363 365 0.011
363 249 0.009
363 154 0.026
363 63 0.01
363 165 0.011
363 329 0.012
363 495 0.02
363 28 0.01
363 303 0.012
363 210 0.013
363 371 0.013
363 296 0.014
363 81 0.011
363 351 0.023
363 129 0.007
363 215 0.013
363 114 0.009
363 169 0.01
363 367 0.014
363 531 0.022
363 384 0.062
363 152 0.017
363 661 0.026
363 155 0.019
363 518 0.015
363 208 0.019
363 128 0.008
363 16 0.015
363 314 0.031
363 434 0.007
363 278 0.025
363 87 0.009
363 664 0.111
363 508 0.038
363 422 0.032
363 577 0.2
364 21 0.009
364 152 0.017
365 365 0.011
365 451 0.125
366 366 0.012
366 58 0.01
366 441 0.023
366 282 0.009
366 105 0.009
366 312 0.048
366 283 0.008
366 142 0.01
366 367 0.014
366 74 0.013
366 372 0.045
366 317 0.053
366 169 0.01
366 758 0.071
366 253 0.043
366 233 0.022
366 662 0.062
366 147 0.027
366 474 0.016
366 184 0.014
366 226 0.022
366 531 0.022
366 78 0.043
366 445 0.042
366 19 0.016
366 18 0.022
366 160 0.005
366 518 0.015
366 183 0.007
366 115 0.01
366 188 0.038
366 368 0.022
366 166 0.008
366 165 0.011
366 187 0.026
366 82 0.008
366 255 0.022
366 229 0.037
366 521 0.077
366 65 0.025
366 10 0.024
366 107 0.006
366 494 0.013
366 62 0.006
366 305 0.019
366 333 0.011
366 215 0.013
366 443 0.024
366 440 0.016
366 356 0.021
366 68 0.026
366 424 0.011
366 512 0.25
366 109 0.25
366 190 0.034
366 180 0.015
366 152 0.017
366 310 0.042
366 63 0.01
366 174 0.015
366 285 0.015
366 30 0.018
366 20 0.016
366 218 0.023
366 256 0.008
366 859 0.017
366 290 0.015
366 134 0.048
366 83 0.012
366 950 0.022
366 311 0.032
366 234 0.029
366 856 0.019
366 131 0.022
366 230 0.059
366 596 0.333
366 693 0.2
366 812 0.023
366 121 0.006
367 28 0.01
367 114 0.009
367 165 0.011
367 169 0.01
367 151 0.024
367 261 0.023
367 438 0.013
367 62 0.006
367 655 0.038
367 256 0.008
367 16 0.015
367 36 0.023
367 170 0.011
367 329 0.012
367 424 0.011
367 434 0.007
367 757 0.25
367 495 0.02
367 212 0.01
367 338 0.019
367 128 0.008
367 133 0.014
367 340 0.011
367 129 0.007
367 160 0.005
367 427 0.021
367 44 0.011
367 81 0.011
367 21 0.009
367 35 0.019
367 367 0.014
367 366 0.012
367 280 0.01
367 748 0.048
367 64 0.007
367 121 0.006
367 105 0.009
367 361 0.021
367 470 0.048
367 419 0.014
367 115 0.01
367 892 0.071
367 531 0.022
367 405 0.012
367 116 0.015
367 245 0.021
367 23 0.015
367 375 0.019
367 24 0.038
367 80 0.016
367 318 0.02
367 113 0.014
367 417 0.019
367 107 0.006
367 75 0.071
367 155 0.019
367 32 0.031
367 337 0.027
367 30 0.018
367 31 0.026
367 39 0.03
367 333 0.011
367 82 0.008
367 106 0.008
367 420 0.009
368 368 0.022
368 52 0.056
368 321 0.027
368 103 0.023
368 377 0.011
368 104 0.031
368 320 0.025
368 387 0.043
368 393 0.015
368 86 0.006
368 83 0.012
368 394 0.033
368 440 0.016
368 232 0.013
368 397 0.029
368 379 0.029
368 366 0.012
368 537 0.056
368 14 0.018
368 375 0.019
368 112 0.059
368 295 0.018
368 250 0.033
368 392 0.053
368 160 0.005
368 275 0.04
368 181 0.022
368 301 0.009
368 146 0.071
368 376 0.028
368 841 0.143
368 150 0.031
368 1 0.02
368 896 0.048
369 630 0.333
369 303 0.012
369 96 0.01
369 89 0.018
369 88 0.033
369 304 0.036
370 417 0.019
370 40 0.021
370 47 0.021
370 41 0.015
370 38 0.034
370 27 0.02
370 48 0.022
370 455 0.02
370 85 0.029
370 333 0.011
370 547 0.034
370 361 0.021
370 33 0.042
370 113 0.014
370 423 0.031
370 725 0.083
370 318 0.02
370 442 0.045
370 245 0.021
370 171 0.026
370 427 0.021
370 115 0.01
370 39 0.03
370 226 0.022
370 116 0.015
370 25 0.031
370 92 0.026
370 26 0.033
370 443 0.024
370 37 0.045
370 135 0.029
370 339 0.025
370 151 0.024
370 414 0.333
371 211 0.008
371 63 0.01
371 495 0.02
371 114 0.009
371 210 0.013
371 129 0.007
371 490 0.029
371 303 0.012
371 128 0.008
371 360 0.036
371 371 0.013
371 404 0.016
371 340 0.011
371 282 0.009
371 100 0.028
371 101 0.04
371 249 0.009
371 434 0.007
371 99 0.043
371 106 0.008
371 365 0.011
371 212 0.01
371 518 0.015
371 62 0.006
371 98 0.043
371 132 0.019
371 51 0.016
371 323 0.032
371 363 0.026
371 21 0.009
371 124 0.03
371 285 0.015
371 355 0.024
371 236 0.021
371 46 0.015
371 121 0.006
371 353 0.034
371 708 0.059
371 640 0.059
371 160 0.005
371 97 0.048
371 208 0.019
371 174 0.015
371 405 0.012
371 256 0.008
371 155 0.019
371 137 0.013
371 288 0.036
371 3 0.016
371 87 0.009
371 419 0.014
371 768 0.077
371 105 0.009
371 170 0.011
371 169 0.01
371 13 0.016
371 183 0.007
371 329 0.012
371 28 0.01
371 161 0.029
371 81 0.011
371 351 0.023
371 473 0.013
371 424 0.011
372 373 0.043
372 433 0.053
372 86 0.006
372 134 0.048
372 83 0.012
372 282 0.009
372 431 0.043
372 594 0.167
372 70 0.062
372 107 0.006
372 366 0.012
372 32 0.031
372 62 0.006
372 372 0.045
372 513 0.024
372 64 0.007
372 58 0.01
372 115 0.01
372 283 0.008
372 121 0.006
372 87 0.009
372 494 0.013
372 42 0.02
373 283 0.008
373 372 0.045
373 714 0.043
373 373 0.043
373 706 0.1
373 282 0.009
373 420 0.009
373 180 0.015
373 253 0.043
373 571 0.05
373 115 0.01
373 166 0.008
373 411 0.014
373 83 0.012
373 280 0.01
373 508 0.038
373 243 0.022
373 528 0.111
373 240 0.05
373 552 0.028
373 93 0.02
373 133 0.014
373 515 0.026
373 184 0.014
373 194 0.024
373 481 0.026
373 239 0.091
373 92 0.026
373 58 0.01
373 197 0.03
373 134 0.048
373 812 0.023
373 121 0.006
373 82 0.008
373 311 0.032
373 131 0.022
373 964 0.2
373 306 0.031
373 112 0.059
374 44 0.011
374 7 0.02
374 374 0.111
374 529 0.031
374 502 0.056
374 441 0.023
374 499 0.026
374 500 0.056
374 501 0.071
374 503 0.083
374 406 0.04
374 407 0.045
374 504 0.028
374 505 0.077
374 358 0.025
374 506 0.02
374 5 0.008
374 166 0.008
375 455 0.02
375 143 0.022
375 475 0.5
375 356 0.021
375 329 0.012
375 66 0.05
375 469 0.056
375 108 0.027
375 110 0.111
375 375 0.019
375 91 0.037
375 476 0.143
375 111 0.125
375 474 0.016
375 112 0.059
375 328 0.062
375 357 0.024
375 477 0.091
375 258 0.031
375 478 0.037
375 90 0.042
375 80 0.016
375 96 0.01
375 663 0.053
375 282 0.009
375 89 0.018
375 6 0.011
375 494 0.013
375 107 0.006
375 679 0.053
375 424 0.011
375 160 0.005
375 183 0.007
375 480 0.029
375 81 0.011
375 121 0.006
375 368 0.022
375 142 0.01
375 62 0.006
375 889 0.25
375 860 0.062
375 243 0.022
375 16 0.015
375 154 0.026
375 21 0.009
375 28 0.01
375 114 0.009
375 340 0.011
375 169 0.01
375 367 0.014
375 318 0.02
375 211 0.008
375 301 0.009
375 411 0.014
375 105 0.009
375 230 0.059
375 514 0.091
375 756 0.059
376 377 0.011
376 103 0.023
376 397 0.029
376 296 0.014
376 60 0.026
376 6 0.011
376 64 0.007
376 203 0.026
376 393 0.015
376 380 0.03
376 122 0.048
376 376 0.028
376 379 0.029
376 654 0.027
376 283 0.008
376 157 0.019
376 295 0.018
376 181 0.022
376 389 0.029
376 394 0.033
376 719 0.083
376 841 0.143
376 18 0.022
376 179 0.02
376 320 0.025
376 160 0.005
376 182 0.036
376 378 0.042
376 308 0.029
376 387 0.043
376 388 0.043
376 390 0.034
376 61 0.018
376 391 0.053
376 392 0.053
376 250 0.033
376 368 0.022
376 104 0.031
376 150 0.031
376 262 0.045
376 395 0.028
376 632 0.333
376 985 1.0
376 321 0.027
377 376 0.028
377 103 0.023
377 61 0.018
377 377 0.011
377 378 0.042
377 250 0.033
377 368 0.022
377 104 0.031
377 150 0.031
377 157 0.019
377 181 0.022
377 296 0.014
377 60 0.026
377 394 0.033
377 160 0.005
377 295 0.018
377 284 0.029
377 321 0.027
377 177 0.024
377 483 0.028
377 86 0.006
377 572 0.045
377 156 0.05
377 593 0.026
377 204 0.036
377 350 0.05
377 94 0.027
377 320 0.025
377 342 0.023
377 203 0.026
377 351 0.023
377 179 0.02
377 1 0.02
377 174 0.015
377 280 0.01
377 95 0.027
377 390 0.034
377 734 0.077
377 495 0.02
377 219 0.056
377 167 0.02
377 214 0.02
377 450 0.019
377 148 0.071
377 402 0.111
377 129 0.007
377 468 0.048
377 228 0.045
377 385 0.048
377 526 0.02
377 312 0.048
377 548 0.05
377 491 0.143
377 292 0.029
377 379 0.029
377 380 0.03
377 381 0.037
377 382 0.2
377 383 0.167
377 384 0.062
377 283 0.008
377 386 0.125
377 387 0.043
377 388 0.043
377 389 0.029
377 391 0.053
377 392 0.053
377 393 0.015
377 395 0.028
377 396 0.071
377 397 0.029
377 398 0.25
377 277 0.062
377 231 0.02
377 122 0.048
377 575 0.091
377 352 0.048
377 741 0.2
377 659 0.5
377 106 0.008
377 62 0.006
377 172 0.014
377 764 0.111
377 199 0.026
377 189 0.016
377 149 0.042
377 0 0.031
377 490 0.029
377 464 0.023
377 347 0.042
377 128 0.008
377 365 0.011
377 249 0.009
377 227 0.053
377 458 0.024
377 220 0.071
377 782 0.333
377 166 0.008
377 294 0.045
377 262 0.045
377 130 0.028
377 133 0.014
377 748 0.048
377 127 0.062
377 182 0.036
377 907 0.083
377 872 0.077
377 120 0.071
377 851 0.111
377 147 0.027
377 163 0.027
377 918 0.053
377 776 0.04
377 215 0.013
377 344 0.071
377 656 0.091
377 52 0.056
377 959 1.0
377 316 0.026
377 960 1.0
377 745 0.2
377 403 0.059
377 961 1.0
377 486 0.023
377 839 1.0
377 562 0.038
377 207 0.034
377 65 0.025
377 257 0.062
377 278 0.025
377 546 0.014
378 377 0.011
378 378 0.042
378 393 0.015
378 103 0.023
378 128 0.008
378 296 0.014
378 157 0.019
378 150 0.031
378 283 0.008
379 157 0.019
379 316 0.026
379 6 0.011
379 396 0.071
379 389 0.029
379 379 0.029
379 397 0.029
379 174 0.015
379 296 0.014
379 395 0.028
379 394 0.033
379 376 0.028
379 295 0.018
379 308 0.029
379 380 0.03
379 381 0.037
379 61 0.018
379 392 0.053
379 393 0.015
379 320 0.025
379 378 0.042
379 103 0.023
379 382 0.2
379 181 0.022
379 383 0.167
379 283 0.008
379 385 0.048
379 386 0.125
379 387 0.043
379 388 0.043
379 390 0.034
379 391 0.053
379 250 0.033
379 398 0.25
379 377 0.011
379 368 0.022
379 104 0.031
379 321 0.027
379 60 0.026
379 150 0.031
379 64 0.007
379 719 0.083
379 16 0.015
379 80 0.016
379 164 0.026
379 63 0.01
379 628 0.143
379 191 0.021
379 182 0.036
379 5 0.008
379 384 0.062
379 285 0.015
380 380 0.03
380 321 0.027
380 296 0.014
380 295 0.018
380 177 0.024
380 680 1.0
380 61 0.018
380 440 0.016
380 178 0.034
380 539 0.143
380 391 0.053
380 157 0.019
380 120 0.071
380 101 0.04
380 65 0.025
380 232 0.013
380 379 0.029
380 396 0.071
380 376 0.028
380 397 0.029
380 385 0.048
380 387 0.043
380 14 0.018
380 182 0.036
380 390 0.034
380 160 0.005
380 393 0.015
380 200 0.029
380 562 0.038
380 283 0.008
380 656 0.091
380 103 0.023
381 177 0.024
381 176 0.04
381 344 0.071
381 479 0.2
381 320 0.025
381 179 0.02
381 60 0.026
381 397 0.029
381 377 0.011
381 178 0.034
381 381 0.037
381 160 0.005
381 181 0.022
381 150 0.031
381 61 0.018
381 156 0.05
381 321 0.027
381 393 0.015
381 149 0.042
381 548 0.05
381 380 0.03
381 515 0.026
381 391 0.053
381 394 0.033
381 948 1.0
381 180 0.015
381 686 0.125
383 383 0.167
385 296 0.014
385 385 0.048
385 295 0.018
385 380 0.03
385 387 0.043
385 377 0.011
385 390 0.034
385 395 0.028
385 393 0.015
385 389 0.029
385 376 0.028
385 378 0.042
385 103 0.023
385 160 0.005
385 231 0.02
387 296 0.014
387 295 0.018
387 198 0.053
387 385 0.048
387 380 0.03
387 229 0.037
387 378 0.042
387 368 0.022
387 387 0.043
387 377 0.011
387 389 0.029
387 485 0.037
387 157 0.019
387 393 0.015
387 390 0.034
387 394 0.033
387 379 0.029
387 250 0.033
387 395 0.028
387 104 0.031
387 388 0.043
387 523 0.062
387 392 0.053
387 60 0.026
387 182 0.036
387 381 0.037
387 118 0.042
387 667 0.036
387 384 0.062
387 283 0.008
387 42 0.02
387 366 0.012
387 849 0.143
387 41 0.015
387 115 0.01
387 150 0.031
387 950 0.022
388 164 0.026
388 388 0.043
388 384 0.062
388 104 0.031
388 379 0.029
388 376 0.028
388 157 0.019
388 60 0.026
388 179 0.02
388 296 0.014
388 378 0.042
388 128 0.008
388 150 0.031
388 387 0.043
388 280 0.01
388 283 0.008
388 130 0.028
388 249 0.009
389 389 0.029
389 295 0.018
389 394 0.033
389 486 0.023
389 64 0.007
389 379 0.029
389 296 0.014
389 157 0.019
389 385 0.048
389 390 0.034
389 391 0.053
389 395 0.028
389 182 0.036
389 60 0.026
389 377 0.011
389 104 0.031
389 393 0.015
389 376 0.028
389 397 0.029
389 387 0.043
389 611 0.04
389 521 0.077
389 585 0.111
389 292 0.029
389 317 0.053
389 341 0.111
389 103 0.023
389 628 0.143
389 326 0.027
389 14 0.018
390 14 0.018
390 296 0.014
390 395 0.028
390 295 0.018
390 181 0.022
390 389 0.029
390 390 0.034
390 377 0.011
390 385 0.048
390 491 0.143
390 526 0.02
390 226 0.022
390 62 0.006
390 391 0.053
390 182 0.036
390 103 0.023
390 438 0.013
390 380 0.03
390 756 0.059
390 268 0.034
390 379 0.029
390 394 0.033
390 459 0.015
390 381 0.037
390 376 0.028
390 157 0.019
390 61 0.018
390 392 0.053
390 393 0.015
390 397 0.029
390 320 0.025
390 378 0.042
390 384 0.062
390 283 0.008
390 387 0.043
390 388 0.043
390 250 0.033
390 396 0.071
390 368 0.022
390 104 0.031
390 321 0.027
390 60 0.026
390 150 0.031
390 308 0.029
391 368 0.022
391 776 0.04
391 182 0.036
391 320 0.025
391 295 0.018
391 389 0.029
391 390 0.034
391 61 0.018
391 380 0.03
391 321 0.027
391 391 0.053
392 86 0.006
392 104 0.031
392 392 0.053
392 296 0.014
392 387 0.043
392 588 0.045
392 368 0.022
392 393 0.015
392 283 0.008
393 378 0.042
393 379 0.029
393 103 0.023
393 381 0.037
393 376 0.028
393 181 0.022
393 385 0.048
393 388 0.043
393 390 0.034
393 61 0.018
393 392 0.053
393 393 0.015
393 394 0.033
393 296 0.014
393 250 0.033
393 395 0.028
393 397 0.029
393 377 0.011
393 368 0.022
393 104 0.031
393 321 0.027
393 60 0.026
393 150 0.031
393 320 0.025
393 295 0.018
393 154 0.026
393 162 0.02
393 155 0.019
393 546 0.014
393 82 0.008
393 121 0.006
393 612 0.021
393 105 0.009
393 83 0.012
393 180 0.015
393 643 0.077
393 17 0.016
393 308 0.029
393 380 0.03
393 384 0.062
393 386 0.125
393 387 0.043
393 389 0.029
393 391 0.053
393 212 0.01
393 533 0.012
393 157 0.019
393 396 0.071
393 382 0.2
393 283 0.008
393 761 1.0
393 719 0.083
393 434 0.007
393 166 0.008
393 433 0.053
393 145 0.021
393 71 0.067
393 84 0.021
393 424 0.011
393 142 0.01
393 282 0.009
393 87 0.009
393 86 0.006
393 182 0.036
393 249 0.009
393 301 0.009
393 160 0.005
393 950 0.022
393 107 0.006
393 947 0.125
393 422 0.032
393 152 0.017
393 932 0.019
393 421 0.021
393 607 0.038
394 104 0.031
394 321 0.027
394 320 0.025
394 181 0.022
394 628 0.143
394 394 0.033
394 377 0.011
394 61 0.018
394 486 0.023
394 14 0.018
394 385 0.048
394 250 0.033
394 379 0.029
394 103 0.023
394 389 0.029
394 160 0.005
394 397 0.029
394 60 0.026
394 368 0.022
394 376 0.028
394 393 0.015
394 295 0.018
394 388 0.043
394 53 0.037
394 179 0.02
394 182 0.036
394 390 0.034
394 381 0.037
394 947 0.125
395 395 0.028
395 157 0.019
395 390 0.034
395 295 0.018
395 174 0.015
395 389 0.029
395 379 0.029
395 494 0.013
395 385 0.048
395 296 0.014
395 396 0.071
395 104 0.031
395 181 0.022
395 201 0.023
395 393 0.015
395 164 0.026
395 16 0.015
395 719 0.083
395 121 0.006
395 82 0.008
395 250 0.033
395 86 0.006
395 368 0.022
395 376 0.028
395 80 0.016
395 64 0.007
395 908 0.05
396 379 0.029
397 53 0.037
397 376 0.028
397 390 0.034
397 295 0.018
397 296 0.014
397 320 0.025
397 719 0.083
397 379 0.029
397 632 0.333
397 6 0.011
397 64 0.007
397 397 0.029
397 157 0.019
397 393 0.015
397 380 0.03
397 381 0.037
397 458 0.024
397 181 0.022
397 394 0.033
397 389 0.029
397 368 0.022
397 869 0.2
397 122 0.048
397 103 0.023
397 841 0.143
397 378 0.042
397 52 0.056
397 546 0.014
397 179 0.02
399 493 0.014
399 183 0.007
399 168 0.016
399 93 0.02
399 199 0.026
399 526 0.02
399 129 0.007
399 457 0.04
400 260 0.053
400 560 0.036
400 86 0.006
400 336 0.031
400 215 0.013
400 259 0.04
400 20 0.016
400 173 0.016
400 21 0.009
400 400 0.034
400 309 0.034
400 728 0.062
400 106 0.008
400 64 0.007
400 160 0.005
400 222 0.018
400 96 0.01
400 107 0.006
400 105 0.009
400 74 0.013
400 678 0.111
400 11 0.016
400 327 0.034
400 69 0.024
400 325 0.038
400 10 0.024
400 92 0.026
400 81 0.011
400 68 0.026
400 509 0.021
400 411 0.014
401 621 0.077
401 457 0.04
401 425 0.059
401 434 0.007
401 493 0.014
401 172 0.014
401 526 0.02
401 401 0.031
401 160 0.005
401 426 0.022
401 183 0.007
401 714 0.043
401 562 0.038
401 44 0.011
401 362 0.016
401 256 0.008
401 129 0.007
401 365 0.011
401 568 0.043
401 65 0.025
401 542 0.071
401 399 0.056
401 130 0.028
401 257 0.062
401 148 0.071
401 249 0.009
401 430 0.024
401 543 0.03
401 664 0.111
401 870 0.333
401 835 0.167
401 712 0.25
401 289 0.125
401 873 0.5
401 294 0.045
401 874 0.333
401 705 0.143
401 574 0.25
401 791 0.2
401 82 0.008
401 276 0.111
402 402 0.111
403 129 0.007
403 221 0.019
403 168 0.016
403 403 0.059
403 291 0.045
403 473 0.013
403 526 0.02
403 493 0.014
404 166 0.008
404 58 0.01
404 107 0.006
404 100 0.028
404 404 0.016
404 654 0.027
404 101 0.04
404 84 0.021
404 474 0.016
404 124 0.03
404 98 0.043
404 640 0.059
404 99 0.043
404 357 0.024
404 371 0.013
404 434 0.007
404 185 0.1
404 97 0.048
404 323 0.032
404 708 0.059
404 353 0.034
404 618 0.077
404 662 0.062
404 709 0.333
404 233 0.022
404 125 0.05
404 612 0.021
404 62 0.006
404 152 0.017
404 269 0.014
404 87 0.009
404 115 0.01
404 212 0.01
404 162 0.02
404 615 0.025
404 254 0.034
404 249 0.009
404 105 0.009
404 160 0.005
404 82 0.008
404 412 0.017
404 142 0.01
404 768 0.077
404 154 0.026
404 533 0.012
404 601 0.027
404 532 0.05
404 372 0.045
404 282 0.009
404 366 0.012
404 121 0.006
404 86 0.006
404 546 0.014
404 586 0.04
404 301 0.009
404 45 0.026
404 494 0.013
404 422 0.032
404 354 0.1
404 83 0.012
404 937 0.143
404 173 0.016
404 424 0.011
404 15 0.022
404 643 0.077
404 145 0.021
404 963 0.029
404 518 0.015
404 687 0.143
404 16 0.015
404 896 0.048
404 950 0.022
404 932 0.019
404 421 0.021
404 217 0.067
404 373 0.043
404 420 0.009
405 106 0.008
405 160 0.005
405 42 0.02
405 300 0.025
405 365 0.011
405 107 0.006
405 495 0.02
405 748 0.048
405 102 0.062
405 249 0.009
405 489 0.037
405 642 0.05
405 44 0.011
405 329 0.012
405 28 0.01
405 128 0.008
405 303 0.012
405 210 0.013
405 21 0.009
405 371 0.013
405 114 0.009
405 296 0.014
405 490 0.029
405 81 0.011
405 340 0.011
405 226 0.022
405 227 0.053
405 278 0.025
405 129 0.007
405 169 0.01
405 796 0.25
405 174 0.015
405 355 0.024
405 367 0.014
405 405 0.012
405 108 0.027
405 87 0.009
405 16 0.015
405 187 0.026
405 256 0.008
405 288 0.036
405 64 0.007
405 283 0.008
405 356 0.021
405 362 0.016
405 5 0.008
405 456 0.5
405 314 0.031
405 161 0.029
405 15 0.022
405 62 0.006
405 828 0.053
405 282 0.009
405 145 0.021
405 158 0.023
405 46 0.015
405 121 0.006
405 45 0.026
405 498 0.016
405 541 0.071
405 438 0.013
405 531 0.022
405 221 0.019
405 263 0.021
405 758 0.071
405 124 0.03
405 211 0.008
405 63 0.01
405 183 0.007
405 601 0.027
405 434 0.007
405 889 0.25
405 308 0.029
405 133 0.014
405 891 0.5
405 892 0.071
405 10 0.024
405 173 0.016
405 375 0.019
405 896 0.048
405 290 0.015
405 83 0.012
405 304 0.036
405 89 0.018
405 116 0.015
405 19 0.016
405 856 0.019
405 493 0.014
405 245 0.021
405 115 0.01
405 333 0.011
405 543 0.03
405 280 0.01
405 274 0.043
405 419 0.014
405 132 0.019
405 480 0.029
405 255 0.022
405 126 0.036
405 142 0.01
405 105 0.009
405 548 0.05
405 194 0.024
405 268 0.034
405 518 0.015
405 4 0.014
405 3 0.016
405 143 0.022
405 78 0.043
405 162 0.02
406 11 0.016
406 332 0.056
406 44 0.011
406 502 0.056
406 503 0.083
406 504 0.028
406 505 0.077
406 358 0.025
406 506 0.02
406 43 0.091
406 500 0.056
406 501 0.071
406 407 0.045
406 525 0.029
406 699 0.045
406 672 0.077
406 406 0.04
406 499 0.026
407 44 0.011
407 502 0.056
407 503 0.083
407 406 0.04
407 504 0.028
407 505 0.077
407 358 0.025
407 506 0.02
407 566 0.062
407 7 0.02
407 525 0.029
407 494 0.013
407 526 0.02
407 141 0.015
408 408 0.026
408 59 0.022
408 3 0.016
408 63 0.01
408 305 0.019
408 516 0.083
408 517 0.077
408 2 0.013
408 285 0.015
408 520 0.021
408 281 0.022
408 130 0.028
408 194 0.024
408 5 0.008
408 6 0.011
408 4 0.014
408 412 0.017
408 137 0.013
408 212 0.01
408 286 0.024
408 58 0.01
408 211 0.008
408 552 0.028
408 57 0.019
408 138 0.034
408 586 0.04
408 434 0.007
408 126 0.036
408 489 0.037
408 96 0.01
408 533 0.012
408 271 0.017
408 685 0.027
408 208 0.019
408 411 0.014
408 571 0.05
408 462 0.04
408 252 0.012
408 832 0.045
408 215 0.013
408 89 0.018
408 826 0.045
408 625 0.167
408 880 0.037
408 192 0.053
408 587 0.071
408 420 0.009
408 990 0.05
408 193 0.04
408 993 1.0
408 473 0.013
408 859 0.017
409 409 0.033
409 10 0.024
409 118 0.042
409 13 0.016
409 90 0.042
409 165 0.011
409 117 0.067
409 418 0.034
409 326 0.027
409 51 0.016
409 244 0.037
409 278 0.025
409 280 0.01
409 138 0.034
409 306 0.031
409 184 0.014
409 292 0.029
409 25 0.031
409 128 0.008
409 450 0.019
409 35 0.019
409 225 0.04
409 29 0.021
409 305 0.019
409 135 0.029
409 272 0.024
409 448 0.03
409 2 0.013
409 443 0.024
409 38 0.034
409 428 0.043
409 590 0.036
409 336 0.031
409 581 0.037
409 624 0.091
409 447 0.036
409 325 0.038
409 33 0.042
409 27 0.02
409 316 0.026
409 108 0.027
409 390 0.034
409 421 0.021
409 497 0.062
409 81 0.011
409 40 0.021
409 190 0.034
409 171 0.026
409 417 0.019
409 785 0.25
409 69 0.024
409 169 0.01
409 21 0.009
409 515 0.026
409 318 0.02
409 464 0.023
409 30 0.018
409 93 0.02
409 555 0.067
409 65 0.025
409 710 0.053
409 474 0.016
409 800 0.25
409 207 0.034
409 504 0.028
409 420 0.009
409 945 0.25
409 776 0.04
409 47 0.021
409 357 0.024
409 23 0.015
409 140 0.03
409 39 0.03
409 371 0.013
409 197 0.03
409 457 0.04
409 346 0.042
409 177 0.024
409 338 0.019
409 506 0.02
409 28 0.01
409 667 0.036
409 151 0.024
409 36 0.023
410 329 0.012
410 258 0.031
410 183 0.007
410 82 0.008
410 62 0.006
410 356 0.021
410 490 0.029
410 286 0.024
411 132 0.019
411 411 0.014
411 131 0.022
411 58 0.01
411 271 0.017
411 717 0.1
411 285 0.015
411 211 0.008
411 5 0.008
411 517 0.077
411 516 0.083
411 784 0.5
411 6 0.011
411 282 0.009
411 194 0.024
411 809 0.023
411 283 0.008
411 698 0.042
411 481 0.026
411 243 0.022
411 412 0.017
411 2 0.013
411 3 0.016
411 192 0.053
411 305 0.019
411 552 0.028
411 54 0.024
411 89 0.018
411 864 1.0
411 286 0.024
411 64 0.007
411 4 0.014
411 738 0.031
411 408 0.026
411 55 0.029
411 57 0.019
411 209 0.017
411 88 0.033
411 174 0.015
411 281 0.022
411 126 0.036
411 430 0.024
411 308 0.029
411 462 0.04
411 193 0.04
411 597 0.071
411 537 0.056
411 506 0.02
411 195 0.034
411 498 0.016
411 434 0.007
411 304 0.036
411 183 0.007
411 646 0.25
411 208 0.019
411 604 0.125
411 683 0.111
411 460 0.023
411 166 0.008
411 303 0.012
411 63 0.01
411 215 0.013
411 333 0.011
411 96 0.01
411 114 0.009
411 163 0.027
411 949 0.056
411 24 0.038
411 116 0.015
411 261 0.023
411 976 0.1
411 469 0.056
411 728 0.062
411 455 0.02
411 986 0.333
411 987 0.083
411 988 0.5
411 867 0.25
411 866 0.333
411 511 0.048
411 900 0.042
411 375 0.019
411 981 0.091
411 252 0.012
411 405 0.012
411 318 0.02
411 400 0.034
411 816 0.056
411 338 0.019
411 115 0.01
411 170 0.011
411 859 0.017
411 323 0.032
411 123 0.033
411 438 0.013
412 4 0.014
412 2 0.013
412 252 0.012
412 412 0.017
412 305 0.019
412 192 0.053
412 195 0.034
412 683 0.111
412 137 0.013
412 58 0.01
412 809 0.023
412 803 0.062
412 3 0.016
412 411 0.014
412 408 0.026
412 698 0.042
412 63 0.01
412 625 0.167
412 520 0.021
412 59 0.022
412 404 0.016
412 586 0.04
412 54 0.024
412 434 0.007
412 57 0.019
412 285 0.015
412 102 0.062
412 6 0.011
412 271 0.017
412 87 0.009
412 89 0.018
412 552 0.028
412 193 0.04
412 865 0.111
412 665 0.045
412 56 0.026
412 138 0.034
412 832 0.045
412 820 0.01
412 194 0.024
412 884 0.5
412 888 1.0
412 859 0.017
412 812 0.023
412 738 0.031
412 55 0.029
412 587 0.071
412 243 0.022
412 164 0.026
412 481 0.026
412 303 0.012
412 256 0.008
412 162 0.02
412 921 0.091
412 286 0.024
412 971 0.1
412 845 0.038
412 281 0.022
412 991 0.25
412 211 0.008
412 105 0.009
412 473 0.013
412 81 0.011
412 826 0.045
413 542 0.071
413 172 0.014
413 129 0.007
413 214 0.02
413 178 0.034
413 440 0.016
413 275 0.04
413 450 0.019
413 493 0.014
413 143 0.022
413 515 0.026
413 176 0.04
413 200 0.029
413 93 0.02
413 413 0.042
413 458 0.024
413 232 0.013
413 177 0.024
413 168 0.016
413 526 0.02
413 840 0.062
413 426 0.022
413 714 0.043
413 562 0.038
413 65 0.025
414 415 0.333
414 414 0.333
414 449 1.0
414 603 1.0
414 605 0.25
414 697 0.167
414 479 0.2
414 645 0.2
414 370 0.071
414 443 0.024
414 916 1.0
415 697 0.167
415 86 0.006
415 852 0.2
416 327 0.034
417 263 0.021
417 423 0.031
417 442 0.045
417 443 0.024
417 444 0.04
417 113 0.014
417 114 0.009
417 62 0.006
417 151 0.024
417 318 0.02
417 76 0.045
417 96 0.01
417 547 0.034
417 171 0.026
417 40 0.021
417 116 0.015
417 438 0.013
417 23 0.015
417 29 0.021
417 361 0.021
417 455 0.02
417 725 0.083
417 245 0.021
417 47 0.021
417 48 0.022
417 795 1.0
417 30 0.018
417 339 0.025
417 485 0.037
417 165 0.011
417 160 0.005
417 333 0.011
417 251 0.032
417 86 0.006
417 107 0.006
417 437 0.038
417 176 0.04
417 162 0.02
417 79 0.029
417 183 0.007
417 32 0.031
417 27 0.02
417 895 0.5
417 409 0.033
417 5 0.008
417 417 0.019
417 847 0.036
417 136 0.037
417 434 0.007
417 258 0.031
417 367 0.014
417 494 0.013
417 976 0.1
417 925 0.071
417 170 0.011
418 62 0.006
418 184 0.014
418 299 0.048
418 81 0.011
418 582 0.077
418 190 0.034
418 69 0.024
418 473 0.013
418 183 0.007
418 129 0.007
418 314 0.031
418 68 0.026
418 747 0.045
418 6 0.011
418 287 0.059
418 142 0.01
418 509 0.021
418 467 0.05
418 549 0.024
418 710 0.053
419 290 0.015
419 542 0.071
419 554 0.091
419 450 0.019
419 336 0.031
419 652 0.25
419 329 0.012
419 474 0.016
419 143 0.022
419 78 0.043
419 434 0.007
419 493 0.014
419 263 0.021
419 419 0.014
419 114 0.009
419 340 0.011
419 74 0.013
419 211 0.008
419 495 0.02
419 154 0.026
419 497 0.062
419 79 0.029
419 445 0.042
419 789 0.1
419 302 0.043
419 655 0.038
419 482 0.029
419 183 0.007
419 365 0.011
419 473 0.013
419 249 0.009
419 490 0.029
419 81 0.011
419 44 0.011
419 128 0.008
419 14 0.018
419 460 0.023
419 270 0.083
419 337 0.027
419 199 0.026
419 591 0.143
419 168 0.016
419 172 0.014
419 214 0.02
419 256 0.008
419 221 0.019
419 68 0.026
419 106 0.008
419 184 0.014
419 468 0.048
419 62 0.006
419 12 0.022
419 526 0.02
419 848 0.333
419 129 0.007
419 280 0.01
419 371 0.013
419 161 0.029
419 5 0.008
419 489 0.037
419 28 0.01
419 45 0.026
419 169 0.01
419 351 0.023
419 531 0.022
419 714 0.043
419 611 0.04
419 462 0.04
419 64 0.007
419 133 0.014
419 101 0.04
419 777 0.059
419 63 0.01
419 642 0.05
419 18 0.022
419 255 0.022
419 333 0.011
419 113 0.014
419 170 0.011
419 180 0.015
419 405 0.012
419 356 0.021
419 300 0.025
419 607 0.038
419 131 0.022
419 932 0.019
419 121 0.006
419 296 0.014
419 91 0.037
419 253 0.043
419 84 0.021
420 29 0.021
420 210 0.013
420 402 0.111
420 301 0.009
420 651 0.083
420 283 0.008
420 165 0.011
420 568 0.043
420 13 0.016
420 63 0.01
420 434 0.007
420 304 0.036
420 278 0.025
420 511 0.048
420 21 0.009
420 174 0.015
420 654 0.027
420 118 0.042
420 64 0.007
420 326 0.027
420 212 0.01
420 531 0.022
420 541 0.071
420 641 0.083
420 83 0.012
420 18 0.022
420 152 0.017
420 363 0.026
420 81 0.011
420 256 0.008
420 269 0.014
420 30 0.018
420 249 0.009
420 123 0.033
420 362 0.016
420 494 0.013
420 137 0.013
420 854 0.143
420 106 0.008
420 139 0.028
420 296 0.014
420 452 0.034
420 166 0.008
420 78 0.043
420 121 0.006
420 79 0.029
420 128 0.008
420 69 0.024
420 211 0.008
420 209 0.017
420 409 0.033
420 581 0.037
420 20 0.016
420 669 0.167
420 282 0.009
420 244 0.037
420 624 0.091
420 661 0.026
420 235 0.056
420 458 0.024
420 191 0.021
420 105 0.009
420 5 0.008
420 464 0.023
420 314 0.031
420 60 0.026
420 116 0.015
420 82 0.008
420 408 0.026
420 186 0.05
420 340 0.011
420 11 0.016
420 141 0.015
420 12 0.022
420 53 0.037
420 305 0.019
420 430 0.024
420 184 0.014
420 337 0.027
420 325 0.038
420 68 0.026
420 19 0.016
420 190 0.034
420 474 0.016
420 222 0.018
420 114 0.009
420 280 0.01
420 133 0.014
420 230 0.059
420 188 0.038
420 189 0.016
420 820 0.01
420 218 0.023
420 163 0.027
420 293 0.062
420 450 0.019
420 172 0.014
420 666 0.062
420 99 0.043
420 404 0.016
420 520 0.021
420 526 0.02
420 367 0.014
420 28 0.01
420 285 0.015
420 143 0.022
421 529 0.031
421 496 0.05
421 525 0.029
421 362 0.016
421 466 0.028
421 434 0.007
421 481 0.026
421 7 0.02
421 856 0.019
421 86 0.006
421 421 0.021
421 487 0.083
421 213 0.028
421 765 0.056
421 268 0.034
421 365 0.011
422 87 0.009
422 404 0.016
422 82 0.008
422 601 0.027
422 58 0.01
422 154 0.026
422 615 0.025
422 129 0.007
422 19 0.016
422 248 0.05
422 184 0.014
422 17 0.016
422 7 0.02
422 269 0.014
422 163 0.027
422 474 0.016
422 180 0.015
422 21 0.009
422 23 0.015
422 427 0.021
422 115 0.01
422 493 0.014
422 533 0.012
422 546 0.014
422 145 0.021
422 820 0.01
422 393 0.015
422 212 0.01
422 131 0.022
422 950 0.022
422 333 0.011
422 518 0.015
422 513 0.024
422 272 0.024
422 473 0.013
422 819 0.2
422 244 0.037
422 424 0.011
423 417 0.019
423 263 0.021
423 455 0.02
423 76 0.045
423 423 0.031
423 114 0.009
423 370 0.071
423 485 0.037
423 438 0.013
423 303 0.012
423 444 0.04
423 113 0.014
423 121 0.006
423 318 0.02
423 62 0.006
423 245 0.021
423 333 0.011
423 5 0.008
423 96 0.01
423 482 0.029
423 89 0.018
423 13 0.016
423 976 0.1
423 981 0.091
423 527 0.067
423 361 0.021
423 443 0.024
423 847 0.036
423 925 0.071
423 442 0.045
423 547 0.034
423 47 0.021
423 48 0.022
423 171 0.026
423 301 0.009
423 176 0.04
424 15 0.022
424 45 0.026
424 212 0.01
424 82 0.008
424 121 0.006
424 139 0.028
424 80 0.016
424 434 0.007
424 263 0.021
424 308 0.029
424 283 0.008
424 74 0.013
424 280 0.01
424 174 0.015
424 109 0.25
424 429 0.033
424 188 0.038
424 81 0.011
424 367 0.014
424 474 0.016
424 16 0.015
424 147 0.027
424 311 0.032
424 552 0.028
424 115 0.01
424 256 0.008
424 44 0.011
424 160 0.005
424 269 0.014
424 233 0.022
424 87 0.009
424 196 0.043
424 612 0.021
424 493 0.014
424 31 0.026
424 375 0.019
424 28 0.01
424 783 0.25
424 4 0.014
424 355 0.024
424 78 0.043
424 445 0.042
424 46 0.015
424 210 0.013
424 274 0.043
424 748 0.048
424 527 0.067
424 113 0.014
424 543 0.03
424 114 0.009
424 245 0.021
424 338 0.019
424 326 0.027
424 240 0.05
424 462 0.04
424 395 0.028
424 509 0.021
424 464 0.023
424 295 0.018
424 124 0.03
424 99 0.043
424 357 0.024
424 222 0.018
424 93 0.02
424 497 0.062
424 132 0.019
424 290 0.015
424 69 0.024
424 68 0.026
424 183 0.007
424 282 0.009
424 356 0.021
424 329 0.012
424 62 0.006
424 106 0.008
424 303 0.012
424 258 0.031
424 237 0.043
424 758 0.071
424 128 0.008
424 164 0.026
424 211 0.008
424 738 0.031
424 30 0.018
424 495 0.02
424 695 0.091
424 393 0.015
424 105 0.009
424 641 0.083
424 880 0.037
424 589 0.062
424 83 0.012
424 151 0.024
424 209 0.017
424 405 0.012
424 249 0.009
424 58 0.01
424 100 0.028
424 340 0.011
424 304 0.036
424 950 0.022
424 404 0.016
424 142 0.01
424 820 0.01
424 125 0.05
424 424 0.011
424 337 0.027
424 401 0.031
424 316 0.026
424 483 0.028
424 448 0.03
424 170 0.011
424 422 0.032
425 426 0.022
425 425 0.059
425 664 0.111
425 257 0.062
425 513 0.024
425 90 0.042
425 401 0.031
425 567 0.25
425 65 0.025
425 568 0.043
425 457 0.04
425 289 0.125
425 621 0.077
425 873 0.5
425 294 0.045
425 874 0.333
425 430 0.024
425 705 0.143
425 543 0.03
425 526 0.02
425 870 0.333
425 835 0.167
425 714 0.043
425 574 0.25
425 129 0.007
425 130 0.028
425 791 0.2
425 562 0.038
425 403 0.059
425 4 0.014
425 86 0.006
425 256 0.008
426 425 0.059
426 401 0.031
426 426 0.022
426 621 0.077
426 568 0.043
426 130 0.028
426 257 0.062
426 285 0.015
426 457 0.04
426 280 0.01
426 133 0.014
426 92 0.026
426 562 0.038
426 526 0.02
426 403 0.059
426 450 0.019
426 493 0.014
426 270 0.083
426 168 0.016
426 172 0.014
426 129 0.007
426 486 0.023
426 292 0.029
426 183 0.007
426 306 0.031
426 114 0.009
426 290 0.015
426 93 0.02
426 263 0.021
426 440 0.016
426 113 0.014
426 572 0.045
426 423 0.031
426 318 0.02
426 245 0.021
426 840 0.062
426 65 0.025
426 283 0.008
426 166 0.008
426 518 0.015
426 714 0.043
426 86 0.006
426 121 0.006
426 62 0.006
426 82 0.008
426 232 0.013
426 206 0.023
426 458 0.024
426 956 0.077
426 160 0.005
426 391 0.053
426 231 0.02
427 615 0.025
427 470 0.048
427 151 0.024
427 170 0.011
427 119 0.077
427 261 0.023
427 367 0.014
427 282 0.009
427 115 0.01
427 438 0.013
427 121 0.006
427 166 0.008
427 655 0.038
427 82 0.008
427 48 0.022
427 427 0.021
427 651 0.083
427 31 0.026
427 460 0.023
427 105 0.009
427 434 0.007
427 47 0.021
427 86 0.006
427 96 0.01
427 339 0.025
427 142 0.01
427 62 0.006
427 612 0.021
427 431 0.043
427 333 0.011
427 23 0.015
427 145 0.021
427 249 0.009
427 160 0.005
427 169 0.01
427 162 0.02
427 165 0.011
427 443 0.024
427 950 0.022
427 980 0.167
427 212 0.01
427 40 0.021
427 932 0.019
427 107 0.006
427 87 0.009
427 252 0.012
427 546 0.014
428 429 0.033
428 139 0.028
428 446 0.045
428 447 0.036
428 269 0.014
428 676 0.25
428 216 0.038
428 461 0.062
428 651 0.083
428 301 0.009
428 45 0.026
428 164 0.026
428 274 0.043
428 46 0.015
428 272 0.024
428 273 0.042
428 140 0.03
428 335 0.043
428 322 0.05
428 15 0.022
428 428 0.043
428 579 0.062
428 592 0.034
429 164 0.026
429 140 0.03
429 447 0.036
429 448 0.03
429 139 0.028
429 46 0.015
429 428 0.043
429 269 0.014
429 45 0.026
429 100 0.028
429 592 0.034
429 429 0.033
429 446 0.045
429 216 0.038
429 6 0.011
429 15 0.022
429 124 0.03
429 273 0.042
429 579 0.062
429 461 0.062
429 335 0.043
429 322 0.05
429 334 0.056
429 301 0.009
429 107 0.006
429 933 0.067
429 929 0.091
429 274 0.043
429 166 0.008
429 160 0.005
430 249 0.009
430 141 0.015
430 62 0.006
430 498 0.016
430 44 0.011
430 672 0.077
430 430 0.024
430 160 0.005
430 365 0.011
430 506 0.02
430 246 0.083
430 360 0.036
430 14 0.018
430 5 0.008
430 166 0.008
430 8 0.029
430 83 0.012
430 19 0.016
430 765 0.056
430 504 0.028
430 362 0.016
430 280 0.01
430 543 0.03
430 441 0.023
430 308 0.029
430 211 0.008
430 462 0.04
430 12 0.022
430 565 0.125
430 533 0.012
430 183 0.007
430 856 0.019
430 64 0.007
430 11 0.016
430 7 0.02
430 411 0.014
430 129 0.007
430 128 0.008
430 501 0.071
430 65 0.025
430 86 0.006
430 956 0.077
430 420 0.009
430 421 0.021
431 50 0.067
431 80 0.016
431 217 0.067
431 71 0.067
431 4 0.014
431 84 0.021
431 372 0.045
431 160 0.005
431 152 0.017
431 166 0.008
431 431 0.043
432 217 0.067
433 70 0.062
433 217 0.067
433 288 0.036
433 71 0.067
433 372 0.045
433 162 0.02
433 152 0.017
433 432 0.143
433 180 0.015
433 84 0.021
433 49 0.077
433 364 0.111
433 50 0.067
433 405 0.012
433 434 0.007
433 433 0.053
433 186 0.05
433 144 0.091
433 431 0.043
434 215 0.013
434 23 0.015
434 450 0.019
434 460 0.023
434 365 0.011
434 105 0.009
434 128 0.008
434 161 0.029
434 19 0.016
434 129 0.007
434 533 0.012
434 163 0.027
434 255 0.022
434 81 0.011
434 106 0.008
434 471 0.125
434 189 0.016
434 551 0.083
434 490 0.029
434 249 0.009
434 256 0.008
434 233 0.022
434 473 0.013
434 467 0.05
434 434 0.007
434 187 0.026
434 212 0.01
434 147 0.027
434 424 0.011
434 89 0.018
434 303 0.012
434 371 0.013
434 295 0.018
434 404 0.016
434 401 0.031
434 280 0.01
434 419 0.014
434 356 0.021
434 154 0.026
434 493 0.014
434 114 0.009
434 41 0.015
434 368 0.022
434 168 0.016
434 214 0.02
434 35 0.019
434 170 0.011
434 367 0.014
434 420 0.009
434 166 0.008
434 550 0.04
434 44 0.011
434 184 0.014
434 190 0.034
434 42 0.02
434 243 0.022
434 509 0.021
434 440 0.016
434 87 0.009
434 115 0.01
434 46 0.015
434 183 0.007
434 198 0.053
434 231 0.02
434 474 0.016
434 329 0.012
434 544 0.036
434 308 0.029
434 269 0.014
434 441 0.023
434 28 0.01
434 362 0.016
434 165 0.011
434 169 0.01
434 63 0.01
434 83 0.012
434 62 0.006
434 296 0.014
434 16 0.015
434 338 0.019
434 518 0.015
434 288 0.036
434 478 0.037
434 64 0.007
434 226 0.022
434 116 0.015
434 21 0.009
434 340 0.011
434 531 0.022
434 211 0.008
434 148 0.071
434 229 0.037
434 515 0.026
434 768 0.077
434 363 0.026
434 61 0.018
434 30 0.018
434 647 0.091
434 820 0.01
434 132 0.019
434 199 0.026
434 200 0.029
434 167 0.02
434 99 0.043
434 421 0.021
434 459 0.015
434 412 0.017
434 320 0.025
434 208 0.019
434 173 0.016
434 53 0.037
434 159 0.029
434 612 0.021
434 2 0.013
434 145 0.021
434 152 0.017
434 121 0.006
434 282 0.009
434 314 0.031
434 210 0.013
434 58 0.01
434 191 0.021
434 333 0.011
434 856 0.019
434 11 0.016
434 252 0.012
434 97 0.048
434 158 0.023
434 361 0.021
434 593 0.026
434 275 0.04
434 144 0.091
434 828 0.053
434 506 0.02
434 283 0.008
434 495 0.02
434 405 0.012
434 290 0.015
434 245 0.021
434 221 0.019
434 353 0.034
434 92 0.026
434 427 0.021
434 859 0.017
434 172 0.014
434 411 0.014
434 458 0.024
434 65 0.025
434 3 0.016
434 258 0.031
434 203 0.026
434 100 0.028
434 548 0.05
434 607 0.038
434 137 0.013
434 431 0.043
434 677 0.5
435 435 0.25
435 147 0.027
435 647 0.091
435 127 0.062
435 533 0.012
435 160 0.005
435 440 0.016
435 616 0.2
435 793 0.5
435 920 1.0
435 316 0.026
435 519 0.143
435 942 1.0
435 163 0.027
437 135 0.029
437 455 0.02
437 27 0.02
437 136 0.037
437 75 0.071
437 5 0.008
437 165 0.011
437 115 0.01
437 361 0.021
437 116 0.015
437 531 0.022
437 38 0.034
437 89 0.018
437 437 0.038
437 860 0.062
437 436 0.333
437 26 0.033
437 482 0.029
437 338 0.019
437 339 0.025
437 169 0.01
437 337 0.027
437 25 0.031
437 443 0.024
437 30 0.018
437 816 0.056
437 261 0.023
437 547 0.034
437 47 0.021
437 336 0.031
437 847 0.036
437 900 0.042
438 35 0.019
438 169 0.01
438 29 0.021
438 40 0.021
438 170 0.011
438 151 0.024
438 123 0.033
438 438 0.013
438 32 0.031
438 25 0.031
438 30 0.018
438 6 0.011
438 450 0.019
438 455 0.02
438 87 0.009
438 96 0.01
438 251 0.032
438 367 0.014
438 28 0.01
438 115 0.01
438 417 0.019
438 114 0.009
438 116 0.015
438 113 0.014
438 338 0.019
438 33 0.042
438 31 0.026
438 308 0.029
438 261 0.023
438 38 0.034
438 545 0.053
438 36 0.023
438 23 0.015
438 423 0.031
438 302 0.043
438 165 0.011
438 340 0.011
438 482 0.029
438 337 0.027
438 89 0.018
438 365 0.011
438 249 0.009
438 263 0.021
438 562 0.038
438 86 0.006
438 93 0.02
438 141 0.015
438 336 0.031
438 339 0.025
438 531 0.022
438 440 0.016
438 54 0.024
438 390 0.034
438 34 0.043
438 860 0.062
438 444 0.04
438 588 0.045
438 590 0.036
438 361 0.021
438 405 0.012
438 5 0.008
438 64 0.007
438 470 0.048
438 655 0.038
438 26 0.033
438 494 0.013
438 333 0.011
438 74 0.013
438 437 0.038
438 136 0.037
438 135 0.029
438 27 0.02
438 436 0.333
438 330 0.111
438 892 0.071
438 900 0.042
438 107 0.006
438 987 0.083
438 411 0.014
440 413 0.042
440 275 0.04
440 178 0.034
440 450 0.019
440 168 0.016
440 542 0.071
440 226 0.022
440 200 0.029
440 562 0.038
440 458 0.024
440 65 0.025
440 177 0.024
440 61 0.018
440 629 0.333
440 380 0.03
440 533 0.012
440 447 0.036
440 515 0.026
440 232 0.013
440 264 0.037
440 434 0.007
440 266 0.043
440 497 0.062
440 499 0.026
440 493 0.014
440 498 0.016
440 818 0.1
440 457 0.04
440 238 0.028
440 159 0.029
440 368 0.022
440 241 0.05
440 149 0.042
440 440 0.016
440 526 0.02
440 64 0.007
440 5 0.008
440 53 0.037
440 206 0.023
440 438 0.013
440 321 0.027
440 435 0.25
440 320 0.025
440 94 0.027
440 249 0.009
440 366 0.012
440 399 0.056
440 172 0.014
440 14 0.018
440 426 0.022
440 24 0.038
440 231 0.02
440 176 0.04
440 608 0.043
440 6 0.011
440 840 0.062
440 265 0.032
440 152 0.017
440 280 0.01
440 129 0.007
440 365 0.011
440 970 0.5
440 733 0.1
440 460 0.023
441 360 0.036
441 498 0.016
441 374 0.111
441 366 0.012
441 264 0.037
441 546 0.014
441 529 0.031
441 44 0.011
441 362 0.016
441 506 0.02
441 233 0.022
441 87 0.009
441 105 0.009
441 569 0.034
441 434 0.007
441 8 0.029
441 86 0.006
441 282 0.009
441 649 0.111
441 729 0.125
441 754 0.045
441 249 0.009
441 161 0.029
441 324 0.071
441 107 0.006
441 121 0.006
441 19 0.016
441 12 0.022
441 166 0.008
441 566 0.062
442 113 0.014
442 35 0.019
442 545 0.053
442 36 0.023
442 442 0.045
442 455 0.02
442 96 0.01
442 478 0.037
442 333 0.011
442 48 0.022
443 443 0.024
443 47 0.021
443 820 0.01
443 96 0.01
443 85 0.029
443 38 0.034
443 113 0.014
443 48 0.022
443 455 0.02
443 333 0.011
443 527 0.067
443 361 0.021
443 417 0.019
443 263 0.021
443 444 0.04
443 725 0.083
443 318 0.02
443 442 0.045
443 547 0.034
443 114 0.009
443 423 0.031
443 245 0.021
443 76 0.045
443 485 0.037
443 171 0.026
443 226 0.022
443 847 0.036
443 40 0.021
443 251 0.032
443 366 0.012
443 135 0.029
443 414 0.333
443 29 0.021
443 26 0.033
443 339 0.025
443 590 0.036
443 116 0.015
443 261 0.023
443 919 0.091
443 33 0.042
443 427 0.021
443 976 0.1
443 165 0.011
443 925 0.071
443 437 0.038
444 263 0.021
444 96 0.01
444 455 0.02
444 485 0.037
444 76 0.045
444 464 0.023
444 47 0.021
444 423 0.031
444 245 0.021
444 114 0.009
444 444 0.04
444 333 0.011
444 48 0.022
444 318 0.02
444 84 0.021
444 438 0.013
444 417 0.019
444 301 0.009
444 527 0.067
444 361 0.021
444 113 0.014
444 443 0.024
444 847 0.036
444 442 0.045
444 547 0.034
444 171 0.026
445 581 0.037
445 557 0.067
445 424 0.011
445 340 0.011
445 848 0.333
445 301 0.009
445 64 0.007
445 133 0.014
445 77 0.056
445 86 0.006
445 128 0.008
445 531 0.022
445 13 0.016
445 79 0.029
445 820 0.01
445 82 0.008
445 917 0.056
445 5 0.008
445 256 0.008
445 518 0.015
446 269 0.014
446 216 0.038
446 446 0.045
446 140 0.03
446 448 0.03
446 15 0.022
446 429 0.033
446 447 0.036
446 579 0.062
446 139 0.028
446 45 0.026
446 592 0.034
446 461 0.062
446 335 0.043
446 428 0.043
446 334 0.056
446 301 0.009
446 46 0.015
446 272 0.024
447 139 0.028
447 446 0.045
447 447 0.036
447 46 0.015
447 448 0.03
447 269 0.014
447 140 0.03
447 429 0.033
447 440 0.016
447 592 0.034
447 335 0.043
447 690 0.071
447 473 0.013
447 799 0.2
447 579 0.062
447 498 0.016
447 323 0.032
447 428 0.043
447 676 0.25
447 272 0.024
447 45 0.026
447 62 0.006
447 273 0.042
447 322 0.05
447 334 0.056
447 933 0.067
448 140 0.03
448 272 0.024
448 46 0.015
448 45 0.026
448 40 0.021
448 269 0.014
448 216 0.038
448 139 0.028
448 446 0.045
448 447 0.036
448 429 0.033
448 15 0.022
448 592 0.034
448 335 0.043
448 428 0.043
448 334 0.056
448 461 0.062
448 271 0.017
448 322 0.05
448 62 0.006
448 107 0.006
448 273 0.042
448 579 0.062
448 617 0.167
448 274 0.043
448 164 0.026
448 448 0.03
448 735 0.167
448 812 0.023
448 847 0.036
448 484 0.053
448 933 0.067
448 494 0.013
448 87 0.009
448 16 0.015
448 421 0.021
450 434 0.007
450 440 0.016
450 275 0.04
450 458 0.024
450 256 0.008
450 95 0.027
450 413 0.042
450 172 0.014
450 129 0.007
450 142 0.01
450 542 0.071
450 438 0.013
450 340 0.011
450 169 0.01
450 450 0.019
450 168 0.016
450 493 0.014
450 160 0.005
450 568 0.043
450 482 0.029
450 82 0.008
450 212 0.01
450 62 0.006
450 280 0.01
450 419 0.014
450 176 0.04
450 420 0.009
450 183 0.007
450 543 0.03
450 64 0.007
450 813 0.2
450 464 0.023
450 611 0.04
450 128 0.008
450 526 0.02
450 534 0.5
450 544 0.036
450 714 0.043
450 342 0.023
450 515 0.026
450 377 0.011
450 623 0.111
450 211 0.008
450 257 0.062
450 5 0.008
450 65 0.025
450 133 0.014
450 600 0.1
450 426 0.022
450 295 0.018
450 13 0.016
450 329 0.012
450 93 0.02
450 86 0.006
450 581 0.037
450 123 0.033
450 399 0.056
450 14 0.018
450 228 0.045
450 1 0.02
450 214 0.02
450 292 0.029
450 232 0.013
450 291 0.045
450 105 0.009
450 932 0.019
450 167 0.02
450 186 0.05
451 452 0.034
451 496 0.05
451 265 0.032
451 566 0.062
451 569 0.034
451 487 0.083
451 466 0.028
451 360 0.036
451 141 0.015
451 558 0.091
451 161 0.029
451 7 0.02
452 141 0.015
452 359 0.05
452 566 0.062
452 43 0.091
452 451 0.125
452 573 0.059
452 569 0.034
452 264 0.037
452 452 0.034
452 360 0.036
452 161 0.029
452 7 0.02
452 570 0.062
452 9 0.037
452 499 0.026
452 502 0.056
452 8 0.029
452 529 0.031
452 666 0.062
452 830 1.0
452 823 0.05
452 661 0.026
452 420 0.009
452 265 0.032
452 856 0.019
452 19 0.016
452 608 0.043
452 498 0.016
452 421 0.021
452 466 0.028
452 358 0.025
452 501 0.071
452 700 0.037
452 213 0.028
452 487 0.083
452 11 0.016
452 649 0.111
452 506 0.02
453 160 0.005
453 87 0.009
453 62 0.006
453 212 0.01
453 83 0.012
453 472 0.143
453 255 0.022
453 615 0.025
453 189 0.016
453 301 0.009
453 166 0.008
453 121 0.006
453 142 0.01
453 167 0.02
453 453 0.05
453 654 0.027
453 283 0.008
453 459 0.015
453 546 0.014
453 105 0.009
453 607 0.038
453 86 0.006
453 932 0.019
453 745 0.2
453 170 0.011
453 420 0.009
454 357 0.024
454 189 0.016
454 62 0.006
454 107 0.006
454 82 0.008
454 106 0.008
454 160 0.005
455 375 0.019
455 438 0.013
455 339 0.025
455 302 0.043
455 48 0.022
455 423 0.031
455 464 0.023
455 417 0.019
455 263 0.021
455 318 0.02
455 171 0.026
455 115 0.01
455 123 0.033
455 444 0.04
455 113 0.014
455 245 0.021
455 169 0.01
455 361 0.021
455 47 0.021
455 5 0.008
455 76 0.045
455 338 0.019
455 96 0.01
455 333 0.011
455 485 0.037
455 64 0.007
455 261 0.023
455 116 0.015
455 24 0.038
455 847 0.036
455 39 0.03
455 170 0.011
455 455 0.02
455 251 0.032
455 211 0.008
455 547 0.034
455 58 0.01
455 330 0.111
455 89 0.018
455 860 0.062
455 165 0.011
455 119 0.077
455 114 0.009
455 816 0.056
455 136 0.037
455 35 0.019
455 976 0.1
455 925 0.071
455 914 0.056
455 131 0.022
455 271 0.017
455 470 0.048
455 29 0.021
456 456 0.5
456 405 0.012
456 64 0.007
457 401 0.031
457 562 0.038
457 440 0.016
457 523 0.062
457 421 0.021
457 62 0.006
457 238 0.028
457 568 0.043
457 840 0.062
457 426 0.022
457 425 0.059
457 526 0.02
457 399 0.056
457 65 0.025
457 457 0.04
457 86 0.006
457 493 0.014
457 92 0.026
457 197 0.03
457 294 0.045
457 231 0.02
458 129 0.007
458 542 0.071
458 458 0.024
458 600 0.1
458 62 0.006
458 450 0.019
458 440 0.016
458 275 0.04
458 493 0.014
458 568 0.043
458 168 0.016
458 86 0.006
458 623 0.111
458 280 0.01
458 254 0.034
458 397 0.029
458 5 0.008
458 172 0.014
458 142 0.01
458 647 0.091
458 494 0.013
458 515 0.026
458 813 0.2
458 377 0.011
458 183 0.007
458 64 0.007
458 413 0.042
458 526 0.02
458 291 0.045
458 420 0.009
458 160 0.005
458 82 0.008
458 604 0.125
458 6 0.011
458 152 0.017
458 426 0.022
458 714 0.043
458 789 0.1
458 543 0.03
459 249 0.009
459 560 0.036
459 268 0.034
459 190 0.034
459 661 0.026
459 756 0.059
459 331 0.053
459 434 0.007
459 215 0.013
459 21 0.009
459 498 0.016
459 177 0.024
459 74 0.013
459 467 0.05
459 19 0.016
459 25 0.031
459 565 0.125
459 362 0.016
459 358 0.025
459 616 0.2
459 490 0.029
459 106 0.008
459 187 0.026
459 0 0.031
459 717 0.1
459 222 0.018
459 80 0.016
459 1 0.02
459 218 0.023
459 295 0.018
459 223 0.024
459 17 0.016
459 329 0.012
459 44 0.011
459 464 0.023
459 589 0.062
459 225 0.04
459 421 0.021
459 513 0.024
459 221 0.019
459 226 0.022
459 340 0.011
460 537 0.056
460 434 0.007
460 81 0.011
460 467 0.05
460 147 0.027
460 233 0.022
460 473 0.013
460 462 0.04
460 419 0.014
460 495 0.02
460 615 0.025
460 518 0.015
460 249 0.009
460 170 0.011
460 214 0.02
460 80 0.016
460 679 0.053
460 663 0.053
460 159 0.029
460 460 0.023
460 421 0.021
460 533 0.012
460 244 0.037
460 328 0.062
460 57 0.019
460 189 0.016
460 730 0.111
460 167 0.02
460 129 0.007
460 183 0.007
460 211 0.008
460 490 0.029
460 256 0.008
460 607 0.038
460 440 0.016
460 347 0.042
461 45 0.026
461 272 0.024
461 139 0.028
461 140 0.03
461 446 0.045
461 428 0.043
461 447 0.036
461 448 0.03
461 429 0.033
461 533 0.012
461 624 0.091
461 118 0.042
461 13 0.016
461 46 0.015
461 269 0.014
461 461 0.062
461 735 0.167
461 819 0.2
461 335 0.043
461 322 0.05
461 273 0.042
461 812 0.023
461 592 0.034
461 216 0.038
462 463 0.5
462 462 0.04
462 561 1.0
462 256 0.008
462 212 0.01
462 701 1.0
462 106 0.008
462 308 0.029
462 21 0.009
462 20 0.016
462 272 0.024
462 249 0.009
462 121 0.006
462 211 0.008
462 586 0.04
462 411 0.014
462 419 0.014
462 506 0.02
462 5 0.008
463 462 0.04
463 463 0.5
464 280 0.01
464 483 0.028
464 41 0.015
464 340 0.011
464 455 0.02
464 493 0.014
464 556 0.143
464 165 0.011
464 727 0.333
464 444 0.04
464 464 0.023
464 523 0.062
464 331 0.053
464 494 0.013
464 129 0.007
464 424 0.011
464 377 0.011
464 160 0.005
464 211 0.008
464 169 0.01
464 35 0.019
464 611 0.04
464 409 0.033
464 128 0.008
464 183 0.007
464 820 0.01
464 337 0.027
464 116 0.015
464 338 0.019
464 900 0.042
464 847 0.036
464 93 0.02
464 459 0.015
464 82 0.008
464 450 0.019
465 155 0.019
465 465 0.111
465 61 0.018
465 809 0.023
465 707 0.029
465 519 0.143
465 14 0.018
465 667 0.036
465 473 0.013
465 549 0.024
465 189 0.016
465 615 0.025
465 316 0.026
465 83 0.012
466 421 0.021
466 141 0.015
466 529 0.031
466 496 0.05
466 498 0.016
466 9 0.037
466 608 0.043
466 267 0.056
466 649 0.111
466 506 0.02
466 213 0.028
466 406 0.04
466 362 0.016
466 602 0.05
466 265 0.032
466 11 0.016
466 359 0.05
466 374 0.111
466 441 0.023
466 754 0.045
466 358 0.025
466 555 0.067
466 500 0.056
466 504 0.028
466 856 0.019
466 487 0.083
466 466 0.028
466 893 0.5
466 8 0.029
466 64 0.007
466 6 0.011
466 5 0.008
466 160 0.005
466 499 0.026
466 407 0.045
466 804 0.083
466 525 0.029
466 912 0.5
466 324 0.071
466 231 0.02
466 488 0.143
466 510 0.053
466 53 0.037
466 86 0.006
467 152 0.017
467 434 0.007
467 460 0.023
467 20 0.016
467 160 0.005
467 62 0.006
467 86 0.006
467 189 0.016
467 166 0.008
467 21 0.009
467 222 0.018
467 106 0.008
467 509 0.021
467 418 0.034
467 107 0.006
467 459 0.015
467 142 0.01
467 85 0.029
469 258 0.031
469 375 0.019
469 478 0.037
469 474 0.016
469 66 0.05
469 96 0.01
469 90 0.042
469 143 0.022
469 477 0.091
469 469 0.056
469 211 0.008
469 411 0.014
470 170 0.011
470 155 0.019
470 427 0.021
470 470 0.048
470 590 0.036
470 119 0.077
470 96 0.01
470 151 0.024
470 86 0.006
470 494 0.013
470 261 0.023
470 116 0.015
470 438 0.013
470 367 0.014
470 753 0.059
470 455 0.02
470 914 0.056
470 655 0.038
470 986 0.333
471 472 0.143
471 255 0.022
471 434 0.007
471 671 0.04
471 421 0.021
471 160 0.005
471 333 0.011
471 170 0.011
471 473 0.013
471 256 0.008
471 607 0.038
473 29 0.021
473 460 0.023
473 19 0.016
473 189 0.016
473 537 0.056
473 434 0.007
473 184 0.014
473 6 0.011
473 667 0.036
473 473 0.013
473 108 0.027
473 81 0.011
473 327 0.034
473 447 0.036
473 418 0.034
473 509 0.021
473 213 0.028
473 545 0.053
473 249 0.009
473 25 0.031
473 627 0.1
473 30 0.018
473 301 0.009
473 299 0.048
473 232 0.013
473 183 0.007
473 419 0.014
473 498 0.016
473 549 0.024
473 69 0.024
473 32 0.031
473 536 0.091
473 298 0.111
473 17 0.016
473 166 0.008
473 150 0.031
473 256 0.008
473 44 0.011
473 28 0.01
473 106 0.008
473 113 0.014
473 495 0.02
473 371 0.013
473 114 0.009
473 14 0.018
473 581 0.037
473 87 0.009
473 93 0.02
473 333 0.011
473 116 0.015
473 170 0.011
473 63 0.01
473 35 0.019
473 493 0.014
473 129 0.007
473 393 0.015
473 296 0.014
473 441 0.023
473 404 0.016
473 355 0.024
473 459 0.015
473 340 0.011
473 531 0.022
473 329 0.012
473 474 0.016
473 269 0.014
473 46 0.015
473 211 0.008
473 147 0.027
473 163 0.027
473 490 0.029
473 489 0.037
473 767 0.167
473 174 0.015
473 963 0.029
473 3 0.016
473 280 0.01
473 362 0.016
473 326 0.027
473 427 0.021
473 367 0.014
473 115 0.01
473 201 0.023
473 141 0.015
473 421 0.021
473 483 0.028
473 411 0.014
473 412 0.017
473 80 0.016
473 121 0.006
473 642 0.05
474 91 0.037
474 329 0.012
474 478 0.037
474 110 0.111
474 258 0.031
474 404 0.016
474 143 0.022
474 356 0.021
474 375 0.019
474 357 0.024
474 62 0.006
474 128 0.008
474 166 0.008
474 419 0.014
474 111 0.125
474 282 0.009
474 494 0.013
474 108 0.027
474 328 0.062
474 87 0.009
474 90 0.042
474 66 0.05
474 476 0.143
474 477 0.091
474 514 0.091
474 469 0.056
474 513 0.024
474 249 0.009
474 434 0.007
474 142 0.01
474 366 0.012
474 160 0.005
474 107 0.006
474 186 0.05
474 615 0.025
474 254 0.034
474 269 0.014
474 233 0.022
474 612 0.021
474 112 0.059
474 301 0.009
474 256 0.008
474 183 0.007
474 663 0.053
474 121 0.006
474 81 0.011
474 96 0.01
474 84 0.021
474 560 0.036
474 546 0.014
474 409 0.033
474 493 0.014
474 13 0.016
474 950 0.022
474 105 0.009
474 212 0.01
474 23 0.015
474 427 0.021
474 41 0.015
474 115 0.01
474 340 0.011
474 42 0.02
474 932 0.019
474 859 0.017
474 474 0.016
476 474 0.016
476 112 0.059
477 108 0.027
477 91 0.037
477 477 0.091
477 90 0.042
477 469 0.056
477 66 0.05
477 375 0.019
478 474 0.016
478 357 0.024
478 375 0.019
478 543 0.03
478 424 0.011
478 329 0.012
478 469 0.056
478 143 0.022
478 356 0.021
478 66 0.05
478 108 0.027
478 110 0.111
478 91 0.037
478 476 0.143
478 111 0.125
478 112 0.059
478 328 0.062
478 477 0.091
478 258 0.031
478 478 0.037
478 90 0.042
478 105 0.009
478 62 0.006
478 113 0.014
478 434 0.007
478 183 0.007
478 514 0.091
478 160 0.005
478 176 0.04
478 13 0.016
478 282 0.009
478 121 0.006
478 652 0.25
478 325 0.038
478 306 0.031
479 479 0.2
480 282 0.009
480 211 0.008
480 549 0.024
480 106 0.008
480 166 0.008
480 69 0.024
480 92 0.026
480 494 0.013
480 80 0.016
480 329 0.012
480 356 0.021
480 21 0.009
480 20 0.016
480 375 0.019
480 221 0.019
480 671 0.04
480 143 0.022
480 74 0.013
480 509 0.021
480 223 0.024
480 357 0.024
480 183 0.007
480 508 0.038
480 184 0.014
480 39 0.03
480 86 0.006
480 480 0.029
480 667 0.036
480 142 0.01
480 550 0.04
480 418 0.034
480 601 0.027
480 362 0.016
480 107 0.006
481 55 0.029
481 58 0.01
481 211 0.008
481 208 0.019
481 6 0.011
481 738 0.031
481 57 0.019
481 54 0.024
481 481 0.026
481 4 0.014
481 2 0.013
481 132 0.019
481 138 0.034
481 160 0.005
481 13 0.016
481 698 0.042
481 411 0.014
481 809 0.023
481 286 0.024
481 63 0.01
481 137 0.013
481 271 0.017
481 305 0.019
481 586 0.04
481 421 0.021
481 285 0.015
481 96 0.01
481 59 0.022
481 552 0.028
481 685 0.027
481 412 0.017
481 83 0.012
481 3 0.016
481 107 0.006
481 949 0.056
481 5 0.008
481 950 0.022
481 131 0.022
481 845 0.038
481 281 0.022
482 340 0.011
482 41 0.015
482 74 0.013
482 134 0.048
482 521 0.077
482 218 0.023
482 419 0.014
482 554 0.091
482 450 0.019
482 482 0.029
482 79 0.029
482 78 0.043
482 535 0.111
482 48 0.022
482 47 0.021
482 438 0.013
482 331 0.053
482 553 0.125
482 497 0.062
482 318 0.02
482 228 0.045
482 593 0.026
482 679 0.053
482 89 0.018
482 576 0.053
482 339 0.025
482 64 0.007
482 777 0.059
482 531 0.022
482 483 0.028
482 14 0.018
482 598 0.125
482 423 0.031
482 162 0.02
482 289 0.125
482 172 0.014
482 129 0.007
482 301 0.009
482 143 0.022
482 655 0.038
483 377 0.011
483 464 0.023
483 214 0.02
483 345 0.043
483 157 0.019
483 47 0.021
483 764 0.111
483 61 0.018
483 320 0.025
483 351 0.023
483 133 0.014
483 483 0.028
483 727 0.333
483 321 0.027
483 482 0.029
483 219 0.056
483 178 0.034
483 232 0.013
483 556 0.143
483 94 0.027
483 352 0.048
483 851 0.111
483 340 0.011
483 172 0.014
483 342 0.023
483 113 0.014
483 128 0.008
483 255 0.022
483 280 0.01
483 165 0.011
483 226 0.022
483 167 0.02
484 87 0.009
484 563 0.083
484 290 0.015
484 143 0.022
484 83 0.012
484 572 0.045
484 494 0.013
484 515 0.026
484 822 0.067
484 484 0.053
484 694 0.143
484 168 0.016
484 448 0.03
484 86 0.006
484 64 0.007
484 292 0.029
484 129 0.007
485 170 0.011
485 113 0.014
485 485 0.037
485 76 0.045
485 423 0.031
485 417 0.019
485 263 0.021
485 444 0.04
485 245 0.021
485 114 0.009
485 455 0.02
485 74 0.013
485 333 0.011
485 166 0.008
485 198 0.053
485 387 0.043
485 48 0.022
485 86 0.006
485 318 0.02
485 442 0.045
486 394 0.033
486 183 0.007
486 129 0.007
486 486 0.023
486 201 0.023
486 113 0.014
486 458 0.024
486 318 0.02
486 114 0.009
486 245 0.021
486 292 0.029
486 278 0.025
486 611 0.04
486 725 0.083
486 94 0.027
486 168 0.016
486 714 0.043
486 820 0.01
486 327 0.034
486 664 0.111
486 426 0.022
486 263 0.021
486 5 0.008
486 333 0.011
486 303 0.012
486 81 0.011
486 44 0.011
486 28 0.01
486 128 0.008
486 280 0.01
486 165 0.011
486 169 0.01
486 367 0.014
486 362 0.016
486 356 0.021
486 285 0.015
486 329 0.012
486 430 0.024
486 353 0.034
486 21 0.009
486 188 0.038
486 286 0.024
486 36 0.023
486 410 0.111
486 63 0.01
486 106 0.008
486 184 0.014
486 357 0.024
486 478 0.037
486 365 0.011
486 115 0.01
486 51 0.016
486 261 0.023
486 35 0.019
486 14 0.018
486 29 0.021
486 176 0.04
486 417 0.019
486 232 0.013
487 488 0.143
487 451 0.125
487 529 0.031
487 421 0.021
487 332 0.056
487 558 0.091
487 9 0.037
487 805 0.25
487 496 0.05
487 487 0.083
487 213 0.028
487 922 0.059
487 452 0.034
488 141 0.015
488 421 0.021
488 466 0.028
488 529 0.031
488 498 0.016
488 922 0.059
488 362 0.016
488 487 0.083
488 496 0.05
488 499 0.026
489 489 0.037
489 6 0.011
489 64 0.007
489 5 0.008
489 16 0.015
489 21 0.009
489 528 0.111
489 644 0.083
489 210 0.013
489 212 0.01
489 405 0.012
489 157 0.019
489 256 0.008
489 771 0.125
489 229 0.037
489 365 0.011
489 82 0.008
489 87 0.009
489 300 0.025
489 132 0.019
489 129 0.007
489 408 0.026
489 2 0.013
489 121 0.006
489 211 0.008
489 419 0.014
489 305 0.019
489 106 0.008
489 434 0.007
489 105 0.009
489 473 0.013
489 249 0.009
490 129 0.007
490 365 0.011
490 106 0.008
490 434 0.007
490 371 0.013
490 490 0.029
490 209 0.017
490 377 0.011
490 405 0.012
490 121 0.006
490 518 0.015
490 149 0.042
490 459 0.015
490 607 0.038
490 82 0.008
490 80 0.016
490 295 0.018
490 419 0.014
490 460 0.023
490 256 0.008
490 356 0.021
490 258 0.031
490 128 0.008
490 420 0.009
491 168 0.016
491 167 0.02
491 695 0.091
491 163 0.027
491 491 0.143
491 453 0.05
491 117 0.067
491 127 0.062
491 390 0.034
491 548 0.05
491 490 0.029
491 378 0.042
491 377 0.011
491 624 0.091
491 340 0.011
491 170 0.011
491 497 0.062
491 816 0.056
491 753 0.059
492 254 0.034
492 186 0.05
492 144 0.091
492 152 0.017
492 64 0.007
492 212 0.01
492 510 0.053
492 48 0.022
492 333 0.011
492 5 0.008
492 283 0.008
492 115 0.01
492 256 0.008
492 518 0.015
492 83 0.012
492 165 0.011
492 105 0.009
492 107 0.006
492 678 0.111
492 950 0.022
492 166 0.008
492 612 0.021
492 160 0.005
492 932 0.019
493 294 0.045
493 129 0.007
493 401 0.031
493 280 0.01
493 133 0.014
493 413 0.042
493 515 0.026
493 168 0.016
493 172 0.014
493 450 0.019
493 440 0.016
493 275 0.04
493 93 0.02
493 458 0.024
493 464 0.023
493 399 0.056
493 270 0.083
493 290 0.015
493 568 0.043
493 434 0.007
493 41 0.015
493 180 0.015
493 425 0.059
493 403 0.059
493 419 0.014
493 183 0.007
493 256 0.008
493 254 0.034
493 212 0.01
493 121 0.006
493 105 0.009
493 249 0.009
493 87 0.009
493 615 0.025
493 424 0.011
493 526 0.02
493 292 0.029
493 426 0.022
493 65 0.025
493 62 0.006
493 460 0.023
493 817 0.2
493 585 0.111
493 611 0.04
493 232 0.013
493 14 0.018
493 486 0.023
493 694 0.143
493 572 0.045
493 522 0.333
493 563 0.083
493 835 0.167
493 483 0.028
493 82 0.008
493 84 0.021
493 166 0.008
493 820 0.01
493 543 0.03
493 562 0.038
493 600 0.1
493 282 0.009
493 107 0.006
493 457 0.04
493 422 0.032
493 523 0.062
493 283 0.008
493 291 0.045
493 909 0.167
493 473 0.013
494 83 0.012
494 86 0.006
494 107 0.006
494 510 0.053
494 283 0.008
494 128 0.008
494 318 0.02
494 395 0.028
494 515 0.026
494 474 0.016
494 377 0.011
494 506 0.02
494 328 0.062
494 280 0.01
494 340 0.011
494 375 0.019
494 141 0.015
494 484 0.053
494 190 0.034
494 466 0.028
494 197 0.03
494 106 0.008
494 81 0.011
494 480 0.029
494 494 0.013
494 504 0.028
494 12 0.022
494 100 0.028
494 464 0.023
494 68 0.026
494 170 0.011
494 601 0.027
494 210 0.013
494 187 0.026
494 209 0.017
494 576 0.053
494 115 0.01
494 308 0.029
494 62 0.006
494 229 0.037
494 366 0.012
494 93 0.02
494 108 0.027
494 70 0.062
494 458 0.024
494 310 0.042
494 543 0.03
494 173 0.016
494 662 0.062
494 24 0.038
494 2 0.013
494 23 0.015
494 25 0.031
494 590 0.036
494 470 0.048
494 90 0.042
494 160 0.005
494 222 0.018
494 75 0.071
494 168 0.016
494 191 0.021
494 714 0.043
494 225 0.04
494 39 0.03
494 450 0.019
494 290 0.015
494 438 0.013
494 371 0.013
494 215 0.013
494 234 0.029
494 261 0.023
494 588 0.045
494 58 0.01
494 281 0.022
494 121 0.006
494 165 0.011
494 212 0.01
494 27 0.02
494 372 0.045
494 152 0.017
494 509 0.021
494 690 0.071
494 417 0.019
494 268 0.034
494 296 0.014
494 539 0.143
494 593 0.026
494 226 0.022
494 312 0.048
494 252 0.012
494 932 0.019
494 529 0.031
494 544 0.036
494 113 0.014
494 287 0.059
495 20 0.016
495 363 0.026
495 211 0.008
495 208 0.019
495 371 0.013
495 21 0.009
495 16 0.015
495 329 0.012
495 128 0.008
495 606 1.0
495 290 0.015
495 114 0.009
495 129 0.007
495 1 0.02
495 203 0.026
495 377 0.011
495 106 0.008
495 365 0.011
495 495 0.02
495 673 0.5
495 160 0.005
495 434 0.007
495 671 0.04
495 459 0.015
495 256 0.008
495 283 0.008
495 351 0.023
495 460 0.023
495 367 0.014
495 155 0.019
495 169 0.01
495 249 0.009
495 105 0.009
495 526 0.02
495 296 0.014
495 250 0.033
495 60 0.026
495 46 0.015
495 419 0.014
495 342 0.023
495 214 0.02
495 74 0.013
495 309 0.034
495 384 0.062
495 218 0.023
495 215 0.013
495 222 0.018
495 223 0.024
495 405 0.012
495 315 0.125
495 227 0.053
495 170 0.011
495 468 0.048
495 228 0.045
495 638 0.167
495 316 0.026
495 87 0.009
495 83 0.012
495 118 0.042
495 739 0.167
495 473 0.013
495 748 0.048
495 360 0.036
495 641 0.083
495 107 0.006
495 82 0.008
495 278 0.025
496 421 0.021
496 529 0.031
496 141 0.015
496 466 0.028
496 498 0.016
496 496 0.05
496 451 0.125
496 602 0.05
496 362 0.016
496 459 0.015
496 560 0.036
496 488 0.143
496 64 0.007
496 213 0.028
496 11 0.016
496 268 0.034
496 506 0.02
496 922 0.059
497 78 0.043
497 562 0.038
497 440 0.016
497 79 0.029
497 482 0.029
497 340 0.011
497 419 0.014
497 424 0.011
497 581 0.037
497 170 0.011
497 548 0.05
498 506 0.02
498 43 0.091
498 359 0.05
498 496 0.05
498 430 0.024
498 569 0.034
498 360 0.036
498 65 0.025
498 466 0.028
498 92 0.026
498 362 0.016
498 141 0.015
498 266 0.043
498 440 0.016
498 608 0.043
498 200 0.029
498 265 0.032
498 421 0.021
498 529 0.031
498 246 0.083
498 267 0.056
498 738 0.031
498 499 0.026
498 8 0.029
498 197 0.03
498 293 0.062
498 447 0.036
498 9 0.037
498 0 0.031
498 407 0.045
498 213 0.028
498 525 0.029
498 358 0.025
498 7 0.02
498 562 0.038
498 602 0.05
498 707 0.029
498 700 0.037
498 61 0.018
498 160 0.005
498 441 0.023
498 73 0.04
498 74 0.013
498 459 0.015
498 11 0.016
498 264 0.037
498 44 0.011
498 526 0.02
498 538 0.111
498 405 0.012
498 241 0.05
498 232 0.013
498 178 0.034
498 406 0.04
498 446 0.045
498 501 0.071
498 332 0.056
498 14 0.018
498 12 0.022
498 247 0.067
498 473 0.013
498 86 0.006
498 452 0.034
498 487 0.083
498 64 0.007
498 804 0.083
498 500 0.056
498 411 0.014
498 58 0.01
498 720 0.062
498 51 0.016
498 573 0.059
498 205 0.037
498 710 0.053
498 777 0.059
498 956 0.077
498 967 0.2
498 593 0.026
498 765 0.056
498 922 0.059
498 238 0.028
498 856 0.019
498 488 0.143
498 503 0.083
499 44 0.011
499 500 0.056
499 501 0.071
499 502 0.056
499 503 0.083
499 406 0.04
499 407 0.045
499 504 0.028
499 505 0.077
499 43 0.091
499 358 0.025
499 506 0.02
499 525 0.029
499 61 0.018
499 182 0.036
499 440 0.016
499 608 0.043
499 602 0.05
499 9 0.037
499 264 0.037
499 141 0.015
499 498 0.016
499 8 0.029
499 529 0.031
499 566 0.062
499 213 0.028
499 241 0.05
499 699 0.045
499 374 0.111
499 232 0.013
499 332 0.056
499 19 0.016
499 7 0.02
499 913 0.059
499 499 0.026
499 649 0.111
499 238 0.028
499 700 0.037
499 246 0.083
499 86 0.006
499 510 0.053
500 44 0.011
500 499 0.026
500 502 0.056
500 504 0.028
500 506 0.02
500 569 0.034
500 332 0.056
500 264 0.037
500 141 0.015
500 501 0.071
500 406 0.04
500 466 0.028
500 699 0.045
501 160 0.005
502 502 0.056
502 499 0.026
502 406 0.04
502 506 0.02
502 44 0.011
502 500 0.056
502 503 0.083
502 7 0.02
502 407 0.045
502 504 0.028
502 505 0.077
502 43 0.091
502 358 0.025
502 661 0.026
502 374 0.111
502 529 0.031
502 8 0.029
502 301 0.009
503 506 0.02
503 44 0.011
503 61 0.018
503 213 0.028
504 160 0.005
504 293 0.062
504 7 0.02
504 430 0.024
504 246 0.083
504 765 0.056
504 44 0.011
504 8 0.029
504 529 0.031
504 406 0.04
504 358 0.025
504 301 0.009
504 86 0.006
504 141 0.015
504 441 0.023
504 533 0.012
504 11 0.016
504 856 0.019
504 569 0.034
504 504 0.028
504 466 0.028
504 699 0.045
504 499 0.026
504 500 0.056
504 501 0.071
504 502 0.056
504 407 0.045
504 525 0.029
504 506 0.02
504 421 0.021
504 359 0.05
504 510 0.053
504 967 0.2
506 64 0.007
506 44 0.011
506 365 0.011
506 506 0.02
506 141 0.015
506 62 0.006
506 249 0.009
506 362 0.016
506 19 0.016
506 494 0.013
506 2 0.013
506 247 0.067
506 699 0.045
506 105 0.009
506 430 0.024
506 238 0.028
506 441 0.023
506 498 0.016
506 674 0.111
506 510 0.053
506 672 0.077
506 9 0.037
506 406 0.04
506 827 1.0
506 211 0.008
506 434 0.007
506 496 0.05
506 504 0.028
506 87 0.009
506 83 0.012
506 651 0.083
506 166 0.008
506 856 0.019
506 500 0.056
506 765 0.056
506 661 0.026
506 160 0.005
506 358 0.025
506 288 0.036
506 366 0.012
506 107 0.006
506 11 0.016
506 86 0.006
506 409 0.033
506 913 0.059
506 7 0.02
506 503 0.083
506 452 0.034
506 293 0.062
506 466 0.028
506 932 0.019
507 243 0.022
507 507 0.25
507 85 0.029
507 513 0.024
508 509 0.021
508 212 0.01
508 667 0.036
508 550 0.04
508 549 0.024
508 80 0.016
508 68 0.026
508 747 0.045
508 189 0.016
508 62 0.006
508 679 0.053
508 184 0.014
508 299 0.048
508 663 0.053
508 325 0.038
508 260 0.053
508 10 0.024
508 259 0.04
508 710 0.053
508 473 0.013
508 418 0.034
508 480 0.029
508 546 0.014
509 667 0.036
509 184 0.014
509 418 0.034
509 509 0.021
509 69 0.024
509 508 0.038
509 549 0.024
509 107 0.006
509 62 0.006
509 81 0.011
509 325 0.038
509 68 0.026
509 306 0.031
509 260 0.053
509 678 0.111
509 189 0.016
509 952 0.143
509 972 0.5
509 671 0.04
509 160 0.005
509 13 0.016
509 710 0.053
509 540 0.125
509 287 0.059
509 480 0.029
509 513 0.024
509 183 0.007
509 10 0.024
509 400 0.034
509 259 0.04
509 713 0.5
509 958 0.333
509 253 0.043
509 212 0.01
509 82 0.008
509 518 0.015
509 969 0.5
509 546 0.014
509 190 0.034
509 420 0.009
510 141 0.015
510 510 0.053
510 8 0.029
510 754 0.045
510 9 0.037
510 19 0.016
510 86 0.006
510 494 0.013
510 661 0.026
510 504 0.028
510 84 0.021
510 12 0.022
510 499 0.026
511 420 0.009
511 511 0.048
511 64 0.007
511 306 0.031
511 337 0.027
511 262 0.045
511 284 0.029
511 682 0.333
511 5 0.008
511 342 0.023
511 949 0.056
512 155 0.019
512 512 0.25
512 366 0.012
512 160 0.005
512 162 0.02
513 222 0.018
513 173 0.016
513 462 0.04
513 19 0.016
513 272 0.024
513 87 0.009
513 518 0.015
513 340 0.011
513 226 0.022
513 184 0.014
513 92 0.026
513 115 0.01
513 166 0.008
513 642 0.05
513 459 0.015
513 513 0.024
513 655 0.038
513 210 0.013
513 116 0.015
513 154 0.026
513 906 0.25
513 546 0.014
513 74 0.013
513 303 0.012
513 490 0.029
513 21 0.009
513 747 0.045
513 509 0.021
513 153 0.043
513 66 0.05
513 147 0.027
513 218 0.023
513 365 0.011
513 268 0.034
513 271 0.017
514 514 0.091
514 108 0.027
514 91 0.037
515 168 0.016
515 515 0.026
515 494 0.013
515 64 0.007
515 176 0.04
515 458 0.024
515 593 0.026
515 94 0.027
515 232 0.013
515 6 0.011
515 413 0.042
515 292 0.029
515 129 0.007
515 493 0.014
515 484 0.053
515 450 0.019
515 177 0.024
515 270 0.083
515 440 0.016
515 206 0.023
515 167 0.02
515 93 0.02
515 277 0.062
515 172 0.014
515 275 0.04
515 290 0.015
515 122 0.048
516 517 0.077
516 408 0.026
516 5 0.008
516 6 0.011
516 411 0.014
516 743 0.333
516 762 1.0
516 102 0.062
516 516 0.083
516 2 0.013
516 192 0.053
516 195 0.034
516 305 0.019
516 333 0.011
517 411 0.014
517 517 0.077
517 408 0.026
517 192 0.053
518 173 0.016
518 16 0.015
518 282 0.009
518 154 0.026
518 283 0.008
518 152 0.017
518 256 0.008
518 492 0.043
518 559 0.167
518 355 0.024
518 434 0.007
518 351 0.023
518 87 0.009
518 105 0.009
518 661 0.026
518 211 0.008
518 249 0.009
518 422 0.032
518 362 0.016
518 615 0.025
518 518 0.015
518 166 0.008
518 187 0.026
518 107 0.006
518 132 0.019
518 86 0.006
518 546 0.014
518 58 0.01
518 533 0.012
518 513 0.024
518 226 0.022
518 424 0.011
518 954 0.143
518 21 0.009
518 155 0.019
518 271 0.017
518 621 0.077
518 771 0.125
518 121 0.006
518 106 0.008
519 519 0.143
519 316 0.026
519 518 0.015
519 459 0.015
519 21 0.009
519 20 0.016
519 85 0.029
519 222 0.018
519 405 0.012
519 106 0.008
519 259 0.04
519 315 0.125
519 189 0.016
519 227 0.053
519 607 0.038
519 228 0.045
520 92 0.026
520 137 0.013
520 21 0.009
520 63 0.01
520 59 0.022
520 57 0.019
520 155 0.019
520 174 0.015
520 281 0.022
520 4 0.014
520 208 0.019
520 303 0.012
520 89 0.018
520 2 0.013
520 22 0.077
520 685 0.027
520 3 0.016
520 20 0.016
520 285 0.015
520 305 0.019
520 286 0.024
520 56 0.026
520 54 0.024
520 571 0.05
520 58 0.01
520 5 0.008
520 138 0.034
520 412 0.017
520 738 0.031
520 408 0.026
520 815 0.071
520 520 0.021
520 183 0.007
520 6 0.011
520 552 0.028
520 532 0.05
520 166 0.008
520 55 0.029
520 845 0.038
520 252 0.012
520 160 0.005
520 13 0.016
520 971 0.1
520 859 0.017
520 164 0.026
520 812 0.023
520 991 0.25
520 832 0.045
521 340 0.011
521 134 0.048
521 583 1.0
521 482 0.029
521 554 0.091
521 598 0.125
521 553 0.125
521 217 0.067
521 823 0.05
521 366 0.012
521 615 0.025
521 86 0.006
522 523 0.062
522 563 0.083
522 493 0.014
523 522 0.333
523 172 0.014
523 464 0.023
523 280 0.01
523 829 1.0
523 836 0.2
523 601 0.027
523 543 0.03
523 14 0.018
523 706 0.1
523 134 0.048
523 64 0.007
523 618 0.077
524 72 0.167
525 525 0.029
525 247 0.067
525 499 0.026
525 8 0.029
525 406 0.04
525 9 0.037
525 466 0.028
525 265 0.032
525 729 0.125
525 407 0.045
525 505 0.077
525 421 0.021
525 11 0.016
525 358 0.025
525 332 0.056
525 44 0.011
525 504 0.028
525 699 0.045
525 359 0.05
525 266 0.043
525 86 0.006
525 141 0.015
525 951 0.111
525 765 0.056
525 967 0.2
525 913 0.059
525 510 0.053
525 700 0.037
525 500 0.056
525 238 0.028
526 103 0.023
526 168 0.016
526 403 0.059
526 290 0.015
526 129 0.007
526 576 0.053
526 526 0.02
526 128 0.008
526 399 0.056
526 377 0.011
526 515 0.026
526 401 0.031
526 782 0.333
526 199 0.026
526 493 0.014
526 172 0.014
526 294 0.045
526 542 0.071
526 457 0.04
526 296 0.014
526 450 0.019
526 440 0.016
526 568 0.043
526 14 0.018
526 426 0.022
526 280 0.01
526 498 0.016
526 655 0.038
526 714 0.043
526 424 0.011
526 543 0.03
526 121 0.006
526 181 0.022
526 167 0.02
526 82 0.008
526 93 0.02
526 407 0.045
526 232 0.013
526 840 0.062
526 257 0.062
526 275 0.04
526 231 0.02
526 44 0.011
526 912 0.5
526 221 0.019
527 318 0.02
527 48 0.022
527 114 0.009
527 96 0.01
527 6 0.011
527 5 0.008
527 64 0.007
527 113 0.014
527 527 0.067
527 547 0.034
527 444 0.04
527 333 0.011
528 64 0.007
528 489 0.037
528 528 0.111
528 5 0.008
528 6 0.011
528 644 0.083
528 191 0.021
528 305 0.019
528 392 0.053
528 271 0.017
528 373 0.043
529 359 0.05
529 421 0.021
529 506 0.02
529 525 0.029
529 441 0.023
529 11 0.016
529 498 0.016
529 141 0.015
529 466 0.028
529 504 0.028
529 9 0.037
529 720 0.062
529 529 0.031
529 496 0.05
529 362 0.016
529 265 0.032
529 499 0.026
529 699 0.045
529 602 0.05
529 488 0.143
529 7 0.02
529 44 0.011
529 213 0.028
529 332 0.056
529 922 0.059
529 913 0.059
529 166 0.008
530 161 0.029
530 365 0.011
530 538 0.111
530 92 0.026
530 293 0.062
530 11 0.016
530 533 0.012
531 340 0.011
531 78 0.043
531 445 0.042
531 106 0.008
531 212 0.01
531 116 0.015
531 531 0.022
531 420 0.009
531 114 0.009
531 79 0.029
531 366 0.012
531 434 0.007
531 437 0.038
531 256 0.008
531 686 0.125
531 365 0.011
531 165 0.011
531 363 0.026
531 115 0.01
531 438 0.013
531 482 0.029
531 419 0.014
531 556 0.143
531 497 0.062
531 62 0.006
531 77 0.056
531 82 0.008
531 169 0.01
531 539 0.143
531 142 0.01
531 914 0.056
531 183 0.007
531 367 0.014
532 532 0.05
533 285 0.015
533 121 0.006
533 58 0.01
533 266 0.043
533 87 0.009
533 393 0.015
533 515 0.026
533 457 0.04
533 498 0.016
533 25 0.031
533 32 0.031
533 94 0.027
533 434 0.007
533 106 0.008
533 97 0.048
533 323 0.032
533 265 0.032
533 280 0.01
533 441 0.023
533 616 0.2
533 128 0.008
533 818 0.1
533 145 0.021
533 82 0.008
533 473 0.013
533 188 0.038
533 440 0.016
533 530 0.125
533 63 0.01
533 856 0.019
533 164 0.026
533 269 0.014
533 360 0.036
533 213 0.028
533 362 0.016
533 529 0.031
533 88 0.033
533 302 0.043
533 306 0.031
533 173 0.016
533 371 0.013
533 210 0.013
533 582 0.077
533 326 0.027
533 820 0.01
533 541 0.071
533 147 0.027
533 116 0.015
533 234 0.029
533 242 0.036
533 310 0.042
533 17 0.016
533 262 0.045
533 180 0.015
533 201 0.023
533 46 0.015
533 115 0.01
533 822 0.067
533 290 0.015
533 576 0.053
533 458 0.024
533 667 0.036
533 430 0.024
533 493 0.014
533 20 0.016
533 19 0.016
533 44 0.011
533 504 0.028
533 877 0.125
533 81 0.011
533 141 0.015
533 236 0.021
533 408 0.026
533 165 0.011
533 361 0.021
533 114 0.009
533 190 0.034
533 35 0.019
533 40 0.021
533 23 0.015
533 303 0.012
533 28 0.01
533 342 0.023
533 169 0.01
533 520 0.021
533 168 0.016
533 15 0.022
533 335 0.043
533 322 0.05
533 45 0.026
533 4 0.014
533 194 0.024
533 187 0.026
533 581 0.037
533 172 0.014
533 508 0.038
533 18 0.022
533 401 0.031
533 518 0.015
533 252 0.012
533 249 0.009
533 562 0.038
533 572 0.045
533 663 0.053
533 499 0.026
533 61 0.018
533 602 0.05
533 406 0.04
533 204 0.036
533 590 0.036
533 350 0.05
533 483 0.028
533 679 0.053
533 171 0.026
533 525 0.029
533 320 0.025
533 950 0.022
533 186 0.05
533 67 0.125
533 154 0.026
533 155 0.019
533 129 0.007
533 607 0.038
534 256 0.008
534 544 0.036
534 440 0.016
535 554 0.091
535 134 0.048
535 173 0.016
535 482 0.029
535 340 0.011
535 10 0.024
535 728 0.062
535 777 0.059
536 86 0.006
536 184 0.014
536 83 0.012
536 229 0.037
536 20 0.016
536 214 0.02
536 189 0.016
536 546 0.014
536 473 0.013
536 166 0.008
536 601 0.027
537 232 0.013
537 460 0.023
537 473 0.013
537 781 0.333
537 368 0.022
537 52 0.056
537 61 0.018
537 85 0.029
537 243 0.022
537 189 0.016
537 1 0.02
537 170 0.011
537 14 0.018
537 366 0.012
537 103 0.023
537 380 0.03
537 389 0.029
537 394 0.033
537 526 0.02
537 53 0.037
537 221 0.019
537 178 0.034
537 403 0.059
537 486 0.023
537 7 0.02
537 411 0.014
537 613 0.125
537 537 0.056
537 227 0.053
537 157 0.019
537 397 0.029
537 459 0.015
537 21 0.009
537 20 0.016
537 222 0.018
537 405 0.012
537 106 0.008
537 259 0.04
537 315 0.125
537 316 0.026
537 607 0.038
537 231 0.02
537 74 0.013
538 92 0.026
538 538 0.111
538 326 0.027
538 530 0.125
538 173 0.016
538 498 0.016
538 306 0.031
538 733 0.1
538 723 0.091
538 777 0.059
539 78 0.043
539 178 0.034
539 160 0.005
540 184 0.014
540 82 0.008
540 549 0.024
540 189 0.016
540 509 0.021
540 952 0.143
541 181 0.022
541 150 0.031
541 162 0.02
541 420 0.009
541 107 0.006
541 215 0.013
541 160 0.005
541 62 0.006
541 541 0.071
541 140 0.03
541 139 0.028
541 15 0.022
541 209 0.017
541 764 0.111
541 511 0.048
541 155 0.019
541 249 0.009
542 183 0.007
542 399 0.056
542 413 0.042
542 168 0.016
542 543 0.03
542 256 0.008
542 419 0.014
542 440 0.016
542 544 0.036
542 275 0.04
542 458 0.024
542 403 0.059
542 129 0.007
542 450 0.019
542 526 0.02
542 172 0.014
542 401 0.031
542 291 0.045
543 183 0.007
543 688 1.0
543 689 0.5
543 542 0.071
543 292 0.029
543 168 0.016
543 543 0.03
543 576 0.053
543 450 0.019
543 424 0.011
543 170 0.011
543 16 0.015
543 430 0.024
543 817 0.2
543 129 0.007
543 121 0.006
543 87 0.009
543 425 0.059
543 249 0.009
543 493 0.014
543 672 0.077
543 494 0.013
543 401 0.031
543 93 0.02
543 209 0.017
543 280 0.01
543 405 0.012
543 105 0.009
543 399 0.056
543 294 0.045
543 113 0.014
543 291 0.045
544 542 0.071
544 129 0.007
544 212 0.01
544 813 0.2
544 568 0.043
544 183 0.007
544 544 0.036
544 6 0.011
544 62 0.006
544 817 0.2
544 107 0.006
544 820 0.01
544 105 0.009
544 434 0.007
544 82 0.008
544 607 0.038
545 29 0.021
545 25 0.031
545 36 0.023
545 438 0.013
545 473 0.013
545 26 0.033
545 785 0.25
545 27 0.02
545 34 0.043
545 590 0.036
545 28 0.01
545 23 0.015
545 183 0.007
545 462 0.04
546 145 0.021
546 321 0.027
546 58 0.01
546 144 0.091
546 23 0.015
546 272 0.024
546 187 0.026
546 513 0.024
546 147 0.027
546 249 0.009
546 87 0.009
546 615 0.025
546 490 0.029
546 233 0.022
546 723 0.091
546 393 0.015
546 115 0.01
546 155 0.019
546 269 0.014
546 211 0.008
546 518 0.015
546 474 0.016
546 820 0.01
546 333 0.011
546 508 0.038
546 760 0.25
546 404 0.016
546 828 0.053
546 221 0.019
546 355 0.024
546 158 0.023
546 154 0.026
546 226 0.022
546 742 0.333
546 340 0.011
546 209 0.017
546 210 0.013
546 77 0.056
546 427 0.021
546 255 0.022
546 121 0.006
546 533 0.012
546 422 0.032
546 184 0.014
546 906 0.25
546 80 0.016
546 212 0.01
546 17 0.016
546 290 0.015
546 493 0.014
546 30 0.018
546 526 0.02
546 367 0.014
546 546 0.014
546 812 0.023
546 208 0.019
546 963 0.029
546 856 0.019
546 82 0.008
546 362 0.016
546 44 0.011
546 377 0.011
546 597 0.071
546 954 0.143
546 850 0.5
546 604 0.125
546 245 0.021
546 163 0.027
546 252 0.012
546 129 0.007
546 509 0.021
546 256 0.008
546 462 0.04
546 106 0.008
546 936 0.143
546 803 0.062
547 171 0.026
547 547 0.034
547 40 0.021
547 370 0.071
547 339 0.025
547 113 0.014
547 340 0.011
547 361 0.021
547 417 0.019
547 47 0.021
547 48 0.022
547 114 0.009
547 455 0.02
547 87 0.009
547 527 0.067
547 333 0.011
547 263 0.021
547 847 0.036
547 133 0.014
547 443 0.024
548 170 0.011
548 1 0.02
548 78 0.043
548 531 0.022
548 340 0.011
548 459 0.015
548 21 0.009
548 405 0.012
548 106 0.008
548 256 0.008
548 278 0.025
548 203 0.026
548 169 0.01
548 377 0.011
548 371 0.013
548 46 0.015
548 129 0.007
548 143 0.022
548 434 0.007
548 381 0.037
548 283 0.008
548 152 0.017
548 62 0.006
548 607 0.038
548 116 0.015
548 497 0.062
548 816 0.056
548 753 0.059
548 365 0.011
549 550 0.04
549 173 0.016
549 480 0.029
549 509 0.021
549 184 0.014
549 189 0.016
549 508 0.038
549 678 0.111
549 1 0.02
549 694 0.143
549 69 0.024
549 667 0.036
549 68 0.026
549 221 0.019
549 212 0.01
549 325 0.038
549 162 0.02
549 288 0.036
549 276 0.111
549 81 0.011
549 549 0.024
549 106 0.008
549 473 0.013
549 64 0.007
549 215 0.013
549 661 0.026
549 74 0.013
549 418 0.034
549 6 0.011
549 627 0.1
549 356 0.021
549 362 0.016
549 82 0.008
549 855 0.25
549 187 0.026
549 80 0.016
549 298 0.111
549 779 0.5
549 663 0.053
549 582 0.077
549 287 0.059
549 188 0.038
549 800 0.25
549 799 0.2
549 67 0.125
549 747 0.045
549 551 0.083
549 679 0.053
549 671 0.04
549 710 0.053
549 778 0.2
549 146 0.071
549 818 0.1
549 690 0.071
549 190 0.034
549 540 0.125
549 467 0.05
549 44 0.011
549 218 0.023
549 274 0.043
549 118 0.042
549 460 0.023
549 459 0.015
549 309 0.034
549 248 0.05
549 268 0.034
549 316 0.026
549 934 0.25
549 19 0.016
549 326 0.027
549 360 0.036
549 104 0.031
549 877 0.125
549 299 0.048
549 371 0.013
549 296 0.014
550 81 0.011
550 212 0.01
550 187 0.026
550 19 0.016
550 106 0.008
550 549 0.024
550 21 0.009
550 44 0.011
550 107 0.006
550 473 0.013
550 105 0.009
550 288 0.036
550 480 0.029
550 667 0.036
551 106 0.008
551 723 0.091
551 733 0.1
551 509 0.021
551 299 0.048
551 533 0.012
551 303 0.012
551 663 0.053
551 189 0.016
551 86 0.006
551 21 0.009
551 473 0.013
551 679 0.053
551 671 0.04
551 184 0.014
551 69 0.024
552 305 0.019
552 281 0.022
552 211 0.008
552 132 0.019
552 552 0.028
552 58 0.01
552 285 0.015
552 571 0.05
552 63 0.01
552 208 0.019
552 518 0.015
552 738 0.031
552 54 0.024
552 57 0.019
552 520 0.021
552 137 0.013
552 532 0.05
552 271 0.017
552 809 0.023
552 126 0.036
552 121 0.006
552 55 0.029
552 87 0.009
552 131 0.022
552 515 0.026
552 256 0.008
553 554 0.091
553 340 0.011
553 553 0.125
553 134 0.048
553 482 0.029
553 598 0.125
553 86 0.006
554 419 0.014
554 535 0.111
554 521 0.077
554 554 0.091
554 134 0.048
554 482 0.029
554 777 0.059
554 340 0.011
554 29 0.021
555 754 0.045
555 44 0.011
555 141 0.015
556 483 0.028
556 232 0.013
556 330 0.111
556 464 0.023
556 531 0.022
556 556 0.143
556 280 0.01
556 113 0.014
557 51 0.016
557 232 0.013
557 160 0.005
557 133 0.014
557 581 0.037
557 445 0.042
557 83 0.012
557 518 0.015
557 256 0.008
557 129 0.007
557 201 0.023
557 395 0.028
557 128 0.008
557 205 0.037
557 917 0.056
558 487 0.083
558 9 0.037
558 529 0.031
559 282 0.009
559 518 0.015
559 166 0.008
559 559 0.167
559 283 0.008
559 769 0.333
559 142 0.01
559 160 0.005
560 459 0.015
560 42 0.02
560 106 0.008
560 20 0.016
560 29 0.021
560 84 0.021
560 222 0.018
560 775 1.0
560 328 0.062
560 361 0.021
560 27 0.02
560 75 0.071
560 229 0.037
560 336 0.031
560 48 0.022
560 39 0.03
560 282 0.009
560 496 0.05
560 0 0.031
560 74 0.013
560 215 0.013
560 316 0.026
560 40 0.021
560 518 0.015
560 341 0.111
560 211 0.008
560 295 0.018
560 362 0.016
560 19 0.016
560 358 0.025
560 329 0.012
560 12 0.022
560 474 0.016
560 223 0.024
560 321 0.027
560 913 0.059
560 922 0.059
560 142 0.01
560 856 0.019
560 73 0.04
560 1 0.02
560 1002 1.0
560 276 0.111
560 221 0.019
560 224 0.1
560 218 0.023
560 386 0.125
560 21 0.009
560 313 0.059
560 363 0.026
560 607 0.038
562 562 0.038
562 440 0.016
562 65 0.025
562 654 0.027
562 497 0.062
562 426 0.022
562 457 0.04
562 401 0.031
562 200 0.029
562 498 0.016
562 438 0.013
562 202 0.167
562 493 0.014
562 568 0.043
562 275 0.04
562 232 0.013
562 413 0.042
562 840 0.062
562 177 0.024
562 425 0.059
562 714 0.043
562 533 0.012
562 14 0.018
562 129 0.007
562 6 0.011
562 515 0.026
562 183 0.007
563 290 0.015
563 272 0.024
563 572 0.045
563 14 0.018
563 484 0.053
563 522 0.333
563 464 0.023
563 563 0.083
563 493 0.014
563 86 0.006
563 584 0.25
563 129 0.007
563 6 0.011
563 494 0.013
563 822 0.067
563 373 0.043
563 706 0.1
563 936 0.143
563 93 0.02
563 82 0.008
564 209 0.017
564 208 0.019
564 126 0.036
564 12 0.022
564 190 0.034
564 365 0.011
564 242 0.036
564 564 0.333
564 174 0.015
564 263 0.021
564 183 0.007
564 356 0.021
564 304 0.036
564 686 0.125
564 4 0.014
564 303 0.012
564 10 0.024
564 638 0.167
564 164 0.026
564 640 0.059
564 748 0.048
564 589 0.062
564 114 0.009
564 2 0.013
564 158 0.023
564 81 0.011
564 63 0.01
564 876 1.0
564 340 0.011
564 338 0.019
564 480 0.029
564 281 0.022
564 258 0.031
565 266 0.043
565 324 0.071
565 608 0.043
565 804 0.083
565 754 0.045
565 9 0.037
565 430 0.024
565 823 0.05
566 452 0.034
566 569 0.034
566 43 0.091
566 141 0.015
566 7 0.02
566 8 0.029
566 666 0.062
566 421 0.021
566 570 0.062
566 247 0.067
566 707 0.029
566 700 0.037
566 451 0.125
566 11 0.016
567 567 0.25
567 843 1.0
568 129 0.007
568 401 0.031
568 290 0.015
568 65 0.025
568 357 0.024
568 458 0.024
568 493 0.014
568 568 0.043
568 256 0.008
568 329 0.012
568 426 0.022
568 1 0.02
568 130 0.028
568 450 0.019
568 526 0.02
568 168 0.016
568 562 0.038
568 276 0.111
568 81 0.011
568 425 0.059
568 457 0.04
568 257 0.062
568 121 0.006
569 360 0.036
569 161 0.029
569 7 0.02
569 566 0.062
569 570 0.062
569 452 0.034
569 105 0.009
569 602 0.05
569 43 0.091
569 358 0.025
569 44 0.011
569 451 0.125
569 249 0.009
569 12 0.022
569 430 0.024
569 674 0.111
569 754 0.045
569 707 0.029
569 569 0.034
569 441 0.023
569 739 0.167
569 8 0.029
569 9 0.037
569 362 0.016
569 19 0.016
569 778 0.2
569 359 0.05
569 141 0.015
569 501 0.071
569 504 0.028
569 558 0.091
569 957 0.1
569 365 0.011
569 11 0.016
570 569 0.034
570 570 0.062
570 264 0.037
570 661 0.026
570 161 0.029
570 265 0.032
570 700 0.037
570 267 0.056
570 12 0.022
570 8 0.029
570 7 0.02
570 452 0.034
570 19 0.016
570 247 0.067
570 707 0.029
570 823 0.05
572 290 0.015
572 484 0.053
572 350 0.05
572 572 0.045
572 822 0.067
572 377 0.011
572 593 0.026
572 82 0.008
572 129 0.007
572 434 0.007
572 936 0.143
572 515 0.026
572 167 0.02
572 939 0.5
572 294 0.045
573 566 0.062
573 573 0.059
573 11 0.016
573 7 0.02
573 8 0.029
573 441 0.023
573 12 0.022
573 166 0.008
573 19 0.016
573 44 0.011
573 9 0.037
573 358 0.025
573 452 0.034
573 498 0.016
573 141 0.015
573 86 0.006
573 525 0.029
577 375 0.019
577 578 1.0
577 366 0.012
577 249 0.009
577 518 0.015
577 283 0.008
577 282 0.009
577 166 0.008
577 142 0.01
577 363 0.026
577 333 0.011
577 377 0.011
577 757 0.25
579 269 0.014
579 216 0.038
579 579 0.062
579 592 0.034
579 46 0.015
579 446 0.045
579 447 0.036
579 448 0.03
579 15 0.022
579 273 0.042
579 429 0.033
579 164 0.026
579 272 0.024
579 335 0.043
579 929 0.091
579 334 0.056
580 580 1.0
581 41 0.015
581 557 0.067
581 205 0.037
581 79 0.029
581 139 0.028
581 0 0.031
581 51 0.016
581 133 0.014
581 581 0.037
581 531 0.022
581 533 0.012
581 301 0.009
581 420 0.009
581 450 0.019
581 78 0.043
581 497 0.062
581 77 0.056
581 204 0.036
581 200 0.029
581 21 0.009
581 473 0.013
581 308 0.029
581 872 0.077
581 310 0.042
581 101 0.04
581 445 0.042
582 62 0.006
582 189 0.016
582 106 0.008
582 418 0.034
582 84 0.021
582 533 0.012
582 160 0.005
582 473 0.013
582 549 0.024
582 184 0.014
582 508 0.038
582 671 0.04
582 667 0.036
582 582 0.077
585 585 0.111
585 84 0.021
585 493 0.014
585 544 0.036
585 168 0.016
585 129 0.007
585 706 0.1
587 3 0.016
587 236 0.021
587 194 0.024
587 2 0.013
587 4 0.014
587 832 0.045
587 587 0.071
587 58 0.01
588 588 0.045
588 600 0.1
588 29 0.021
588 23 0.015
588 28 0.01
588 307 0.083
588 392 0.053
588 282 0.009
588 169 0.01
588 438 0.013
588 36 0.023
588 545 0.053
588 206 0.023
588 494 0.013
589 282 0.009
589 459 0.015
589 434 0.007
589 106 0.008
589 671 0.04
589 365 0.011
589 283 0.008
589 83 0.012
589 357 0.024
589 589 0.062
589 212 0.01
589 215 0.013
589 142 0.01
589 249 0.009
589 607 0.038
589 424 0.011
589 160 0.005
589 271 0.017
589 400 0.034
589 105 0.009
589 256 0.008
590 40 0.021
590 28 0.01
590 590 0.036
590 30 0.018
590 35 0.019
590 13 0.016
590 27 0.02
590 23 0.015
590 171 0.026
590 438 0.013
590 86 0.006
590 443 0.024
590 299 0.048
590 26 0.033
590 33 0.042
591 96 0.01
591 591 0.143
591 62 0.006
591 160 0.005
591 145 0.021
591 83 0.012
591 142 0.01
592 269 0.014
592 429 0.033
592 334 0.056
592 579 0.062
592 140 0.03
592 461 0.062
592 139 0.028
592 15 0.022
592 446 0.045
592 760 0.25
592 335 0.043
592 273 0.042
592 428 0.043
592 447 0.036
592 617 0.167
592 272 0.024
592 274 0.043
592 164 0.026
592 448 0.03
592 735 0.167
592 216 0.038
592 322 0.05
592 46 0.015
592 592 0.034
592 160 0.005
592 321 0.027
592 38 0.034
592 353 0.034
592 100 0.028
592 933 0.067
592 929 0.091
593 197 0.03
593 51 0.016
593 377 0.011
593 128 0.008
593 214 0.02
593 776 0.04
593 320 0.025
593 482 0.029
593 822 0.067
593 820 0.01
593 205 0.037
593 200 0.029
593 340 0.011
593 95 0.027
593 199 0.026
593 350 0.05
593 572 0.045
593 342 0.023
593 94 0.027
593 955 0.125
593 498 0.016
593 907 0.083
593 201 0.023
593 974 0.143
593 918 0.053
596 597 0.071
596 596 0.333
596 282 0.009
596 301 0.009
596 218 0.023
596 366 0.012
597 695 0.091
597 597 0.071
597 301 0.009
597 62 0.006
597 756 0.059
597 142 0.01
597 282 0.009
597 460 0.023
597 411 0.014
597 118 0.042
597 107 0.006
597 651 0.083
598 340 0.011
598 521 0.077
598 598 0.125
598 134 0.048
598 553 0.125
598 482 0.029
598 86 0.006
599 708 0.059
599 304 0.036
599 96 0.01
599 132 0.019
599 2 0.013
599 211 0.008
599 3 0.016
599 63 0.01
599 208 0.019
599 158 0.023
599 209 0.017
599 931 0.077
599 481 0.026
600 588 0.045
600 401 0.031
600 600 0.1
600 129 0.007
600 585 0.111
601 166 0.008
601 523 0.062
601 107 0.006
601 405 0.012
601 57 0.019
601 160 0.005
601 283 0.008
601 333 0.011
601 82 0.008
601 480 0.029
601 141 0.015
601 536 0.091
601 121 0.006
602 569 0.034
602 616 0.2
602 362 0.016
602 182 0.036
602 700 0.037
602 61 0.018
602 441 0.023
602 699 0.045
602 525 0.029
602 365 0.011
602 183 0.007
602 496 0.05
602 707 0.029
602 602 0.05
602 499 0.026
602 11 0.016
602 238 0.028
607 249 0.009
607 255 0.022
607 420 0.009
607 419 0.014
607 118 0.042
607 490 0.029
607 170 0.011
607 548 0.05
607 453 0.05
607 128 0.008
607 365 0.011
607 296 0.014
607 105 0.009
607 87 0.009
607 544 0.036
607 460 0.023
607 106 0.008
607 243 0.022
607 471 0.125
607 42 0.02
607 421 0.021
607 533 0.012
607 256 0.008
608 466 0.028
608 267 0.056
608 720 0.062
608 406 0.04
608 499 0.026
608 566 0.062
608 529 0.031
608 266 0.043
608 7 0.02
608 441 0.023
608 608 0.043
608 11 0.016
608 141 0.015
608 265 0.032
608 61 0.018
608 264 0.037
608 213 0.028
608 332 0.056
608 452 0.034
608 440 0.016
608 232 0.013
608 804 0.083
608 498 0.016
609 609 0.2
609 24 0.038
609 30 0.018
610 96 0.01
610 235 0.056
610 694 0.143
610 420 0.009
610 296 0.014
610 250 0.033
610 472 0.143
610 255 0.022
610 56 0.026
610 57 0.019
610 303 0.012
610 89 0.018
610 59 0.022
610 459 0.015
610 610 0.125
610 142 0.01
611 486 0.023
611 292 0.029
611 211 0.008
611 270 0.083
611 11 0.016
611 176 0.04
611 160 0.005
611 64 0.007
611 6 0.011
611 129 0.007
611 419 0.014
611 232 0.013
611 183 0.007
611 389 0.029
611 168 0.016
611 938 1.0
611 278 0.025
612 393 0.015
612 49 0.077
612 311 0.032
612 404 0.016
612 121 0.006
612 233 0.022
612 356 0.021
612 50 0.067
612 612 0.021
612 84 0.021
612 340 0.011
612 828 0.053
612 474 0.016
612 2 0.013
612 4 0.014
612 832 0.045
612 71 0.067
612 791 0.2
612 306 0.031
612 217 0.067
612 152 0.017
612 272 0.024
612 212 0.01
612 347 0.042
612 492 0.043
612 162 0.02
612 427 0.021
613 613 0.125
613 614 0.25
613 117 0.067
613 288 0.036
613 243 0.022
613 619 0.167
613 747 0.045
613 163 0.027
613 537 0.056
614 106 0.008
614 614 0.25
615 106 0.008
615 404 0.016
615 546 0.014
615 460 0.023
615 615 0.025
615 168 0.016
615 147 0.027
615 152 0.017
615 518 0.015
615 492 0.043
615 142 0.01
615 155 0.019
615 244 0.037
615 87 0.009
615 669 0.167
615 357 0.024
615 269 0.014
615 828 0.053
615 146 0.071
615 180 0.015
615 17 0.016
615 493 0.014
615 820 0.01
615 393 0.015
615 474 0.016
615 21 0.009
615 427 0.021
615 115 0.01
615 333 0.011
615 856 0.019
615 243 0.022
615 252 0.012
615 58 0.01
615 153 0.043
615 253 0.043
615 331 0.053
615 249 0.009
615 144 0.091
615 64 0.007
615 800 0.25
615 714 0.043
615 422 0.032
615 954 0.143
615 521 0.077
615 309 0.034
615 963 0.029
615 318 0.02
615 412 0.017
615 459 0.015
615 513 0.024
616 320 0.025
616 602 0.05
616 533 0.012
616 459 0.015
616 1 0.02
617 618 0.077
618 618 0.077
618 98 0.043
618 617 0.167
618 404 0.016
619 96 0.01
619 613 0.125
619 56 0.026
619 57 0.019
619 303 0.012
619 89 0.018
619 5 0.008
620 620 0.333
620 290 0.015
621 11 0.016
621 377 0.011
621 278 0.025
621 401 0.031
621 231 0.02
621 180 0.015
621 301 0.009
621 149 0.042
621 130 0.028
621 284 0.029
621 277 0.062
621 781 0.333
621 518 0.015
621 160 0.005
623 623 0.111
623 129 0.007
623 791 0.2
623 611 0.04
623 86 0.006
624 13 0.016
627 184 0.014
627 420 0.009
627 627 0.1
627 473 0.013
627 86 0.006
627 667 0.036
627 549 0.024
627 189 0.016
627 707 0.029
627 809 0.023
627 62 0.006
627 333 0.011
627 513 0.024
628 628 0.143
629 316 0.026
630 630 0.333
631 631 0.333
632 632 0.333
632 397 0.029
632 719 0.083
633 633 1.0
634 634 1.0
634 635 0.5
635 137 0.013
635 4 0.014
635 520 0.021
635 286 0.024
635 2 0.013
635 63 0.01
635 126 0.036
635 285 0.015
635 208 0.019
636 636 0.5
637 637 0.25
638 46 0.015
638 639 0.167
638 124 0.03
638 338 0.019
638 640 0.059
638 638 0.167
638 158 0.023
638 55 0.029
638 210 0.013
638 356 0.021
638 300 0.025
638 10 0.024
638 340 0.011
638 329 0.012
638 81 0.011
638 480 0.029
638 12 0.022
638 589 0.062
638 355 0.024
638 44 0.011
638 169 0.01
638 896 0.048
638 126 0.036
639 639 0.167
640 124 0.03
640 98 0.043
640 114 0.009
640 404 0.016
640 640 0.059
640 371 0.013
640 185 0.1
640 97 0.048
640 100 0.028
641 163 0.027
641 641 0.083
641 420 0.009
641 160 0.005
641 669 0.167
641 748 0.048
641 282 0.009
641 371 0.013
641 301 0.009
641 166 0.008
641 541 0.071
641 1 0.02
641 106 0.008
641 946 1.0
641 333 0.011
641 82 0.008
642 642 0.05
642 21 0.009
642 212 0.01
642 121 0.006
642 16 0.015
642 106 0.008
642 419 0.014
642 42 0.02
643 48 0.022
643 50 0.067
643 49 0.077
644 489 0.037
644 6 0.011
644 180 0.015
644 644 0.083
644 5 0.008
644 64 0.007
644 296 0.014
644 166 0.008
644 269 0.014
644 115 0.01
644 950 0.022
644 528 0.111
644 349 0.056
645 645 0.2
645 231 0.02
645 697 0.167
645 156 0.05
646 646 0.25
647 647 0.091
647 420 0.009
647 685 0.027
647 21 0.009
647 458 0.024
647 221 0.019
647 93 0.02
647 256 0.008
648 648 1.0
649 729 0.125
649 121 0.006
649 649 0.111
649 246 0.083
649 421 0.021
649 452 0.034
649 466 0.028
650 215 0.013
651 301 0.009
651 254 0.034
651 118 0.042
651 511 0.048
651 420 0.009
651 272 0.024
651 546 0.014
651 624 0.091
651 434 0.007
651 651 0.083
651 950 0.022
651 173 0.016
651 2 0.013
652 419 0.014
652 329 0.012
652 108 0.027
652 478 0.037
652 333 0.011
652 513 0.024
652 163 0.027
653 653 1.0
654 25 0.031
654 783 0.25
654 50 0.067
654 789 0.1
654 105 0.009
654 121 0.006
655 367 0.014
655 183 0.007
655 280 0.01
655 301 0.009
655 172 0.014
655 458 0.024
655 655 0.038
655 35 0.019
655 151 0.024
655 419 0.014
655 149 0.042
655 223 0.024
655 231 0.02
655 167 0.02
655 37 0.045
655 438 0.013
655 114 0.009
655 171 0.026
655 261 0.023
655 470 0.048
655 28 0.01
655 980 0.167
655 427 0.021
658 658 1.0
659 659 0.5
660 660 1.0
661 502 0.056
661 264 0.037
661 19 0.016
661 267 0.056
661 247 0.067
661 754 0.045
661 661 0.026
661 459 0.015
661 44 0.011
661 570 0.062
661 700 0.037
661 441 0.023
661 249 0.009
661 549 0.024
661 11 0.016
661 161 0.029
661 211 0.008
661 121 0.006
661 7 0.02
661 141 0.015
661 707 0.029
661 362 0.016
661 856 0.019
661 823 0.05
661 420 0.009
661 12 0.022
661 666 0.062
661 510 0.053
661 13 0.016
661 8 0.029
661 265 0.032
661 87 0.009
661 505 0.077
661 293 0.062
661 440 0.016
661 569 0.034
662 62 0.006
662 404 0.016
662 282 0.009
662 166 0.008
662 107 0.006
662 371 0.013
662 366 0.012
662 662 0.062
662 100 0.028
662 84 0.021
662 494 0.013
662 86 0.006
662 323 0.032
662 618 0.077
663 679 0.053
663 80 0.016
663 663 0.053
663 375 0.019
663 68 0.026
663 460 0.023
663 81 0.011
663 551 0.083
664 93 0.02
664 515 0.026
664 694 0.143
664 664 0.111
665 4 0.014
665 58 0.01
665 665 0.045
665 142 0.01
665 63 0.01
665 175 0.125
665 254 0.034
665 121 0.006
665 3 0.016
665 411 0.014
665 137 0.013
665 174 0.015
665 685 0.027
665 272 0.024
665 2 0.013
665 6 0.011
665 212 0.01
665 303 0.012
665 859 0.017
665 412 0.017
665 812 0.023
665 55 0.029
666 452 0.034
666 62 0.006
666 362 0.016
666 267 0.056
666 566 0.062
666 141 0.015
666 11 0.016
666 161 0.029
666 7 0.02
666 19 0.016
666 441 0.023
666 12 0.022
666 86 0.006
666 666 0.062
666 661 0.026
666 367 0.014
666 823 0.05
666 856 0.019
666 951 0.111
667 550 0.04
667 549 0.024
667 161 0.029
667 128 0.008
667 6 0.011
667 184 0.014
667 105 0.009
667 81 0.011
667 37 0.045
667 69 0.024
667 509 0.021
667 480 0.029
669 669 0.167
669 615 0.025
669 420 0.009
669 930 0.071
670 670 1.0
671 187 0.026
671 356 0.021
671 81 0.011
671 80 0.016
671 69 0.024
671 582 0.077
671 329 0.012
671 106 0.008
671 411 0.014
671 690 0.071
671 375 0.019
672 430 0.024
672 365 0.011
672 506 0.02
672 672 0.077
673 673 0.5
673 495 0.02
674 12 0.022
674 267 0.056
674 430 0.024
674 506 0.02
674 510 0.053
674 19 0.016
674 504 0.028
674 9 0.037
674 265 0.032
674 569 0.034
674 707 0.029
674 7 0.02
674 565 0.125
674 558 0.091
674 754 0.045
674 661 0.026
674 674 0.111
674 823 0.05
674 141 0.015
675 675 1.0
678 92 0.026
678 311 0.032
678 747 0.045
678 678 0.111
678 480 0.029
678 68 0.026
678 627 0.1
678 509 0.021
678 274 0.043
678 48 0.022
678 549 0.024
679 80 0.016
679 663 0.053
679 375 0.019
679 679 0.053
679 13 0.016
679 81 0.011
679 482 0.029
679 137 0.013
679 508 0.038
681 682 0.333
681 157 0.019
681 12 0.022
681 345 0.043
681 180 0.015
681 123 0.033
681 352 0.048
681 343 0.05
681 681 0.05
681 350 0.05
681 342 0.023
681 191 0.021
681 214 0.02
681 284 0.029
681 133 0.014
681 160 0.005
681 5 0.008
683 683 0.111
684 684 1.0
685 137 0.013
685 175 0.125
685 54 0.024
685 57 0.019
685 520 0.021
685 58 0.01
685 63 0.01
685 59 0.022
685 685 0.027
685 305 0.019
685 298 0.111
685 81 0.011
685 665 0.045
685 815 0.071
685 647 0.091
685 174 0.015
685 56 0.026
685 160 0.005
685 281 0.022
685 4 0.014
685 193 0.04
685 826 0.045
685 286 0.024
685 809 0.023
685 859 0.017
685 6 0.011
685 138 0.034
685 880 0.037
685 408 0.026
685 92 0.026
685 845 0.038
685 55 0.029
685 738 0.031
685 481 0.026
685 208 0.019
685 812 0.023
685 3 0.016
685 698 0.042
685 285 0.015
685 412 0.017
685 194 0.024
685 64 0.007
685 252 0.012
685 2 0.013
685 990 0.05
686 21 0.009
686 22 0.077
686 114 0.009
686 531 0.022
686 263 0.021
686 301 0.009
686 245 0.021
689 689 0.5
689 198 0.053
690 222 0.018
690 189 0.016
690 106 0.008
690 215 0.013
690 282 0.009
690 74 0.013
690 690 0.071
690 447 0.036
690 21 0.009
690 86 0.006
690 301 0.009
690 366 0.012
690 107 0.006
690 20 0.016
690 400 0.034
690 160 0.005
690 316 0.026
690 5 0.008
691 691 1.0
692 231 0.02
692 130 0.028
694 129 0.007
694 493 0.014
694 706 0.1
694 255 0.022
695 695 0.091
695 607 0.038
695 259 0.04
695 189 0.016
695 21 0.009
695 222 0.018
695 227 0.053
695 315 0.125
695 459 0.015
695 317 0.053
695 85 0.029
695 106 0.008
695 228 0.045
695 20 0.016
695 316 0.026
695 164 0.026
695 597 0.071
695 734 0.077
695 365 0.011
695 405 0.012
695 147 0.027
695 183 0.007
695 129 0.007
695 211 0.008
695 249 0.009
696 74 0.013
696 297 0.053
696 17 0.016
696 222 0.018
697 697 0.167
697 5 0.008
698 698 0.042
698 305 0.019
698 285 0.015
698 58 0.01
698 208 0.019
698 809 0.023
698 552 0.028
698 211 0.008
698 738 0.031
698 481 0.026
698 138 0.034
698 13 0.016
698 412 0.017
698 126 0.036
698 57 0.019
698 55 0.029
698 54 0.024
698 685 0.027
698 56 0.026
698 59 0.022
698 2 0.013
698 411 0.014
698 131 0.022
698 271 0.017
698 194 0.024
698 949 0.056
699 406 0.04
699 700 0.037
699 332 0.056
699 441 0.023
699 44 0.011
699 141 0.015
699 529 0.031
699 500 0.056
699 699 0.045
699 953 0.111
699 845 0.038
699 924 0.1
699 913 0.059
700 267 0.056
700 699 0.045
700 661 0.026
700 720 0.062
700 247 0.067
700 441 0.023
700 602 0.05
700 707 0.029
700 19 0.016
700 299 0.048
700 359 0.05
700 358 0.025
700 823 0.05
700 957 0.1
700 956 0.077
700 238 0.028
703 703 1.0
704 704 0.5
705 705 0.143
705 450 0.019
706 280 0.01
706 836 0.2
706 290 0.015
706 523 0.062
707 19 0.016
707 700 0.037
707 267 0.056
707 265 0.032
707 73 0.04
707 331 0.053
707 247 0.067
707 441 0.023
707 7 0.02
707 465 0.111
707 61 0.018
707 232 0.013
707 627 0.1
707 872 0.077
707 765 0.056
707 661 0.026
707 823 0.05
707 856 0.019
707 525 0.029
707 957 0.1
707 213 0.028
707 950 0.022
707 499 0.026
707 602 0.05
708 708 0.059
708 125 0.05
708 371 0.013
708 353 0.034
708 124 0.03
708 768 0.077
708 404 0.016
708 62 0.006
708 107 0.006
708 100 0.028
708 98 0.043
708 99 0.043
710 299 0.048
710 747 0.045
710 184 0.014
710 508 0.038
710 498 0.016
710 710 0.053
710 896 0.048
710 509 0.021
710 952 0.143
710 418 0.034
710 272 0.024
710 189 0.016
711 711 1.0
713 81 0.011
713 509 0.021
714 129 0.007
714 450 0.019
714 425 0.059
714 401 0.031
714 714 0.043
714 62 0.006
714 86 0.006
714 413 0.042
715 21 0.009
715 20 0.016
716 716 0.5
716 5 0.008
717 717 0.1
717 106 0.008
717 215 0.013
717 459 0.015
719 719 0.083
719 379 0.029
719 397 0.029
719 296 0.014
719 376 0.028
719 157 0.019
719 182 0.036
719 121 0.006
719 393 0.015
719 841 0.143
719 64 0.007
719 52 0.056
720 720 0.062
720 608 0.043
720 555 0.067
720 324 0.071
720 266 0.043
720 754 0.045
720 699 0.045
720 11 0.016
720 86 0.006
720 707 0.029
720 332 0.056
720 529 0.031
720 765 0.056
720 700 0.037
720 441 0.023
720 406 0.04
720 9 0.037
720 466 0.028
720 804 0.083
720 498 0.016
720 525 0.029
720 213 0.028
720 856 0.019
721 721 0.167
721 229 0.037
723 551 0.083
723 538 0.111
723 546 0.014
723 733 0.1
723 306 0.031
723 92 0.026
723 923 0.2
723 825 0.25
723 723 0.091
725 370 0.071
725 245 0.021
725 113 0.014
726 342 0.023
726 282 0.009
726 152 0.017
726 612 0.021
726 106 0.008
726 1 0.02
726 189 0.016
726 316 0.026
726 5 0.008
726 85 0.029
726 17 0.016
726 726 0.111
726 160 0.005
726 107 0.006
726 283 0.008
726 212 0.01
727 464 0.023
727 483 0.028
727 83 0.012
728 21 0.009
728 20 0.016
728 327 0.034
728 96 0.01
730 62 0.006
730 107 0.006
730 5 0.008
730 160 0.005
730 460 0.023
730 730 0.111
730 231 0.02
730 13 0.016
730 211 0.008
730 301 0.009
730 64 0.007
730 468 0.048
730 82 0.008
731 731 1.0
732 732 1.0
733 420 0.009
733 551 0.083
733 538 0.111
733 728 0.062
733 723 0.091
733 733 0.1
733 327 0.034
733 306 0.031
733 777 0.059
733 326 0.027
733 923 0.2
733 825 0.25
734 0 0.031
734 177 0.024
735 269 0.014
736 736 0.167
736 333 0.011
737 271 0.017
737 737 0.5
738 305 0.019
738 211 0.008
738 55 0.029
738 481 0.026
738 54 0.024
738 738 0.031
738 281 0.022
738 552 0.028
738 59 0.022
738 58 0.01
738 208 0.019
738 195 0.034
738 520 0.021
738 57 0.019
738 698 0.042
738 412 0.017
738 285 0.015
738 2 0.013
738 809 0.023
738 271 0.017
738 411 0.014
738 131 0.022
738 63 0.01
738 4 0.014
738 586 0.04
738 6 0.011
740 51 0.016
741 179 0.02
741 741 0.2
741 250 0.033
742 742 0.333
742 166 0.008
742 614 0.25
743 516 0.083
743 517 0.077
743 102 0.062
743 743 0.333
744 744 1.0
745 189 0.016
745 74 0.013
745 221 0.019
745 745 0.2
745 282 0.009
746 746 1.0
747 509 0.021
747 83 0.012
747 86 0.006
747 184 0.014
747 82 0.008
747 418 0.034
747 508 0.038
747 189 0.016
747 424 0.011
747 121 0.006
747 62 0.006
747 282 0.009
747 69 0.024
747 107 0.006
747 667 0.036
747 473 0.013
747 550 0.04
747 80 0.016
747 663 0.053
747 549 0.024
747 106 0.008
747 671 0.04
747 710 0.053
747 162 0.02
747 166 0.008
747 301 0.009
747 494 0.013
747 366 0.012
747 612 0.021
747 105 0.009
747 615 0.025
747 160 0.005
747 142 0.01
747 249 0.009
747 513 0.024
748 107 0.006
748 62 0.006
748 708 0.059
748 748 0.048
748 793 0.5
748 160 0.005
748 46 0.015
748 283 0.008
748 164 0.026
748 424 0.011
748 151 0.024
748 222 0.018
748 105 0.009
748 367 0.014
748 300 0.025
748 564 0.333
748 405 0.012
748 121 0.006
748 460 0.023
748 377 0.011
748 16 0.015
748 256 0.008
748 106 0.008
748 173 0.016
748 182 0.036
748 129 0.007
750 88 0.033
751 6 0.011
751 51 0.016
751 128 0.008
753 151 0.024
753 470 0.048
753 860 0.062
753 119 0.077
753 816 0.056
753 75 0.071
753 900 0.042
753 170 0.011
753 978 0.333
753 914 0.056
753 753 0.059
754 44 0.011
754 720 0.062
754 608 0.043
754 555 0.067
754 565 0.125
754 324 0.071
754 266 0.043
754 11 0.016
754 804 0.083
754 360 0.036
754 466 0.028
754 141 0.015
754 62 0.006
754 293 0.062
754 661 0.026
754 674 0.111
754 569 0.034
754 211 0.008
754 950 0.022
755 211 0.008
756 215 0.013
756 459 0.015
756 73 0.04
756 597 0.071
756 311 0.032
756 756 0.059
756 227 0.053
756 390 0.034
756 86 0.006
756 142 0.01
756 431 0.043
756 225 0.04
756 106 0.008
756 613 0.125
756 268 0.034
756 614 0.25
756 533 0.012
756 74 0.013
756 118 0.042
756 183 0.007
756 42 0.02
756 166 0.008
756 375 0.019
756 223 0.024
757 757 0.25
758 61 0.018
758 758 0.071
759 459 0.015
760 15 0.022
760 335 0.043
760 546 0.014
763 763 0.5
763 5 0.008
765 506 0.02
765 504 0.028
765 430 0.024
765 720 0.062
765 358 0.025
765 86 0.006
765 525 0.029
765 44 0.011
765 365 0.011
765 499 0.026
766 340 0.011
766 766 0.5
766 521 0.077
766 134 0.048
768 98 0.043
768 124 0.03
768 101 0.04
768 99 0.043
768 100 0.028
768 404 0.016
768 125 0.05
768 935 0.25
768 97 0.048
768 323 0.032
772 772 1.0
773 773 1.0
773 405 0.012
776 199 0.026
776 41 0.015
776 94 0.027
776 342 0.023
776 200 0.029
776 820 0.01
776 391 0.053
776 203 0.026
776 130 0.028
776 776 0.04
776 204 0.036
776 201 0.023
776 572 0.045
776 749 0.2
776 14 0.018
776 908 0.05
776 918 0.053
776 936 0.143
776 593 0.026
777 535 0.111
777 554 0.091
777 862 1.0
777 482 0.029
777 10 0.024
777 733 0.1
777 538 0.111
777 340 0.011
777 173 0.016
777 419 0.014
777 200 0.029
777 134 0.048
777 723 0.091
777 259 0.04
777 777 0.059
777 86 0.006
778 85 0.029
778 569 0.034
779 820 0.01
783 654 0.027
783 669 0.167
783 82 0.008
783 424 0.011
783 154 0.026
783 420 0.009
783 16 0.015
783 142 0.01
784 784 0.5
786 64 0.007
786 786 0.2
786 206 0.023
786 407 0.045
786 465 0.111
786 519 0.143
786 189 0.016
788 717 0.1
788 788 1.0
789 835 0.167
789 5 0.008
789 458 0.024
790 544 0.036
791 493 0.014
791 612 0.021
793 206 0.023
793 316 0.026
793 613 0.125
797 605 0.25
797 18 0.022
797 342 0.023
797 797 0.2
797 231 0.02
798 798 1.0
799 447 0.036
799 715 0.2
799 189 0.016
800 287 0.059
800 185 0.1
800 533 0.012
800 615 0.025
802 172 0.014
802 256 0.008
802 129 0.007
802 365 0.011
802 802 1.0
802 258 0.031
803 54 0.024
803 412 0.017
803 803 0.062
803 195 0.034
803 58 0.01
803 767 0.167
803 826 0.045
803 2 0.013
803 194 0.024
803 59 0.022
803 4 0.014
803 252 0.012
803 193 0.04
803 63 0.01
803 990 0.05
806 88 0.033
806 285 0.015
806 89 0.018
806 304 0.036
806 806 0.2
806 809 0.023
808 808 1.0
809 285 0.015
809 698 0.042
809 412 0.017
809 738 0.031
809 411 0.014
809 305 0.019
809 481 0.026
809 58 0.01
809 56 0.026
809 211 0.008
809 55 0.029
809 4 0.014
809 2 0.013
809 63 0.01
809 208 0.019
809 552 0.028
809 54 0.024
809 132 0.019
809 174 0.015
809 304 0.036
809 131 0.022
809 59 0.022
809 57 0.019
809 685 0.027
809 826 0.045
809 138 0.034
809 271 0.017
809 465 0.111
809 519 0.143
809 137 0.013
809 707 0.029
809 806 0.2
809 89 0.018
809 302 0.043
809 88 0.033
809 809 0.023
809 5 0.008
809 107 0.006
809 13 0.016
809 301 0.009
809 949 0.056
809 160 0.005
809 252 0.012
810 210 0.013
810 393 0.015
810 597 0.071
810 420 0.009
810 511 0.048
810 560 0.036
810 471 0.125
810 269 0.014
810 87 0.009
810 296 0.014
810 520 0.021
810 88 0.033
810 301 0.009
810 244 0.037
810 222 0.018
810 180 0.015
811 340 0.011
811 531 0.022
811 28 0.01
811 497 0.062
811 77 0.056
812 859 0.017
812 57 0.019
812 601 0.027
812 3 0.016
812 160 0.005
812 880 0.037
812 412 0.017
812 102 0.062
812 273 0.042
812 58 0.01
812 665 0.045
812 366 0.012
812 142 0.01
812 115 0.01
812 434 0.007
812 448 0.03
812 107 0.006
812 54 0.024
812 137 0.013
812 685 0.027
812 217 0.067
812 285 0.015
812 298 0.111
812 877 0.125
812 208 0.019
812 63 0.01
812 140 0.03
812 461 0.062
812 209 0.017
812 428 0.043
812 447 0.036
812 45 0.026
812 2 0.013
812 87 0.009
812 252 0.012
812 373 0.043
812 59 0.022
812 83 0.012
812 282 0.009
812 46 0.015
812 126 0.036
812 971 0.1
812 520 0.021
812 990 0.05
812 4 0.014
812 991 0.25
812 932 0.019
812 812 0.023
812 635 0.5
812 215 0.013
812 950 0.022
812 193 0.04
812 272 0.024
812 826 0.045
812 803 0.062
813 450 0.019
813 623 0.111
813 280 0.01
813 434 0.007
813 544 0.036
813 399 0.056
813 413 0.042
813 515 0.026
813 817 0.2
813 168 0.016
813 172 0.014
813 836 0.2
813 543 0.03
813 526 0.02
813 534 0.5
813 600 0.1
813 440 0.016
813 714 0.043
813 275 0.04
813 93 0.02
813 129 0.007
813 458 0.024
813 403 0.059
813 585 0.111
814 52 0.056
814 347 0.042
814 262 0.045
814 58 0.01
815 685 0.027
815 815 0.071
815 137 0.013
815 305 0.019
815 520 0.021
815 286 0.024
815 138 0.034
815 92 0.026
815 5 0.008
815 208 0.019
815 57 0.019
815 80 0.016
815 174 0.015
815 64 0.007
815 859 0.017
815 63 0.01
815 194 0.024
815 880 0.037
816 170 0.011
816 116 0.015
816 119 0.077
816 470 0.048
816 165 0.011
816 816 0.056
816 753 0.059
816 151 0.024
816 987 0.083
816 336 0.031
817 515 0.026
817 817 0.2
817 544 0.036
818 440 0.016
818 533 0.012
818 62 0.006
818 301 0.009
818 189 0.016
818 92 0.026
818 259 0.04
818 86 0.006
818 339 0.025
820 41 0.015
820 820 0.01
820 128 0.008
820 203 0.026
820 593 0.026
820 204 0.036
820 94 0.027
820 200 0.029
820 85 0.029
820 121 0.006
820 206 0.023
820 801 0.5
820 196 0.043
820 51 0.016
820 197 0.03
820 198 0.053
820 199 0.026
820 167 0.02
820 201 0.023
820 202 0.167
820 776 0.04
820 205 0.037
820 95 0.027
820 207 0.034
820 142 0.01
820 546 0.014
820 5 0.008
820 160 0.005
820 215 0.013
820 434 0.007
820 53 0.037
820 159 0.029
820 183 0.007
820 62 0.006
820 249 0.009
820 346 0.042
820 162 0.02
820 208 0.019
820 15 0.022
820 87 0.009
820 105 0.009
820 486 0.023
820 327 0.034
820 366 0.012
820 283 0.008
820 82 0.008
820 443 0.024
820 243 0.022
820 44 0.011
820 28 0.01
820 280 0.01
820 114 0.009
820 169 0.01
820 166 0.008
820 493 0.014
820 654 0.027
820 751 0.2
820 168 0.016
820 618 0.077
820 362 0.016
820 856 0.019
820 30 0.018
820 165 0.011
820 143 0.022
820 342 0.023
820 172 0.014
820 133 0.014
820 231 0.02
820 129 0.007
820 581 0.037
820 123 0.033
820 464 0.023
820 232 0.013
820 482 0.029
820 47 0.021
820 336 0.031
820 93 0.02
820 483 0.028
820 136 0.037
820 171 0.026
820 52 0.056
820 106 0.008
820 412 0.017
820 64 0.007
820 115 0.01
820 256 0.008
820 212 0.01
820 365 0.011
820 23 0.015
820 343 0.05
820 107 0.006
820 150 0.031
820 86 0.006
820 908 0.05
820 917 0.056
820 179 0.02
820 918 0.053
820 100 0.028
820 544 0.036
820 955 0.125
820 445 0.042
820 970 0.5
820 974 0.143
820 749 0.2
820 42 0.02
820 154 0.026
820 13 0.016
820 644 0.083
820 180 0.015
820 533 0.012
820 424 0.011
820 422 0.032
820 79 0.029
820 63 0.01
820 932 0.019
820 16 0.015
820 950 0.022
820 301 0.009
820 420 0.009
820 421 0.021
821 163 0.027
821 160 0.005
822 572 0.045
822 290 0.015
822 350 0.05
822 484 0.053
822 563 0.083
822 593 0.026
822 464 0.023
822 280 0.01
822 53 0.037
822 86 0.006
822 936 0.143
822 822 0.067
822 908 0.05
822 292 0.029
822 494 0.013
822 900 0.042
822 953 0.111
823 7 0.02
823 661 0.026
823 264 0.037
823 452 0.034
823 558 0.091
823 823 0.05
823 19 0.016
823 358 0.025
823 707 0.029
823 12 0.022
823 700 0.037
823 8 0.029
823 566 0.062
823 265 0.032
823 856 0.019
823 9 0.037
823 521 0.077
823 15 0.022
823 570 0.062
823 213 0.028
824 191 0.021
825 306 0.031
825 923 0.2
826 826 0.045
826 6 0.011
826 2 0.013
826 195 0.034
826 194 0.024
826 192 0.053
826 4 0.014
826 586 0.04
826 832 0.045
826 193 0.04
826 58 0.01
826 412 0.017
826 809 0.023
826 803 0.062
826 59 0.022
826 408 0.026
826 859 0.017
826 63 0.01
826 990 0.05
826 1001 0.2
828 405 0.012
828 233 0.022
828 300 0.025
828 160 0.005
828 106 0.008
828 16 0.015
828 353 0.034
828 371 0.013
828 46 0.015
828 796 0.25
828 546 0.014
828 45 0.026
828 434 0.007
828 419 0.014
828 64 0.007
828 356 0.021
828 145 0.021
828 121 0.006
828 889 0.25
828 107 0.006
828 892 0.071
828 896 0.048
829 203 0.026
829 168 0.016
829 290 0.015
832 193 0.04
832 826 0.045
832 4 0.014
832 194 0.024
832 195 0.034
832 2 0.013
832 192 0.053
832 586 0.04
832 58 0.01
832 832 0.045
832 63 0.01
832 412 0.017
832 131 0.022
832 587 0.071
832 145 0.021
832 59 0.022
832 3 0.016
832 408 0.026
832 859 0.017
832 252 0.012
832 57 0.019
832 102 0.062
832 520 0.021
833 44 0.011
833 5 0.008
833 365 0.011
833 7 0.02
833 856 0.019
833 249 0.009
833 833 0.2
833 62 0.006
835 275 0.04
836 523 0.062
836 836 0.2
837 107 0.006
837 837 0.5
838 124 0.03
839 191 0.021
840 562 0.038
840 426 0.022
840 457 0.04
840 65 0.025
840 526 0.02
840 232 0.013
840 440 0.016
840 86 0.006
840 840 0.062
840 64 0.007
840 168 0.016
841 841 0.143
841 376 0.028
841 231 0.02
841 397 0.029
841 719 0.083
841 869 0.2
841 312 0.048
841 368 0.022
843 290 0.015
844 133 0.014
845 305 0.019
845 2 0.013
845 63 0.01
845 4 0.014
845 281 0.022
845 6 0.011
845 520 0.021
845 865 0.111
845 845 0.038
845 58 0.01
845 303 0.012
845 685 0.027
845 59 0.022
845 408 0.026
845 89 0.018
845 809 0.023
845 859 0.017
845 921 0.091
845 252 0.012
845 3 0.016
845 211 0.008
845 481 0.026
845 193 0.04
845 699 0.045
845 953 0.111
845 924 0.1
845 812 0.023
845 56 0.026
846 605 0.25
846 846 1.0
847 205 0.037
847 333 0.011
847 847 0.036
847 455 0.02
847 113 0.014
847 47 0.021
847 48 0.022
847 443 0.024
847 172 0.014
847 40 0.021
847 96 0.01
847 114 0.009
847 919 0.091
847 925 0.071
847 464 0.023
847 547 0.034
847 922 0.059
847 171 0.026
849 849 0.143
851 191 0.021
851 852 0.2
851 605 0.25
851 851 0.111
851 575 0.091
851 157 0.019
851 352 0.048
851 483 0.028
851 907 0.083
851 342 0.023
851 377 0.011
851 180 0.015
851 350 0.05
851 681 0.05
851 214 0.02
852 852 0.2
852 415 0.333
855 299 0.048
855 155 0.019
855 473 0.013
856 249 0.009
856 166 0.008
856 44 0.011
856 7 0.02
856 160 0.005
856 434 0.007
856 421 0.021
856 366 0.012
856 452 0.034
856 362 0.016
856 19 0.016
856 265 0.032
856 466 0.028
856 8 0.029
856 504 0.028
856 141 0.015
856 121 0.006
856 430 0.024
856 87 0.009
856 506 0.02
856 107 0.006
856 661 0.026
856 62 0.006
856 82 0.008
856 856 0.019
856 12 0.022
856 558 0.091
856 546 0.014
856 142 0.01
856 355 0.024
856 950 0.022
856 913 0.059
856 612 0.021
856 212 0.01
856 58 0.01
856 823 0.05
856 83 0.012
856 525 0.029
856 765 0.056
856 555 0.067
856 358 0.025
856 331 0.053
856 498 0.016
856 560 0.036
856 293 0.062
856 374 0.111
856 707 0.029
856 264 0.037
856 407 0.045
856 573 0.059
856 105 0.009
856 246 0.083
856 956 0.077
856 922 0.059
856 186 0.05
856 720 0.062
858 306 0.031
859 665 0.045
859 58 0.01
859 366 0.012
859 685 0.027
859 137 0.013
859 412 0.017
859 812 0.023
859 859 0.017
859 4 0.014
859 815 0.071
859 166 0.008
859 880 0.037
859 160 0.005
859 252 0.012
859 612 0.021
859 3 0.016
859 434 0.007
859 57 0.019
859 2 0.013
859 63 0.01
859 601 0.027
859 832 0.045
859 87 0.009
859 303 0.012
859 183 0.007
859 845 0.038
859 271 0.017
859 286 0.024
859 211 0.008
859 254 0.034
859 62 0.006
859 105 0.009
859 89 0.018
859 107 0.006
859 131 0.022
859 281 0.022
859 243 0.022
859 921 0.091
859 193 0.04
859 826 0.045
859 546 0.014
859 121 0.006
859 162 0.02
859 809 0.023
859 963 0.029
859 56 0.026
859 194 0.024
859 520 0.021
859 59 0.022
859 174 0.015
859 269 0.014
859 195 0.034
859 6 0.011
859 990 0.05
859 849 0.143
859 82 0.008
859 932 0.019
859 991 0.25
859 132 0.019
859 147 0.027
859 971 0.1
859 64 0.007
859 411 0.014
859 803 0.062
859 212 0.01
859 408 0.026
860 115 0.01
860 251 0.032
860 438 0.013
860 816 0.056
860 135 0.029
860 455 0.02
860 753 0.059
860 375 0.019
860 860 0.062
860 900 0.042
860 437 0.038
860 169 0.01
860 330 0.111
860 914 0.056
860 978 0.333
860 170 0.011
860 337 0.027
860 116 0.015
860 123 0.033
860 165 0.011
860 336 0.031
860 338 0.019
860 339 0.025
863 57 0.019
865 305 0.019
865 412 0.017
865 865 0.111
865 59 0.022
865 63 0.01
865 56 0.026
865 845 0.038
865 2 0.013
865 194 0.024
865 58 0.01
866 80 0.016
869 181 0.022
869 179 0.02
869 397 0.029
869 376 0.028
872 707 0.029
872 85 0.029
872 61 0.018
872 232 0.013
872 377 0.011
872 17 0.016
872 581 0.037
872 74 0.013
872 182 0.036
875 170 0.011
877 81 0.011
877 137 0.013
877 28 0.01
878 27 0.02
878 23 0.015
878 35 0.019
879 242 0.036
880 174 0.015
880 286 0.024
880 63 0.01
880 685 0.027
880 58 0.01
880 880 0.037
880 137 0.013
880 157 0.019
880 815 0.071
880 859 0.017
880 57 0.019
880 308 0.029
880 80 0.016
880 56 0.026
880 59 0.022
880 921 0.091
880 6 0.011
880 281 0.022
880 305 0.019
880 3 0.016
880 252 0.012
883 116 0.015
883 165 0.011
883 115 0.01
883 883 0.091
883 39 0.03
883 339 0.025
883 337 0.027
883 336 0.031
883 93 0.02
883 27 0.02
883 32 0.031
884 884 0.5
885 728 0.062
885 106 0.008
885 20 0.016
885 21 0.009
886 601 0.027
886 3 0.016
886 58 0.01
886 859 0.017
886 217 0.067
886 366 0.012
886 665 0.045
886 812 0.023
886 59 0.022
886 273 0.042
887 20 0.016
887 887 0.333
887 885 0.333
887 92 0.026
889 405 0.012
889 300 0.025
889 375 0.019
890 890 0.5
891 405 0.012
891 892 0.071
892 892 0.071
892 300 0.025
892 405 0.012
892 44 0.011
892 28 0.01
892 128 0.008
892 114 0.009
892 314 0.031
892 340 0.011
892 226 0.022
892 173 0.016
892 891 0.5
892 896 0.048
892 290 0.015
892 438 0.013
892 491 0.143
892 423 0.031
895 417 0.019
895 333 0.011
895 114 0.009
896 892 0.071
896 300 0.025
896 405 0.012
896 173 0.016
896 356 0.021
896 160 0.005
896 124 0.03
896 329 0.012
896 28 0.01
896 21 0.009
896 169 0.01
896 896 0.048
896 107 0.006
896 81 0.011
896 355 0.024
896 142 0.01
896 4 0.014
896 116 0.015
896 287 0.059
896 710 0.053
896 303 0.012
896 375 0.019
896 112 0.059
896 404 0.016
896 368 0.022
896 2 0.013
896 63 0.01
896 12 0.022
898 230 0.059
898 898 0.5
898 481 0.026
900 169 0.01
900 900 0.042
900 438 0.013
900 860 0.062
900 914 0.056
900 128 0.008
900 455 0.02
900 40 0.021
900 251 0.032
900 5 0.008
900 165 0.011
900 115 0.01
900 987 0.083
900 13 0.016
901 137 0.013
902 5 0.008
903 907 0.083
905 905 0.5
905 297 0.053
905 74 0.013
905 309 0.034
905 215 0.013
905 311 0.032
905 222 0.018
905 316 0.026
905 177 0.024
906 546 0.014
906 533 0.012
906 156 0.05
907 191 0.021
907 903 0.333
907 851 0.111
907 262 0.045
907 907 0.083
907 156 0.05
907 180 0.015
907 377 0.011
907 593 0.026
907 179 0.02
908 908 0.05
908 206 0.023
908 820 0.01
908 201 0.023
908 917 0.056
908 124 0.03
908 197 0.03
908 200 0.029
908 918 0.053
908 94 0.027
908 207 0.034
908 95 0.027
908 199 0.026
908 822 0.067
908 593 0.026
908 776 0.04
908 51 0.016
908 128 0.008
908 167 0.02
908 204 0.036
908 205 0.037
908 395 0.028
908 592 0.034
909 183 0.007
909 129 0.007
909 280 0.01
909 87 0.009
909 546 0.014
912 466 0.028
912 504 0.028
912 765 0.056
912 499 0.026
913 922 0.059
913 358 0.025
913 183 0.007
913 950 0.022
913 856 0.019
913 956 0.077
913 967 0.2
913 499 0.026
913 951 0.111
913 700 0.037
913 972 0.5
913 44 0.011
913 699 0.045
913 707 0.029
914 914 0.056
914 860 0.062
914 36 0.023
914 28 0.01
914 116 0.015
914 165 0.011
914 115 0.01
914 470 0.048
914 900 0.042
914 816 0.056
914 753 0.059
914 455 0.02
914 170 0.011
914 987 0.083
914 531 0.022
914 135 0.029
914 105 0.009
917 196 0.043
917 51 0.016
917 197 0.03
917 908 0.05
917 199 0.026
917 200 0.029
917 128 0.008
917 167 0.02
917 201 0.023
917 918 0.053
917 593 0.026
917 204 0.036
917 776 0.04
917 205 0.037
917 206 0.023
917 41 0.015
917 94 0.027
917 820 0.01
917 95 0.027
917 207 0.034
917 40 0.021
917 974 0.143
917 483 0.028
917 557 0.067
917 445 0.042
917 27 0.02
918 908 0.05
918 200 0.029
918 917 0.056
918 593 0.026
918 204 0.036
918 776 0.04
918 94 0.027
918 51 0.016
918 197 0.03
918 199 0.026
918 128 0.008
918 167 0.02
918 201 0.023
918 206 0.023
918 820 0.01
918 95 0.027
918 207 0.034
918 918 0.053
918 377 0.011
918 974 0.143
918 494 0.013
918 1000 0.2
918 232 0.013
919 847 0.036
919 455 0.02
919 919 0.091
919 40 0.021
919 113 0.014
920 230 0.059
921 859 0.017
921 845 0.038
921 285 0.015
921 56 0.026
921 930 0.071
921 63 0.01
921 6 0.011
921 138 0.034
921 412 0.017
922 129 0.007
922 340 0.011
922 922 0.059
922 699 0.045
922 908 0.05
922 847 0.036
922 956 0.077
922 205 0.037
922 913 0.059
922 822 0.067
922 560 0.036
922 79 0.029
922 280 0.01
922 499 0.026
922 498 0.016
922 856 0.019
922 487 0.083
922 529 0.031
922 53 0.037
923 923 0.2
923 825 0.25
924 303 0.012
924 96 0.01
924 89 0.018
924 209 0.017
924 612 0.021
924 252 0.012
925 847 0.036
925 925 0.071
925 205 0.037
925 113 0.014
925 443 0.024
925 263 0.021
925 333 0.011
925 417 0.019
925 981 0.091
925 47 0.021
925 318 0.02
925 114 0.009
925 423 0.031
925 245 0.021
925 48 0.022
926 926 0.083
926 927 0.111
926 237 0.043
926 243 0.022
926 930 0.071
926 963 0.029
926 159 0.029
926 234 0.029
926 158 0.023
926 242 0.036
926 931 0.077
926 301 0.009
927 926 0.083
927 927 0.111
927 159 0.029
927 237 0.043
927 210 0.013
927 234 0.029
927 158 0.023
927 242 0.036
927 963 0.029
927 931 0.077
927 241 0.05
927 930 0.071
929 929 0.091
929 140 0.03
929 164 0.026
929 334 0.056
929 489 0.037
929 933 0.067
929 335 0.043
929 269 0.014
929 15 0.022
929 429 0.033
929 322 0.05
929 592 0.034
930 931 0.077
930 930 0.071
930 238 0.028
930 158 0.023
930 234 0.029
930 926 0.083
930 236 0.021
930 243 0.022
930 963 0.029
930 921 0.091
930 301 0.009
930 208 0.019
930 927 0.111
931 931 0.077
931 930 0.071
931 158 0.023
931 159 0.029
931 926 0.083
931 927 0.111
931 238 0.028
931 963 0.029
931 5 0.008
931 294 0.045
931 240 0.05
931 301 0.009
931 210 0.013
931 243 0.022
932 283 0.008
932 932 0.019
932 107 0.006
932 338 0.019
932 281 0.022
932 98 0.043
932 86 0.006
932 113 0.014
932 333 0.011
932 115 0.01
932 340 0.011
932 106 0.008
932 153 0.043
932 77 0.056
932 253 0.043
932 17 0.016
932 173 0.016
932 169 0.01
932 46 0.015
932 326 0.027
932 671 0.04
932 820 0.01
932 174 0.015
932 355 0.024
932 367 0.014
932 702 0.5
932 453 0.05
932 506 0.02
932 295 0.018
932 45 0.026
932 147 0.027
932 249 0.009
932 131 0.022
932 544 0.036
932 489 0.037
932 180 0.015
932 310 0.042
932 963 0.029
932 236 0.021
932 252 0.012
932 128 0.008
932 748 0.048
932 597 0.071
932 576 0.053
932 70 0.062
932 258 0.031
932 474 0.016
932 44 0.011
932 856 0.019
932 233 0.022
932 212 0.01
932 163 0.027
932 269 0.014
932 23 0.015
932 393 0.015
932 404 0.016
932 493 0.014
932 586 0.04
932 427 0.021
932 41 0.015
932 812 0.023
932 3 0.016
932 371 0.013
932 210 0.013
932 303 0.012
932 63 0.01
932 859 0.017
932 211 0.008
932 227 0.053
932 531 0.022
932 642 0.05
932 296 0.014
932 255 0.022
932 21 0.009
932 114 0.009
932 28 0.01
932 81 0.011
932 495 0.02
932 492 0.043
932 419 0.014
932 31 0.026
932 68 0.026
932 129 0.007
932 254 0.034
932 420 0.009
932 490 0.029
932 165 0.011
932 83 0.012
933 89 0.018
933 933 0.067
933 139 0.028
933 429 0.033
933 46 0.015
933 269 0.014
933 15 0.022
933 929 0.091
933 592 0.034
933 446 0.045
933 447 0.036
933 334 0.056
933 335 0.043
933 448 0.03
933 322 0.05
933 956 0.077
935 125 0.05
935 100 0.028
936 572 0.045
936 290 0.015
936 822 0.067
936 935 0.25
936 593 0.026
936 776 0.04
936 350 0.05
936 907 0.083
936 955 0.125
936 706 0.1
936 965 1.0
936 130 0.028
936 168 0.016
936 167 0.02
936 232 0.013
936 484 0.053
936 204 0.036
936 14 0.018
936 284 0.029
936 206 0.023
936 231 0.02
936 129 0.007
936 936 0.143
936 546 0.014
937 125 0.05
937 640 0.059
937 937 0.143
937 64 0.007
937 404 0.016
938 611 0.04
939 232 0.013
939 350 0.05
939 572 0.045
941 189 0.016
942 95 0.027
943 295 0.018
944 748 0.048
945 327 0.034
945 945 0.25
947 60 0.026
947 321 0.027
947 181 0.022
947 394 0.033
947 947 0.125
947 377 0.011
949 211 0.008
949 281 0.022
949 552 0.028
949 305 0.019
949 6 0.011
949 809 0.023
949 511 0.048
949 285 0.015
949 57 0.019
949 411 0.014
949 131 0.022
949 55 0.029
949 481 0.026
949 54 0.024
949 685 0.027
949 56 0.026
949 252 0.012
949 59 0.022
949 271 0.017
949 949 0.056
949 698 0.042
949 880 0.037
950 74 0.013
950 474 0.016
950 158 0.023
950 913 0.059
950 58 0.01
950 856 0.019
950 333 0.011
950 166 0.008
950 427 0.021
951 213 0.028
951 525 0.029
951 957 0.1
951 951 0.111
951 359 0.05
951 913 0.059
951 360 0.036
951 141 0.015
952 69 0.024
952 952 0.143
952 509 0.021
952 540 0.125
952 710 0.053
952 81 0.011
952 28 0.01
953 28 0.01
953 816 0.056
953 301 0.009
953 26 0.033
953 35 0.019
953 23 0.015
953 699 0.045
953 845 0.038
953 900 0.042
953 822 0.067
953 997 0.333
953 292 0.029
953 590 0.036
954 87 0.009
954 518 0.015
954 154 0.026
955 128 0.008
955 820 0.01
955 955 0.125
956 183 0.007
956 933 0.067
956 11 0.016
956 913 0.059
956 922 0.059
956 506 0.02
956 362 0.016
957 951 0.111
957 700 0.037
957 19 0.016
957 707 0.029
957 265 0.032
957 213 0.028
957 12 0.022
957 141 0.015
957 569 0.034
958 69 0.024
958 509 0.021
958 962 0.5
962 958 0.333
963 159 0.029
963 926 0.083
963 209 0.017
963 243 0.022
963 931 0.077
963 142 0.01
963 58 0.01
963 158 0.023
963 236 0.021
963 237 0.043
963 86 0.006
963 930 0.071
963 235 0.056
963 244 0.037
963 238 0.028
963 241 0.05
963 546 0.014
963 612 0.021
963 242 0.036
963 210 0.013
963 927 0.111
963 240 0.05
963 234 0.029
963 107 0.006
963 301 0.009
963 963 0.029
963 83 0.012
963 404 0.016
963 319 0.091
963 643 0.077
963 87 0.009
963 160 0.005
963 950 0.022
963 121 0.006
963 473 0.013
963 932 0.019
963 131 0.022
963 82 0.008
963 859 0.017
963 154 0.026
968 968 0.333
969 509 0.021
969 184 0.014
970 820 0.01
970 546 0.014
970 51 0.016
970 917 0.056
970 128 0.008
971 4 0.014
971 804 0.083
971 457 0.04
971 361 0.021
971 188 0.038
971 470 0.048
971 406 0.04
971 514 0.091
971 232 0.013
971 284 0.029
971 488 0.143
971 391 0.053
971 336 0.031
971 582 0.077
971 179 0.02
971 321 0.027
971 466 0.028
971 412 0.017
971 823 0.05
971 216 0.038
971 332 0.056
971 700 0.037
971 467 0.05
971 554 0.091
971 235 0.056
971 893 0.5
971 324 0.071
971 504 0.028
971 304 0.036
971 114 0.009
971 777 0.059
971 400 0.034
971 416 0.333
971 417 0.019
971 973 1.0
971 325 0.038
971 360 0.036
971 29 0.021
971 627 0.1
971 566 0.062
971 480 0.029
971 113 0.014
971 47 0.021
971 196 0.043
971 184 0.014
971 710 0.053
971 403 0.059
971 10 0.024
971 778 0.2
971 699 0.045
971 108 0.027
971 754 0.045
971 570 0.062
971 672 0.077
971 133 0.014
971 569 0.034
971 277 0.062
971 444 0.04
971 809 0.023
971 608 0.043
971 423 0.031
971 9 0.037
971 812 0.023
971 799 0.2
971 975 1.0
971 190 0.034
971 506 0.02
971 401 0.031
971 540 0.125
971 805 0.25
971 343 0.05
971 26 0.033
971 20 0.016
971 729 0.125
971 505 0.077
971 93 0.02
971 679 0.053
971 174 0.015
971 747 0.045
971 8 0.029
971 430 0.024
971 448 0.03
971 740 0.333
971 723 0.091
971 251 0.032
971 452 0.034
971 307 0.083
971 844 0.5
971 695 0.091
971 2 0.013
971 3 0.016
971 63 0.01
971 520 0.021
971 971 0.1
974 87 0.009
974 128 0.008
974 94 0.027
974 593 0.026
974 918 0.053
974 917 0.056
976 114 0.009
976 333 0.011
976 361 0.021
976 113 0.014
976 417 0.019
976 443 0.024
976 263 0.021
976 444 0.04
976 318 0.02
976 442 0.045
976 919 0.091
976 547 0.034
976 423 0.031
976 245 0.021
976 47 0.021
976 76 0.045
976 48 0.022
976 485 0.037
976 171 0.026
976 981 0.091
976 847 0.036
976 925 0.071
976 976 0.1
976 527 0.067
976 455 0.02
977 977 0.333
978 900 0.042
978 860 0.062
978 165 0.011
979 979 1.0
979 1 0.02
979 106 0.008
979 170 0.011
979 316 0.026
979 745 0.2
980 980 0.167
980 5 0.008
980 261 0.023
980 64 0.007
980 13 0.016
980 367 0.014
980 757 0.25
980 470 0.048
980 427 0.021
980 119 0.077
981 318 0.02
981 114 0.009
981 333 0.011
981 263 0.021
981 847 0.036
981 925 0.071
981 527 0.067
981 361 0.021
981 113 0.014
981 417 0.019
981 443 0.024
981 444 0.04
981 442 0.045
981 919 0.091
981 547 0.034
981 423 0.031
981 245 0.021
981 47 0.021
981 76 0.045
981 48 0.022
981 485 0.037
981 171 0.026
981 411 0.014
981 981 0.091
981 455 0.02
982 137 0.013
989 329 0.012
989 989 0.333
990 4 0.014
990 138 0.034
991 412 0.017
991 812 0.023
991 520 0.021
992 992 1.0
992 129 0.007
995 712 0.25
996 12 0.022
999 145 0.021
1000 232 0.013
1000 918 0.053
1000 166 0.008
1000 14 0.018
1000 292 0.029
1000 206 0.023
1001 6 0.011
1001 2 0.013
1001 4 0.014
1001 193 0.04
1001 826 0.045
1001 194 0.024
1001 832 0.045
1001 803 0.062
1001 990 0.05
1003 258 0.031
