0 1 0.1
0 316 0.001
0 146 0.001
0 268 0.001
0 581 0.001
0 221 0.01
0 18 0.001
0 734 0.1
0 178 0.001
0 380 0.1
0 0 0.01
0 459 0.1
0 215 0.01
0 250 0.001
0 148 0.1
0 73 0.001
0 498 0.001
0 226 0.01
0 101 0.001
0 218 0.1
0 377 0.01
0 17 0.01
0 74 0.001
0 177 0.01
0 248 0.001
0 103 0.001
0 560 0.001
0 309 0.1
0 88 0.1
0 5 0.1
0 297 0.001
0 313 0.1
0 223 0.1
0 238 0.01
0 368 0.1
0 266 0.001
0 222 0.001
0 283 0.01
0 6 0.001
0 64 0.01
0 166 0.001
1 1 0.01
2 3 0.01
2 4 0.001
2 195 0.001
2 305 0.001
2 2 0.1
2 412 0.001
2 102 0.001
2 194 0.01
2 55 0.01
2 252 0.001
2 13 0.001
2 63 0.001
2 192 0.001
2 586 0.01
2 408 0.01
2 138 0.001
2 434 0.001
2 6 0.1
2 281 0.1
2 193 0.001
2 174 0.1
2 285 0.1
2 137 0.001
2 323 0.01
2 211 0.001
2 58 0.01
2 238 0.01
2 520 0.01
2 481 0.01
2 665 0.01
2 59 0.001
2 208 0.1
2 5 0.001
2 506 0.01
2 516 0.1
2 517 0.01
2 160 0.1
2 286 0.1
2 57 0.001
2 132 0.1
2 409 0.001
2 411 0.01
2 587 0.01
2 140 0.1
2 96 0.1
2 64 0.001
2 809 0.01
2 826 0.01
2 158 0.001
2 738 0.001
2 832 0.001
2 273 0.001
2 803 0.1
2 845 0.01
2 571 0.001
2 89 0.1
2 54 0.001
2 300 0.001
2 489 0.001
2 612 0.001
2 249 0.1
2 865 0.1
2 283 0.1
2 107 0.1
2 880 0.001
2 698 0.01
2 899 0.1
2 86 0.001
2 886 0.001
2 162 0.01
2 546 0.001
2 812 0.01
2 859 0.01
2 308 0.001
2 131 0.01
2 56 0.001
2 333 0.01
2 971 0.1
2 271 0.1
2 990 0.001
2 685 0.1
2 405 0.01
2 896 0.1
2 1001 0.01
3 63 0.1
3 3 0.01
3 2 0.001
3 4 0.01
3 408 0.01
3 58 0.001
3 174 0.001
3 192 0.01
3 303 0.1
3 56 0.1
3 286 0.001
3 59 0.1
3 236 0.1
3 665 0.1
3 175 0.001
3 412 0.001
3 195 0.1
3 520 0.01
3 411 0.1
3 137 0.01
3 158 0.01
3 194 0.1
3 239 0.001
3 107 0.01
3 571 0.01
3 859 0.1
3 89 0.001
3 62 0.01
3 601 0.01
3 57 0.01
3 812 0.001
3 102 0.1
3 208 0.1
3 832 0.1
3 183 0.1
3 256 0.001
3 434 0.01
3 685 0.001
3 193 0.01
3 323 0.001
3 971 0.1
3 845 0.01
3 6 0.01
3 252 0.01
3 271 0.01
3 281 0.001
3 880 0.1
3 473 0.001
3 405 0.01
3 210 0.001
3 128 0.1
3 371 0.01
3 211 0.01
3 46 0.01
3 990 0.01
3 1001 0.01
4 2 0.01
4 3 0.1
4 4 0.1
4 62 0.001
4 63 0.1
4 286 0.1
4 194 0.001
4 195 0.01
4 114 0.01
4 81 0.001
4 174 0.1
4 193 0.01
4 665 0.1
4 160 0.1
4 412 0.001
4 586 0.1
4 107 0.1
4 59 0.001
4 285 0.001
4 58 0.01
4 520 0.1
4 571 0.01
4 281 0.001
4 282 0.01
4 408 0.1
4 283 0.001
4 301 0.01
4 192 0.01
4 211 0.1
4 481 0.01
4 305 0.1
4 434 0.1
4 424 0.001
4 121 0.01
4 142 0.001
4 809 0.01
4 158 0.1
4 532 0.1
4 57 0.01
4 137 0.001
4 826 0.1
4 832 0.1
4 239 0.001
4 685 0.001
4 803 0.1
4 845 0.1
4 208 0.01
4 13 0.01
4 612 0.01
4 411 0.001
4 256 0.1
4 587 0.01
4 145 0.01
4 698 0.01
4 712 0.1
4 55 0.1
4 738 0.1
4 271 0.01
4 252 0.1
4 533 0.01
4 102 0.001
4 162 0.001
4 859 0.01
4 89 0.001
4 170 0.1
4 169 0.1
4 425 0.1
4 54 0.001
4 625 0.001
4 56 0.1
4 552 0.01
4 126 0.01
4 96 0.1
4 183 0.01
4 138 0.001
4 896 0.01
4 6 0.01
4 812 0.001
4 131 0.1
4 971 0.01
4 990 0.001
4 82 0.01
4 323 0.01
4 405 0.01
4 360 0.01
4 430 0.1
4 166 0.1
4 880 0.01
4 1001 0.1
5 6 0.01
5 7 0.01
5 215 0.001
5 5 0.001
5 117 0.1
5 64 0.1
5 327 0.1
5 232 0.001
5 53 0.01
5 115 0.1
5 528 0.01
5 140 0.01
5 105 0.001
5 489 0.01
5 2 0.01
5 527 0.01
5 357 0.01
5 58 0.1
5 279 0.1
5 59 0.001
5 669 0.1
5 211 0.1
5 194 0.001
5 305 0.001
5 284 0.01
5 644 0.001
5 379 0.01
5 157 0.01
5 191 0.01
5 281 0.001
5 42 0.001
5 437 0.01
5 125 0.01
5 76 0.1
5 74 0.1
5 309 0.1
5 183 0.1
5 269 0.001
5 21 0.01
5 35 0.01
5 430 0.1
5 89 0.001
5 726 0.1
5 495 0.001
5 730 0.001
5 807 0.01
5 189 0.001
5 170 0.001
5 408 0.01
5 286 0.01
5 283 0.001
5 132 0.001
5 312 0.001
5 405 0.001
5 82 0.01
5 195 0.001
5 455 0.01
5 169 0.001
5 411 0.1
5 171 0.1
5 306 0.001
5 337 0.01
5 492 0.001
5 820 0.01
5 41 0.001
5 249 0.001
5 29 0.01
5 63 0.01
5 134 0.001
5 458 0.01
5 201 0.01
5 128 0.001
5 255 0.001
5 323 0.01
5 440 0.01
5 192 0.01
5 198 0.001
5 516 0.01
5 517 0.001
5 291 0.1
5 141 0.01
5 815 0.001
5 464 0.1
5 285 0.001
5 302 0.1
5 47 0.001
5 0 0.001
5 218 0.001
5 243 0.01
5 209 0.01
5 496 0.01
5 738 0.01
5 271 0.1
5 450 0.01
5 362 0.01
5 120 0.01
5 423 0.001
5 303 0.01
5 718 0.1
5 828 0.001
5 833 0.001
5 840 0.1
5 466 0.01
5 100 0.001
5 57 0.01
5 96 0.001
5 417 0.001
5 346 0.01
5 272 0.001
5 207 0.001
5 902 0.01
5 469 0.01
5 375 0.01
5 809 0.001
5 481 0.1
5 237 0.001
5 11 0.001
5 236 0.001
5 716 0.01
5 184 0.01
5 24 0.001
5 611 0.001
5 572 0.001
5 154 0.01
5 333 0.1
5 242 0.001
5 511 0.001
5 420 0.001
5 931 0.01
5 252 0.1
5 859 0.01
5 261 0.1
5 980 0.001
5 318 0.001
5 235 0.01
5 462 0.01
5 106 0.1
5 325 0.001
5 581 0.001
5 133 0.001
5 135 0.001
5 308 0.001
5 868 0.1
5 557 0.1
5 445 0.001
5 97 0.1
5 728 0.001
5 34 0.001
5 990 0.001
5 55 0.001
5 900 0.1
5 99 0.01
5 763 0.001
5 789 0.1
5 690 0.001
5 230 0.001
6 5 0.001
6 157 0.001
6 327 0.1
6 379 0.1
6 489 0.001
6 134 0.01
6 2 0.1
6 4 0.1
6 6 0.01
6 438 0.01
6 195 0.01
6 64 0.01
6 140 0.01
6 132 0.001
6 473 0.01
6 96 0.01
6 516 0.001
6 517 0.01
6 481 0.1
6 376 0.1
6 408 0.001
6 667 0.1
6 397 0.1
6 305 0.001
6 411 0.001
6 54 0.001
6 234 0.01
6 751 0.001
6 528 0.01
6 349 0.001
6 206 0.001
6 375 0.01
6 515 0.1
6 139 0.01
6 644 0.1
6 184 0.1
6 362 0.01
6 284 0.1
6 170 0.001
6 429 0.01
6 430 0.001
6 102 0.001
6 137 0.1
6 237 0.001
6 191 0.1
6 183 0.001
6 826 0.001
6 290 0.01
6 665 0.001
6 412 0.001
6 308 0.1
6 520 0.1
6 281 0.001
6 55 0.01
6 549 0.001
6 440 0.1
6 458 0.1
6 544 0.1
6 58 0.001
6 845 0.01
6 685 0.001
6 418 0.001
6 194 0.1
6 426 0.1
6 141 0.001
6 21 0.001
6 79 0.1
6 63 0.01
6 587 0.01
6 181 0.001
6 337 0.01
6 296 0.1
6 377 0.1
6 89 0.001
6 57 0.1
6 486 0.01
6 56 0.1
6 149 0.01
6 169 0.001
6 128 0.001
6 299 0.001
6 3 0.01
6 346 0.01
6 204 0.001
6 571 0.1
6 563 0.01
6 272 0.01
6 389 0.01
6 738 0.001
6 880 0.1
6 949 0.01
6 193 0.1
6 252 0.01
6 275 0.001
6 211 0.01
6 285 0.01
6 552 0.001
6 126 0.001
6 232 0.01
6 562 0.001
6 59 0.001
6 859 0.001
6 921 0.01
6 0 0.1
6 316 0.01
6 994 0.1
6 168 0.01
6 323 0.1
6 1001 0.1
7 44 0.1
7 141 0.001
7 569 0.001
7 161 0.001
7 374 0.1
7 362 0.1
7 7 0.01
7 666 0.001
7 19 0.1
7 661 0.1
7 12 0.1
7 566 0.001
7 452 0.1
7 421 0.01
7 510 0.001
7 504 0.001
7 249 0.01
7 466 0.01
7 359 0.1
7 499 0.01
7 707 0.001
7 700 0.01
7 332 0.1
7 406 0.1
7 365 0.001
7 546 0.01
7 451 0.01
7 11 0.1
7 360 0.01
7 213 0.01
7 525 0.1
7 5 0.01
7 8 0.001
7 672 0.1
7 358 0.001
7 407 0.1
7 498 0.01
7 112 0.1
7 573 0.1
7 570 0.1
7 86 0.1
7 511 0.1
7 608 0.01
7 430 0.01
7 555 0.001
7 823 0.001
7 247 0.001
7 264 0.001
7 856 0.001
7 62 0.1
7 500 0.1
7 502 0.1
7 506 0.001
7 246 0.01
7 537 0.1
7 754 0.01
7 529 0.1
7 222 0.001
7 324 0.001
7 913 0.001
7 833 0.001
7 720 0.1
7 956 0.001
7 922 0.1
7 765 0.001
7 420 0.01
7 212 0.001
8 9 0.001
8 566 0.001
8 672 0.001
8 510 0.1
8 358 0.01
8 8 0.001
8 573 0.001
8 44 0.1
8 569 0.001
8 12 0.1
8 570 0.1
8 498 0.1
8 499 0.1
8 504 0.001
8 441 0.001
8 7 0.01
8 525 0.01
8 11 0.001
8 141 0.01
8 856 0.001
8 86 0.01
8 466 0.01
8 823 0.1
8 661 0.1
8 160 0.1
8 950 0.1
8 213 0.1
8 301 0.1
9 19 0.1
9 421 0.001
9 8 0.001
9 452 0.001
9 506 0.01
9 44 0.01
9 529 0.01
9 573 0.1
9 9 0.01
9 569 0.01
9 754 0.01
9 359 0.001
9 565 0.001
9 265 0.1
9 499 0.01
9 558 0.01
9 266 0.001
9 213 0.001
9 264 0.01
9 699 0.1
9 500 0.1
9 502 0.01
9 406 0.1
9 498 0.01
9 332 0.1
9 358 0.01
9 823 0.001
9 720 0.001
9 707 0.01
9 661 0.01
9 674 0.01
9 765 0.001
9 957 0.1
10 11 0.01
10 260 0.001
10 339 0.1
10 36 0.1
10 535 0.001
10 325 0.1
10 327 0.001
10 25 0.01
10 173 0.1
10 728 0.1
10 13 0.1
10 324 0.001
10 434 0.001
10 21 0.1
10 69 0.001
10 340 0.001
10 143 0.01
10 777 0.1
10 366 0.001
10 96 0.01
10 405 0.1
10 64 0.001
10 306 0.1
10 256 0.001
10 82 0.01
10 508 0.01
10 326 0.001
10 121 0.001
10 329 0.001
10 134 0.01
10 20 0.001
10 86 0.01
10 105 0.001
10 282 0.001
11 324 0.1
11 11 0.01
11 209 0.1
11 406 0.001
11 159 0.001
11 362 0.001
11 10 0.1
11 161 0.01
11 608 0.01
11 359 0.001
11 621 0.001
11 20 0.01
11 421 0.01
11 141 0.001
11 270 0.01
11 233 0.001
11 720 0.01
11 666 0.1
11 265 0.1
11 525 0.1
11 555 0.001
11 360 0.01
11 213 0.1
11 529 0.001
11 573 0.01
11 21 0.01
11 466 0.01
11 64 0.1
11 754 0.1
11 7 0.01
11 566 0.1
11 91 0.1
11 92 0.001
11 133 0.1
11 211 0.1
11 293 0.01
11 498 0.01
11 266 0.1
11 8 0.001
11 247 0.001
11 530 0.001
11 502 0.01
11 441 0.001
11 22 0.01
11 90 0.1
11 240 0.1
11 434 0.1
11 129 0.01
11 504 0.001
11 12 0.01
11 611 0.01
11 430 0.001
11 400 0.1
11 452 0.01
11 327 0.001
11 44 0.1
11 106 0.001
11 518 0.01
11 128 0.1
11 661 0.01
11 358 0.01
11 506 0.01
11 496 0.01
11 804 0.01
11 956 0.001
11 700 0.001
11 699 0.1
11 602 0.1
11 420 0.001
11 183 0.1
11 300 0.01
11 365 0.01
12 13 0.001
12 14 0.001
12 19 0.1
12 293 0.1
12 265 0.01
12 12 0.1
12 141 0.1
12 565 0.001
12 161 0.1
12 510 0.001
12 573 0.001
12 267 0.1
12 569 0.01
12 681 0.01
12 674 0.1
12 466 0.001
12 7 0.01
12 365 0.001
12 44 0.01
12 8 0.01
12 160 0.1
12 441 0.1
12 739 0.1
12 264 0.01
12 570 0.01
12 86 0.001
12 358 0.1
12 62 0.1
12 707 0.001
12 247 0.1
12 666 0.001
12 498 0.01
12 11 0.001
12 560 0.1
12 856 0.01
12 430 0.01
12 82 0.01
12 121 0.01
12 661 0.001
12 700 0.01
12 266 0.01
12 183 0.001
12 823 0.001
12 420 0.1
12 362 0.1
12 213 0.01
12 452 0.001
12 957 0.001
12 996 0.001
12 638 0.001
13 126 0.01
13 13 0.1
13 238 0.1
13 27 0.001
13 209 0.001
13 301 0.01
13 36 0.1
13 10 0.1
13 446 0.001
13 35 0.1
13 25 0.001
13 303 0.01
13 95 0.001
13 129 0.1
13 506 0.1
13 535 0.1
13 90 0.001
13 118 0.01
13 2 0.1
13 352 0.1
13 550 0.01
13 179 0.01
13 624 0.1
13 420 0.001
13 286 0.1
13 444 0.1
13 65 0.001
13 306 0.1
13 418 0.1
13 128 0.1
13 165 0.001
13 329 0.1
13 23 0.01
13 214 0.01
13 340 0.01
13 21 0.1
13 443 0.1
13 576 0.01
13 171 0.01
13 266 0.1
13 461 0.1
13 137 0.01
13 130 0.001
13 337 0.001
13 278 0.001
13 590 0.01
13 481 0.01
13 135 0.001
13 113 0.01
13 812 0.1
13 290 0.001
13 305 0.1
13 336 0.01
13 38 0.001
13 281 0.1
13 581 0.1
13 476 0.01
13 409 0.01
13 30 0.01
13 280 0.01
13 326 0.001
13 478 0.01
13 199 0.1
13 78 0.001
13 94 0.01
13 327 0.001
13 679 0.1
13 33 0.001
13 497 0.1
13 197 0.01
13 318 0.001
13 771 0.01
13 285 0.1
13 272 0.001
13 190 0.1
13 164 0.001
13 273 0.1
13 489 0.1
13 156 0.1
13 514 0.1
13 339 0.1
13 242 0.001
13 343 0.01
13 322 0.1
13 184 0.01
13 356 0.001
13 207 0.1
13 579 0.1
13 83 0.1
13 98 0.01
13 211 0.001
13 515 0.001
13 210 0.001
13 32 0.001
13 26 0.01
13 325 0.1
13 56 0.001
13 263 0.01
13 349 0.01
13 421 0.01
13 108 0.001
13 47 0.001
13 4 0.1
13 413 0.001
13 698 0.001
13 440 0.001
13 63 0.01
13 767 0.001
13 145 0.01
13 39 0.001
13 685 0.001
13 458 0.01
13 79 0.01
13 483 0.01
13 667 0.01
13 333 0.001
13 730 0.01
13 170 0.1
13 526 0.001
13 19 0.1
13 53 0.01
13 342 0.01
13 69 0.01
13 146 0.01
13 147 0.1
13 785 0.1
13 655 0.1
13 450 0.01
13 840 0.001
13 423 0.1
13 93 0.01
13 361 0.01
13 588 0.001
13 304 0.01
13 809 0.001
13 661 0.001
13 191 0.001
13 375 0.001
13 172 0.001
13 15 0.001
13 51 0.001
13 552 0.001
13 748 0.01
13 183 0.001
13 40 0.01
13 346 0.001
13 351 0.01
13 114 0.001
13 484 0.01
13 255 0.01
13 96 0.1
13 445 0.01
13 390 0.1
13 350 0.001
13 509 0.01
13 371 0.001
13 168 0.01
13 236 0.1
13 520 0.01
13 271 0.01
13 820 0.01
13 980 0.1
13 239 0.01
13 357 0.01
13 949 0.001
13 177 0.1
13 29 0.01
13 167 0.001
13 244 0.01
13 302 0.001
13 900 0.001
13 297 0.001
14 12 0.01
14 290 0.1
14 280 0.1
14 430 0.1
14 103 0.01
14 380 0.001
14 389 0.1
14 537 0.01
14 526 0.1
14 61 0.01
14 85 0.1
14 53 0.01
14 394 0.1
14 221 0.001
14 312 0.01
14 18 0.1
14 178 0.01
14 403 0.001
14 486 0.01
14 390 0.01
14 64 0.001
14 181 0.001
14 226 0.001
14 129 0.01
14 232 0.1
14 14 0.001
14 493 0.01
14 289 0.01
14 277 0.1
14 203 0.1
14 284 0.01
14 47 0.01
14 270 0.01
14 196 0.001
14 168 0.001
14 167 0.01
14 291 0.001
14 231 0.1
14 130 0.1
14 292 0.01
14 141 0.1
14 79 0.01
14 339 0.01
14 434 0.1
14 256 0.1
14 133 0.1
14 498 0.001
14 523 0.001
14 706 0.01
14 206 0.001
14 482 0.1
14 515 0.1
14 419 0.001
14 465 0.001
14 426 0.1
14 51 0.01
14 368 0.1
14 93 0.01
14 450 0.001
14 86 0.1
14 205 0.001
14 172 0.1
14 593 0.1
14 776 0.001
14 65 0.1
14 918 0.01
14 797 0.001
14 440 0.1
14 562 0.1
14 556 0.01
14 922 0.001
14 283 0.001
14 128 0.001
15 16 0.1
15 139 0.01
15 62 0.1
15 303 0.001
15 269 0.001
15 335 0.01
15 274 0.01
15 334 0.01
15 448 0.1
15 140 0.1
15 592 0.001
15 46 0.1
15 216 0.1
15 162 0.001
15 164 0.001
15 760 0.1
15 15 0.1
15 128 0.1
15 45 0.001
15 183 0.001
15 272 0.1
15 362 0.01
15 285 0.001
15 429 0.001
15 820 0.01
15 420 0.1
15 353 0.1
15 461 0.01
15 446 0.1
15 428 0.001
15 447 0.1
15 174 0.001
15 322 0.1
15 82 0.1
15 404 0.1
15 933 0.1
15 160 0.001
16 424 0.1
16 106 0.01
16 495 0.001
16 128 0.01
16 63 0.01
16 132 0.01
16 174 0.1
16 255 0.001
16 282 0.01
16 44 0.01
16 518 0.1
16 80 0.001
16 434 0.001
16 290 0.1
16 355 0.01
16 105 0.01
16 210 0.001
16 405 0.001
16 283 0.1
16 489 0.01
16 81 0.1
16 367 0.001
16 68 0.1
16 170 0.1
16 183 0.01
16 280 0.1
16 337 0.001
16 828 0.01
16 221 0.001
16 771 0.01
16 107 0.1
16 362 0.001
16 157 0.01
16 308 0.001
16 164 0.1
16 64 0.001
16 642 0.01
16 209 0.01
16 269 0.01
16 222 0.001
16 281 0.1
16 304 0.1
16 311 0.1
16 115 0.001
16 121 0.001
16 338 0.1
16 448 0.001
17 18 0.001
17 120 0.001
17 218 0.1
17 307 0.01
17 308 0.001
17 1 0.01
17 177 0.1
17 74 0.1
17 309 0.01
17 215 0.1
17 248 0.1
17 220 0.01
17 310 0.1
17 85 0.1
17 311 0.001
17 221 0.001
17 312 0.01
17 222 0.01
17 313 0.001
17 223 0.001
17 0 0.001
17 224 0.001
17 314 0.1
17 225 0.01
17 315 0.01
17 226 0.001
17 73 0.001
17 316 0.1
17 317 0.001
17 228 0.1
17 42 0.1
17 87 0.001
17 393 0.1
17 62 0.01
17 121 0.01
17 654 0.1
17 107 0.01
17 155 0.1
17 82 0.01
17 615 0.01
17 160 0.01
17 154 0.001
17 282 0.001
17 434 0.001
17 142 0.001
17 249 0.01
17 105 0.001
17 297 0.01
17 17 0.1
17 166 0.01
17 255 0.001
17 467 0.001
17 386 0.001
17 494 0.001
17 295 0.01
17 533 0.001
17 253 0.001
17 546 0.1
17 405 0.001
17 189 0.1
17 283 0.1
17 612 0.1
17 162 0.01
17 495 0.001
17 340 0.01
17 363 0.001
17 643 0.001
17 366 0.01
17 378 0.001
17 106 0.001
17 212 0.1
17 83 0.1
17 86 0.01
17 726 0.001
17 459 0.001
17 671 0.01
17 21 0.1
17 341 0.001
17 252 0.1
17 441 0.01
17 233 0.001
17 163 0.1
17 269 0.01
17 23 0.1
17 404 0.001
17 493 0.1
17 532 0.001
17 427 0.001
17 474 0.01
17 180 0.001
17 41 0.01
17 153 0.001
17 115 0.01
17 173 0.1
17 147 0.01
17 424 0.01
17 431 0.1
17 872 0.001
17 422 0.01
17 146 0.1
17 473 0.1
17 219 0.001
17 950 0.1
17 518 0.001
17 696 0.01
17 932 0.01
18 133 0.1
18 62 0.001
18 223 0.001
18 103 0.1
18 295 0.001
18 17 0.01
18 160 0.1
18 221 0.01
18 218 0.1
18 167 0.01
18 0 0.01
18 86 0.1
18 797 0.001
18 366 0.01
18 420 0.001
18 222 0.1
18 85 0.01
18 317 0.1
18 696 0.001
18 376 0.1
18 225 0.1
18 115 0.01
18 280 0.01
18 177 0.1
18 18 0.1
18 74 0.01
18 166 0.1
18 533 0.01
18 121 0.01
18 104 0.001
18 424 0.001
18 232 0.1
18 310 0.1
18 419 0.01
18 852 0.1
18 182 0.01
18 301 0.01
18 215 0.01
18 219 0.1
18 107 0.1
18 120 0.001
18 365 0.01
19 62 0.01
19 12 0.1
19 267 0.1
19 161 0.01
19 265 0.1
19 362 0.01
19 7 0.001
19 473 0.01
19 513 0.001
19 441 0.01
19 183 0.001
19 19 0.1
19 570 0.1
19 666 0.001
19 661 0.01
19 506 0.001
19 293 0.001
19 44 0.001
19 550 0.01
19 331 0.01
19 510 0.001
19 555 0.1
19 504 0.01
19 754 0.01
19 707 0.001
19 142 0.01
19 674 0.001
19 430 0.01
19 366 0.01
19 107 0.01
19 141 0.1
19 499 0.1
19 700 0.001
19 264 0.01
19 459 0.001
19 856 0.001
19 533 0.01
19 365 0.001
19 49 0.1
19 573 0.001
19 249 0.001
19 569 0.001
19 83 0.1
19 160 0.1
19 823 0.01
19 549 0.1
19 421 0.01
19 434 0.001
19 360 0.1
19 452 0.001
19 957 0.1
19 42 0.1
19 184 0.01
19 11 0.1
19 525 0.001
19 268 0.001
19 121 0.001
19 420 0.001
20 21 0.001
20 22 0.001
20 86 0.1
20 230 0.01
20 495 0.01
20 106 0.001
20 188 0.1
20 173 0.1
20 62 0.1
20 92 0.001
20 11 0.1
20 68 0.1
20 728 0.001
20 259 0.1
20 459 0.001
20 72 0.01
20 400 0.01
20 20 0.01
20 137 0.01
20 520 0.01
20 409 0.1
20 127 0.01
20 74 0.01
20 81 0.01
20 287 0.001
20 82 0.1
20 160 0.01
20 327 0.01
20 80 0.001
20 715 0.01
20 536 0.1
20 187 0.01
20 480 0.001
20 223 0.01
20 83 0.01
20 222 0.001
20 142 0.01
20 96 0.001
20 166 0.001
20 885 0.1
20 887 0.01
20 215 0.1
20 326 0.1
20 424 0.001
20 366 0.01
20 282 0.01
20 28 0.1
20 301 0.001
20 932 0.1
20 260 0.01
20 10 0.001
20 42 0.1
20 329 0.1
20 271 0.01
21 72 0.01
21 22 0.1
21 173 0.01
21 325 0.001
21 10 0.01
21 20 0.1
21 306 0.01
21 326 0.01
21 327 0.01
21 230 0.001
21 68 0.001
21 212 0.001
21 74 0.001
21 520 0.001
21 363 0.1
21 92 0.01
21 106 0.001
21 105 0.01
21 495 0.01
21 364 0.01
21 96 0.1
21 127 0.1
21 624 0.1
21 308 0.01
21 695 0.01
21 107 0.001
21 62 0.01
21 121 0.1
21 489 0.01
21 728 0.001
21 82 0.01
21 42 0.001
21 29 0.1
21 81 0.001
21 13 0.001
21 137 0.1
21 283 0.1
21 420 0.1
21 367 0.1
21 214 0.001
21 686 0.01
21 715 0.1
21 329 0.01
21 28 0.001
21 114 0.001
21 169 0.01
21 642 0.001
21 44 0.001
21 278 0.001
21 314 0.01
21 1 0.01
21 129 0.1
21 128 0.1
21 254 0.001
21 434 0.01
21 787 0.01
21 5 0.001
21 11 0.001
21 64 0.01
21 405 0.001
21 46 0.001
21 303 0.1
21 462 0.1
21 21 0.01
21 41 0.1
21 183 0.1
21 400 0.1
21 518 0.1
21 548 0.1
21 467 0.1
21 187 0.001
21 249 0.001
21 550 0.01
21 160 0.1
21 80 0.001
21 671 0.01
21 371 0.1
21 647 0.01
21 260 0.001
21 259 0.1
21 253 0.1
21 357 0.01
21 36 0.001
21 459 0.1
21 480 0.1
21 820 0.1
21 17 0.01
21 221 0.01
21 272 0.001
21 274 0.1
21 87 0.001
21 537 0.1
21 280 0.01
21 256 0.1
21 83 0.01
21 533 0.1
21 174 0.1
21 6 0.1
21 86 0.1
21 145 0.01
21 282 0.01
21 188 0.1
21 690 0.1
21 222 0.01
21 615 0.01
21 424 0.001
21 287 0.01
21 409 0.1
21 146 0.01
21 189 0.01
21 551 0.001
21 777 0.1
21 355 0.1
21 296 0.1
21 210 0.01
21 166 0.1
21 115 0.001
21 375 0.01
21 896 0.01
21 211 0.001
21 966 0.1
21 581 0.001
21 118 0.1
21 365 0.01
21 513 0.001
21 184 0.1
21 333 0.001
21 152 0.01
21 301 0.1
22 21 0.1
22 20 0.1
22 92 0.001
22 35 0.001
22 258 0.01
22 22 0.01
22 137 0.01
22 173 0.001
22 520 0.1
22 127 0.001
22 686 0.01
22 11 0.1
22 301 0.1
22 155 0.01
23 24 0.001
23 25 0.1
23 26 0.1
23 27 0.1
23 28 0.1
23 29 0.01
23 30 0.01
23 31 0.1
23 32 0.001
23 33 0.01
23 34 0.01
23 35 0.01
23 36 0.001
23 37 0.01
23 38 0.01
23 39 0.001
23 40 0.001
23 115 0.001
23 434 0.01
23 62 0.1
23 460 0.001
23 590 0.01
23 251 0.01
23 588 0.001
23 417 0.1
23 13 0.001
23 785 0.001
23 438 0.1
23 165 0.01
23 23 0.01
23 87 0.001
23 301 0.1
23 160 0.01
23 166 0.1
23 116 0.1
23 170 0.1
23 427 0.1
23 215 0.01
23 333 0.01
23 107 0.01
23 464 0.001
23 128 0.1
23 220 0.1
23 367 0.01
23 96 0.001
23 494 0.01
23 121 0.001
23 480 0.001
23 212 0.1
23 261 0.1
23 229 0.1
23 82 0.1
23 172 0.1
23 820 0.01
23 422 0.001
23 135 0.001
23 953 0.1
23 964 0.01
23 171 0.01
23 950 0.1
23 151 0.01
23 337 0.01
23 932 0.01
23 421 0.001
24 96 0.01
24 35 0.1
24 40 0.001
24 27 0.01
24 23 0.01
24 494 0.001
24 64 0.01
24 654 0.1
24 261 0.1
24 29 0.001
24 30 0.1
24 609 0.1
24 28 0.1
24 24 0.001
24 37 0.1
24 31 0.001
24 440 0.1
24 25 0.01
24 26 0.01
24 32 0.01
24 33 0.1
24 34 0.1
24 590 0.1
24 36 0.001
24 38 0.001
24 39 0.001
24 588 0.001
24 545 0.1
24 114 0.001
24 169 0.001
24 151 0.01
24 964 0.001
24 367 0.01
24 988 0.001
24 953 0.1
24 997 0.01
24 411 0.1
25 438 0.01
25 23 0.001
25 654 0.01
25 36 0.1
25 10 0.001
25 38 0.01
25 40 0.001
25 34 0.001
25 26 0.01
25 473 0.001
25 30 0.01
25 361 0.1
25 459 0.001
25 545 0.001
25 301 0.001
25 588 0.1
25 133 0.1
25 24 0.1
26 38 0.01
26 40 0.001
26 25 0.01
26 23 0.1
26 24 0.1
26 251 0.001
26 27 0.001
26 654 0.001
26 35 0.01
26 370 0.01
26 29 0.01
26 32 0.1
26 135 0.1
26 590 0.1
26 438 0.1
26 170 0.1
26 442 0.001
26 34 0.001
26 588 0.1
26 47 0.1
26 26 0.01
26 953 0.01
26 28 0.01
27 23 0.1
27 370 0.001
27 116 0.1
27 136 0.01
27 24 0.01
27 25 0.1
27 26 0.001
27 27 0.001
27 28 0.01
27 29 0.01
27 30 0.1
27 721 0.001
27 31 0.001
27 32 0.1
27 722 0.1
27 33 0.001
27 34 0.01
27 35 0.001
27 36 0.001
27 37 0.01
27 38 0.01
27 39 0.01
27 40 0.1
27 588 0.001
27 545 0.1
27 361 0.01
27 93 0.01
27 590 0.1
27 437 0.001
27 197 0.001
27 51 0.001
27 165 0.1
27 261 0.1
27 878 0.001
27 62 0.01
27 170 0.01
27 338 0.1
27 135 0.001
27 301 0.001
27 438 0.001
27 494 0.1
27 121 0.001
27 953 0.1
27 997 0.001
27 883 0.001
28 36 0.001
28 35 0.01
28 23 0.1
28 114 0.001
28 165 0.001
28 169 0.1
28 367 0.001
28 338 0.01
28 113 0.001
28 365 0.01
28 438 0.001
28 62 0.1
28 128 0.1
28 160 0.01
28 39 0.001
28 29 0.1
28 30 0.1
28 363 0.001
28 351 0.1
28 37 0.01
28 212 0.01
28 21 0.01
28 27 0.1
28 133 0.01
28 340 0.01
28 129 0.1
28 170 0.1
28 434 0.01
28 31 0.1
28 424 0.01
28 25 0.01
28 26 0.1
28 721 0.01
28 32 0.01
28 722 0.1
28 33 0.1
28 34 0.1
28 590 0.1
28 38 0.1
28 40 0.1
28 588 0.001
28 545 0.1
28 249 0.1
28 183 0.001
28 329 0.1
28 24 0.001
28 46 0.01
28 116 0.01
28 107 0.1
28 339 0.1
28 229 0.1
28 87 0.1
28 96 0.1
28 419 0.01
28 405 0.1
28 86 0.001
28 172 0.001
28 63 0.1
28 278 0.01
28 303 0.01
28 28 0.01
28 51 0.001
28 115 0.001
28 80 0.01
28 44 0.01
28 81 0.1
28 914 0.01
28 105 0.01
28 953 0.001
28 256 0.01
28 20 0.1
28 151 0.001
28 952 0.1
28 877 0.1
28 473 0.1
28 301 0.01
28 932 0.001
28 420 0.1
29 40 0.1
29 420 0.01
29 23 0.01
29 438 0.01
29 25 0.1
29 26 0.01
29 27 0.001
29 30 0.1
29 33 0.1
29 34 0.001
29 35 0.01
29 38 0.01
29 39 0.1
29 545 0.001
29 51 0.1
29 24 0.1
29 28 0.1
29 31 0.1
29 32 0.1
29 36 0.001
29 37 0.001
29 588 0.001
29 560 0.01
29 151 0.1
29 473 0.001
29 113 0.01
29 417 0.001
29 21 0.001
29 29 0.001
29 229 0.001
29 331 0.001
29 409 0.01
29 361 0.01
29 590 0.01
29 5 0.1
29 133 0.1
29 183 0.001
29 533 0.01
29 443 0.001
29 116 0.001
29 62 0.01
29 301 0.01
29 169 0.001
29 486 0.01
29 964 0.01
29 459 0.1
30 25 0.01
30 36 0.1
30 41 0.01
30 23 0.1
30 62 0.01
30 438 0.001
30 609 0.001
30 35 0.001
30 28 0.01
30 32 0.1
30 29 0.1
30 151 0.01
30 27 0.001
30 31 0.1
30 165 0.001
30 434 0.1
30 764 0.1
30 133 0.001
30 367 0.1
30 820 0.1
30 44 0.1
30 39 0.001
30 128 0.001
30 51 0.001
30 261 0.1
30 30 0.001
30 24 0.01
30 169 0.01
30 251 0.1
30 424 0.1
30 129 0.001
30 339 0.001
30 26 0.01
30 590 0.1
30 38 0.1
30 40 0.001
30 588 0.1
30 545 0.001
30 33 0.001
30 34 0.001
30 37 0.1
30 172 0.1
30 82 0.01
30 115 0.01
30 366 0.1
30 263 0.001
30 546 0.001
30 721 0.1
30 337 0.01
30 417 0.01
30 116 0.001
30 336 0.01
30 136 0.1
30 135 0.01
30 86 0.1
30 160 0.001
30 121 0.01
31 23 0.001
31 31 0.1
31 229 0.1
31 36 0.1
31 155 0.001
31 438 0.1
31 256 0.1
31 367 0.1
31 142 0.1
31 37 0.1
31 424 0.1
31 28 0.001
31 338 0.001
31 427 0.01
31 261 0.001
31 30 0.001
31 165 0.001
31 170 0.1
31 96 0.1
31 24 0.1
31 151 0.1
31 39 0.001
31 29 0.1
31 121 0.001
31 198 0.1
31 162 0.01
31 33 0.001
31 40 0.001
31 35 0.001
31 32 0.001
31 143 0.001
31 123 0.01
31 27 0.01
31 361 0.1
31 135 0.001
31 612 0.01
31 337 0.1
31 115 0.001
31 82 0.1
31 51 0.001
31 282 0.1
31 254 0.001
31 107 0.01
32 23 0.001
32 26 0.1
32 438 0.01
32 30 0.01
32 251 0.001
32 113 0.001
32 654 0.001
32 27 0.1
32 361 0.1
32 261 0.01
32 32 0.1
32 533 0.1
32 417 0.01
32 24 0.1
32 40 0.01
32 151 0.001
32 33 0.01
32 31 0.1
32 590 0.1
32 35 0.001
32 28 0.001
32 165 0.001
32 883 0.001
33 23 0.1
33 40 0.1
33 35 0.1
33 438 0.001
33 28 0.01
33 878 0.001
33 113 0.001
33 443 0.01
33 615 0.1
33 27 0.01
33 33 0.001
33 34 0.001
33 29 0.01
33 30 0.001
33 31 0.001
33 39 0.01
33 590 0.001
33 282 0.1
33 32 0.001
34 35 0.001
34 25 0.01
34 38 0.1
34 40 0.01
34 54 0.001
34 361 0.01
34 23 0.01
34 27 0.001
34 34 0.01
34 151 0.1
34 28 0.001
34 24 0.001
34 26 0.001
34 29 0.01
34 30 0.1
34 31 0.01
34 32 0.01
34 33 0.01
34 590 0.1
34 36 0.001
34 37 0.01
34 39 0.001
34 588 0.001
34 438 0.1
34 434 0.1
34 5 0.01
35 62 0.1
35 438 0.001
35 24 0.01
35 28 0.1
35 23 0.01
35 51 0.01
35 34 0.1
35 27 0.1
35 129 0.001
35 33 0.01
35 29 0.1
35 434 0.001
35 39 0.01
35 168 0.01
35 151 0.01
35 30 0.1
35 5 0.1
35 35 0.1
35 301 0.01
35 25 0.01
35 26 0.001
35 31 0.1
35 32 0.1
35 590 0.01
35 36 0.001
35 37 0.01
35 38 0.01
35 40 0.1
35 588 0.1
35 170 0.1
35 128 0.01
35 165 0.01
35 367 0.1
35 107 0.1
35 655 0.1
35 878 0.01
35 464 0.001
35 14 0.001
35 261 0.1
35 486 0.01
35 121 0.1
35 338 0.001
35 114 0.01
35 473 0.1
36 129 0.1
36 28 0.001
36 30 0.1
36 31 0.1
36 10 0.1
36 165 0.1
36 23 0.01
36 545 0.1
36 29 0.01
36 438 0.01
36 36 0.001
36 21 0.01
36 588 0.1
36 113 0.1
36 48 0.01
36 121 0.1
36 367 0.001
36 169 0.1
36 25 0.01
36 183 0.01
37 37 0.001
37 30 0.01
37 36 0.001
37 86 0.1
37 229 0.1
37 28 0.001
37 23 0.001
37 34 0.1
37 35 0.01
37 261 0.1
37 25 0.001
37 26 0.01
37 27 0.001
37 29 0.1
37 721 0.1
37 31 0.1
37 32 0.001
37 33 0.01
37 38 0.01
37 39 0.001
37 40 0.001
37 588 0.001
37 545 0.01
37 96 0.001
37 48 0.001
37 151 0.001
37 123 0.1
37 667 0.001
37 24 0.001
37 590 0.1
37 112 0.001
37 338 0.001
38 25 0.01
38 26 0.1
38 40 0.001
38 443 0.01
38 370 0.01
38 245 0.1
38 417 0.001
38 547 0.001
38 48 0.01
38 171 0.001
38 23 0.01
38 438 0.01
38 339 0.001
38 722 0.01
38 86 0.001
38 409 0.001
38 35 0.001
38 27 0.001
38 116 0.1
38 170 0.001
38 847 0.01
38 113 0.001
38 30 0.01
38 38 0.001
38 28 0.1
38 915 0.1
38 47 0.1
38 579 0.01
38 592 0.01
38 321 0.1
38 165 0.1
38 329 0.001
38 421 0.1
38 474 0.01
38 258 0.001
38 31 0.01
38 29 0.001
38 33 0.1
38 590 0.01
38 37 0.1
38 39 0.1
39 28 0.01
39 23 0.001
39 86 0.001
39 34 0.01
39 35 0.1
39 39 0.01
39 480 0.01
39 29 0.01
39 455 0.01
39 40 0.001
39 494 0.1
39 437 0.1
39 114 0.01
39 165 0.001
39 883 0.001
39 27 0.1
40 26 0.01
40 29 0.001
40 171 0.001
40 251 0.01
40 370 0.001
40 35 0.001
40 48 0.1
40 438 0.001
40 37 0.01
40 417 0.01
40 25 0.001
40 27 0.1
40 28 0.1
40 30 0.1
40 33 0.001
40 34 0.01
40 38 0.01
40 39 0.01
40 545 0.1
40 448 0.1
40 590 0.1
40 32 0.1
40 245 0.1
40 113 0.1
40 547 0.1
40 75 0.01
40 24 0.1
40 23 0.001
40 361 0.001
40 261 0.001
40 151 0.01
40 442 0.1
40 135 0.1
40 47 0.001
40 560 0.01
40 170 0.001
40 847 0.1
40 119 0.001
40 533 0.01
40 443 0.1
40 31 0.1
40 409 0.1
40 753 0.001
40 725 0.01
40 917 0.1
40 318 0.01
40 93 0.001
40 953 0.1
40 919 0.01
40 900 0.01
40 40 0.1
40 964 0.001
40 816 0.1
41 42 0.1
41 51 0.1
41 85 0.1
41 86 0.001
41 87 0.001
41 93 0.1
41 94 0.1
41 95 0.01
41 196 0.001
41 197 0.01
41 198 0.001
41 199 0.01
41 200 0.001
41 167 0.1
41 201 0.001
41 202 0.001
41 203 0.001
41 204 0.1
41 205 0.1
41 206 0.01
41 207 0.01
41 128 0.1
41 62 0.01
41 28 0.1
41 280 0.001
41 133 0.1
41 114 0.001
41 123 0.001
41 165 0.1
41 483 0.001
41 169 0.1
41 136 0.01
41 113 0.001
41 464 0.01
41 581 0.01
41 30 0.01
41 232 0.1
41 593 0.01
41 482 0.01
41 47 0.001
41 336 0.01
41 171 0.01
41 443 0.001
41 352 0.01
41 107 0.001
41 776 0.001
41 212 0.1
41 166 0.01
41 121 0.01
41 612 0.01
41 160 0.001
41 546 0.001
41 601 0.01
41 23 0.01
41 493 0.001
41 474 0.1
41 180 0.01
41 115 0.1
41 801 0.01
41 63 0.1
41 105 0.1
41 215 0.1
41 434 0.01
41 14 0.001
41 256 0.1
41 249 0.01
41 820 0.001
41 5 0.01
41 460 0.1
41 41 0.001
41 751 0.1
41 908 0.1
41 917 0.1
41 918 0.001
42 41 0.1
42 74 0.01
42 87 0.01
42 190 0.001
42 249 0.01
42 183 0.1
42 81 0.01
42 115 0.1
42 405 0.01
42 17 0.1
42 145 0.1
42 147 0.001
42 226 0.1
42 560 0.1
42 184 0.1
42 642 0.1
42 329 0.1
42 474 0.01
42 169 0.1
42 453 0.1
42 44 0.001
42 187 0.1
42 160 0.01
42 106 0.001
42 129 0.01
42 128 0.01
42 215 0.001
42 434 0.1
42 493 0.001
42 667 0.001
42 20 0.1
42 245 0.001
42 188 0.01
42 5 0.001
42 105 0.1
42 42 0.001
42 58 0.001
42 612 0.01
42 280 0.1
42 19 0.001
42 83 0.01
42 64 0.01
42 372 0.001
42 820 0.1
42 23 0.001
42 427 0.01
42 333 0.01
42 243 0.01
42 143 0.1
42 212 0.1
42 296 0.01
42 209 0.001
42 422 0.01
42 492 0.01
42 459 0.01
42 495 0.001
42 163 0.001
42 255 0.01
42 490 0.01
42 671 0.001
42 473 0.01
42 756 0.001
42 300 0.001
42 607 0.1
42 166 0.01
42 221 0.001
42 343 0.001
43 44 0.1
43 358 0.001
43 406 0.001
43 407 0.01
43 43 0.001
43 505 0.1
43 499 0.1
43 498 0.01
44 362 0.01
44 293 0.001
44 407 0.1
44 44 0.001
44 500 0.001
44 43 0.1
44 365 0.001
44 430 0.01
44 506 0.1
44 183 0.001
44 19 0.1
44 161 0.01
44 106 0.01
44 249 0.01
44 406 0.01
44 358 0.01
44 374 0.1
44 324 0.01
44 166 0.1
44 16 0.1
44 212 0.001
44 12 0.1
44 434 0.001
44 405 0.1
44 499 0.001
44 501 0.1
44 805 0.001
44 502 0.001
44 503 0.001
44 7 0.01
44 729 0.1
44 504 0.1
44 332 0.001
44 141 0.001
44 8 0.001
44 62 0.1
44 569 0.01
44 573 0.1
44 661 0.01
44 86 0.001
44 129 0.1
44 441 0.1
44 360 0.001
44 160 0.01
44 555 0.1
44 565 0.001
44 30 0.1
44 51 0.001
44 133 0.01
44 856 0.1
44 121 0.1
44 128 0.01
44 283 0.1
44 82 0.001
44 419 0.01
44 699 0.001
44 550 0.1
44 549 0.001
44 107 0.001
44 424 0.01
44 211 0.01
44 9 0.01
44 11 0.01
44 754 0.001
44 366 0.01
44 956 0.001
44 951 0.01
44 359 0.001
44 213 0.001
44 246 0.1
44 765 0.001
44 967 0.01
44 525 0.1
44 672 0.01
44 649 0.01
44 913 0.001
44 105 0.01
44 526 0.01
44 459 0.01
44 155 0.1
44 932 0.001
44 529 0.1
44 10 0.01
45 46 0.1
45 461 0.1
45 269 0.001
45 45 0.01
45 371 0.001
45 322 0.01
45 15 0.1
45 274 0.1
45 216 0.01
45 140 0.01
45 272 0.01
45 164 0.01
45 107 0.01
45 428 0.001
45 445 0.1
45 62 0.01
45 838 0.01
45 273 0.1
45 448 0.1
45 300 0.1
45 429 0.1
45 405 0.1
45 447 0.01
45 335 0.1
45 419 0.01
45 640 0.1
45 404 0.01
45 424 0.1
45 124 0.01
45 282 0.001
45 892 0.1
45 162 0.001
45 142 0.01
45 271 0.001
45 139 0.1
45 301 0.01
45 16 0.01
45 933 0.01
46 139 0.001
46 15 0.01
46 273 0.01
46 272 0.01
46 274 0.01
46 164 0.01
46 216 0.001
46 45 0.001
46 46 0.001
46 429 0.01
46 269 0.1
46 303 0.01
46 210 0.1
46 371 0.01
46 211 0.001
46 63 0.001
46 236 0.001
46 174 0.01
46 140 0.001
46 446 0.001
46 428 0.01
46 448 0.1
46 129 0.1
46 106 0.001
46 592 0.001
46 434 0.01
46 21 0.01
46 329 0.01
46 495 0.001
46 114 0.001
46 169 0.01
46 16 0.001
46 461 0.01
46 155 0.001
46 256 0.01
46 424 0.001
46 300 0.01
46 447 0.001
46 355 0.001
46 283 0.1
46 322 0.001
46 96 0.01
46 405 0.001
46 121 0.01
46 132 0.001
46 128 0.1
46 3 0.001
46 137 0.001
46 812 0.001
47 48 0.001
47 339 0.01
47 443 0.01
47 41 0.001
47 114 0.1
47 116 0.001
47 455 0.001
47 113 0.01
47 86 0.1
47 483 0.01
47 168 0.1
47 172 0.001
47 129 0.001
47 547 0.01
47 263 0.1
47 482 0.01
47 79 0.1
47 40 0.1
47 47 0.01
47 333 0.001
47 160 0.001
47 427 0.001
47 361 0.001
47 14 0.1
47 96 0.01
47 417 0.001
47 76 0.1
47 220 0.001
47 251 0.001
47 135 0.001
47 38 0.01
47 26 0.1
47 318 0.1
47 107 0.01
47 847 0.001
47 437 0.001
47 925 0.001
48 47 0.1
48 50 0.01
48 75 0.01
48 527 0.1
48 252 0.001
48 40 0.01
48 114 0.001
48 455 0.001
48 263 0.01
48 361 0.01
48 442 0.001
48 245 0.1
48 443 0.1
48 76 0.01
48 417 0.01
48 485 0.01
48 113 0.001
48 444 0.01
48 423 0.001
48 171 0.1
48 547 0.01
48 333 0.1
48 643 0.1
48 229 0.001
48 96 0.01
48 318 0.01
48 105 0.001
48 211 0.001
48 36 0.1
48 212 0.001
48 654 0.01
48 37 0.01
48 115 0.001
48 427 0.001
48 151 0.1
48 367 0.001
48 492 0.1
48 261 0.001
48 48 0.01
48 486 0.1
48 437 0.1
48 372 0.1
48 84 0.001
48 338 0.001
48 847 0.01
48 39 0.01
48 482 0.01
48 165 0.01
48 166 0.1
48 678 0.01
48 27 0.1
49 50 0.1
49 84 0.001
49 71 0.1
49 297 0.1
49 433 0.001
49 612 0.1
49 49 0.001
49 87 0.001
49 643 0.1
49 83 0.01
50 87 0.1
50 49 0.1
50 71 0.01
50 84 0.1
50 48 0.001
50 643 0.001
50 50 0.01
50 217 0.01
50 433 0.01
50 431 0.01
50 152 0.001
50 654 0.01
51 41 0.001
51 280 0.001
51 133 0.01
51 29 0.001
51 232 0.01
51 51 0.001
51 141 0.1
51 35 0.001
51 113 0.01
51 160 0.1
51 199 0.001
51 197 0.01
51 109 0.001
51 593 0.001
51 557 0.001
51 581 0.1
51 128 0.01
51 205 0.1
51 399 0.001
51 371 0.001
51 445 0.1
51 820 0.001
51 85 0.001
51 143 0.001
51 93 0.001
51 44 0.001
51 114 0.1
51 27 0.001
51 30 0.01
51 165 0.01
51 201 0.01
51 79 0.1
51 118 0.001
51 283 0.01
51 409 0.001
51 82 0.001
51 362 0.01
51 28 0.1
51 124 0.001
51 95 0.1
51 498 0.001
51 375 0.001
51 112 0.1
51 917 0.01
51 64 0.01
51 100 0.01
51 196 0.1
51 200 0.01
52 53 0.1
52 185 0.1
52 52 0.001
52 368 0.01
52 232 0.1
52 595 0.01
52 146 0.1
52 537 0.01
52 1 0.1
52 314 0.1
52 103 0.001
52 781 0.1
52 814 0.1
52 820 0.01
52 61 0.01
52 157 0.1
52 397 0.1
52 221 0.01
52 301 0.01
52 377 0.1
52 719 0.01
52 197 0.01
52 128 0.01
52 786 0.01
53 280 0.1
53 397 0.01
53 232 0.01
53 466 0.1
53 129 0.01
53 182 0.001
53 231 0.01
53 215 0.01
53 820 0.01
53 434 0.1
53 128 0.001
53 157 0.01
53 440 0.1
53 103 0.001
53 380 0.01
53 389 0.1
53 61 0.001
53 85 0.001
53 394 0.1
53 312 0.1
53 537 0.001
53 526 0.1
53 465 0.1
53 221 0.1
53 18 0.01
53 14 0.1
53 178 0.01
53 403 0.001
53 486 0.01
53 420 0.01
53 82 0.001
54 55 0.1
54 56 0.001
54 57 0.001
54 58 0.1
54 59 0.1
54 54 0.1
54 211 0.01
54 281 0.001
54 34 0.001
54 305 0.1
54 6 0.01
54 481 0.01
54 137 0.1
54 194 0.01
54 285 0.01
54 803 0.01
54 63 0.01
54 520 0.1
54 208 0.01
54 738 0.001
54 412 0.01
54 665 0.001
54 809 0.001
54 2 0.001
54 304 0.1
54 96 0.01
54 89 0.1
54 88 0.001
54 411 0.01
54 249 0.1
54 438 0.001
54 698 0.1
54 685 0.1
54 552 0.01
54 532 0.1
54 138 0.1
54 271 0.1
54 826 0.01
54 132 0.1
54 166 0.01
54 812 0.1
54 252 0.001
54 949 0.01
54 174 0.001
54 131 0.01
54 126 0.001
54 807 0.01
54 107 0.001
55 58 0.01
55 54 0.001
55 56 0.1
55 57 0.01
55 107 0.1
55 59 0.01
55 55 0.1
55 211 0.001
55 481 0.01
55 305 0.1
55 718 0.1
55 208 0.01
55 160 0.001
55 552 0.1
55 6 0.1
55 411 0.1
55 533 0.001
55 698 0.01
55 738 0.001
55 126 0.001
55 809 0.01
55 520 0.01
55 271 0.001
55 166 0.01
55 412 0.01
55 2 0.01
55 285 0.001
55 665 0.001
55 685 0.01
55 193 0.001
55 3 0.001
55 86 0.001
55 950 0.01
55 131 0.1
55 949 0.001
55 1004 0.001
56 55 0.01
56 54 0.1
56 59 0.01
56 58 0.001
56 96 0.1
56 57 0.1
56 303 0.01
56 89 0.001
56 610 0.01
56 619 0.01
56 63 0.1
56 3 0.001
56 286 0.01
56 174 0.01
56 532 0.001
56 138 0.01
56 56 0.1
56 520 0.001
56 718 0.1
56 211 0.001
56 305 0.01
56 809 0.01
56 137 0.01
56 685 0.1
56 738 0.001
56 481 0.001
56 271 0.001
56 826 0.01
56 865 0.001
56 412 0.001
56 698 0.001
56 209 0.01
56 880 0.1
56 6 0.001
56 194 0.01
56 126 0.001
56 2 0.001
56 408 0.1
56 859 0.1
56 4 0.001
56 921 0.001
57 137 0.1
57 55 0.001
57 96 0.01
57 208 0.001
57 58 0.01
57 520 0.01
57 57 0.001
57 481 0.001
57 63 0.1
57 89 0.001
57 286 0.01
57 285 0.01
57 412 0.001
57 211 0.1
57 532 0.001
57 685 0.01
57 2 0.1
57 56 0.1
57 59 0.01
57 138 0.001
57 303 0.001
57 610 0.01
57 619 0.1
57 174 0.001
57 738 0.1
57 408 0.001
57 305 0.001
57 4 0.1
57 815 0.1
57 849 0.001
57 604 0.1
57 64 0.001
57 809 0.01
57 460 0.001
57 552 0.1
57 54 0.1
57 243 0.001
57 160 0.01
57 411 0.01
57 271 0.01
57 194 0.001
57 812 0.001
57 3 0.01
57 601 0.001
57 880 0.01
57 195 0.1
57 6 0.001
57 281 0.1
57 683 0.01
57 859 0.1
57 252 0.01
57 5 0.001
57 240 0.001
57 193 0.001
57 304 0.001
57 88 0.001
57 924 0.001
57 302 0.1
57 126 0.001
57 949 0.01
58 57 0.01
58 208 0.1
58 162 0.1
58 305 0.1
58 366 0.01
58 252 0.001
58 404 0.01
58 55 0.001
58 56 0.1
58 59 0.001
58 209 0.01
58 63 0.1
58 2 0.001
58 54 0.001
58 552 0.001
58 195 0.01
58 4 0.001
58 546 0.01
58 62 0.1
58 115 0.1
58 286 0.1
58 665 0.01
58 211 0.01
58 233 0.1
58 285 0.01
58 5 0.001
58 282 0.001
58 84 0.001
58 107 0.001
58 154 0.1
58 96 0.01
58 175 0.1
58 254 0.001
58 408 0.01
58 137 0.001
58 520 0.001
58 105 0.01
58 212 0.1
58 249 0.1
58 193 0.001
58 411 0.001
58 281 0.1
58 58 0.001
58 121 0.01
58 82 0.001
58 142 0.1
58 612 0.01
58 533 0.01
58 481 0.001
58 518 0.001
58 412 0.001
58 160 0.001
58 145 0.001
58 194 0.1
58 131 0.01
58 738 0.001
58 303 0.1
58 809 0.001
58 3 0.001
58 615 0.001
58 685 0.01
58 654 0.1
58 138 0.1
58 174 0.1
58 271 0.1
58 132 0.01
58 88 0.001
58 210 0.01
58 89 0.01
58 371 0.1
58 462 0.001
58 126 0.01
58 283 0.01
58 288 0.001
58 431 0.1
58 424 0.01
58 87 0.01
58 803 0.001
58 826 0.1
58 586 0.01
58 832 0.01
58 81 0.001
58 422 0.001
58 243 0.1
58 434 0.1
58 304 0.1
58 166 0.001
58 256 0.1
58 333 0.001
58 244 0.1
58 372 0.1
58 6 0.01
58 83 0.001
58 183 0.01
58 13 0.01
58 215 0.001
58 698 0.01
58 859 0.1
58 880 0.1
58 159 0.001
58 158 0.001
58 373 0.001
58 812 0.1
58 86 0.001
58 129 0.01
58 587 0.001
58 814 0.01
58 597 0.1
58 498 0.1
58 664 0.1
58 845 0.01
58 950 0.01
58 155 0.01
58 601 0.1
58 921 0.001
59 520 0.1
59 137 0.001
59 55 0.1
59 54 0.1
59 56 0.01
59 58 0.01
59 481 0.001
59 3 0.1
59 5 0.1
59 59 0.001
59 586 0.001
59 685 0.01
59 4 0.1
59 738 0.1
59 132 0.1
59 57 0.01
59 303 0.1
59 89 0.001
59 610 0.1
59 619 0.001
59 63 0.001
59 2 0.1
59 408 0.01
59 305 0.01
59 96 0.001
59 412 0.01
59 160 0.01
59 194 0.01
59 809 0.1
59 865 0.1
59 138 0.1
59 192 0.001
59 195 0.001
59 698 0.1
59 252 0.1
59 285 0.001
59 286 0.1
59 812 0.001
59 845 0.01
59 971 0.01
59 859 0.1
59 886 0.001
59 6 0.01
59 990 0.001
60 61 0.1
60 377 0.01
60 232 0.001
60 150 0.01
60 296 0.1
60 179 0.01
60 103 0.1
60 181 0.001
60 219 0.001
60 376 0.001
60 172 0.001
60 167 0.1
60 231 0.01
60 122 0.001
60 95 0.1
60 283 0.001
60 381 0.001
60 295 0.1
60 352 0.01
60 320 0.1
60 388 0.01
60 394 0.01
60 390 0.01
60 342 0.01
60 389 0.001
60 378 0.001
60 104 0.01
60 60 0.01
60 275 0.001
60 321 0.001
60 177 0.1
60 133 0.1
60 380 0.01
60 157 0.1
60 392 0.1
60 393 0.1
60 182 0.1
60 397 0.01
60 379 0.1
60 384 0.001
60 385 0.001
60 387 0.001
60 391 0.01
60 250 0.1
60 395 0.001
60 396 0.1
60 368 0.01
60 280 0.01
60 214 0.001
60 105 0.001
60 947 0.1
60 215 0.01
61 123 0.1
61 380 0.1
61 377 0.001
61 295 0.1
61 320 0.01
61 61 0.1
61 394 0.001
61 213 0.1
61 232 0.01
61 393 0.1
61 321 0.01
61 182 0.1
61 181 0.01
61 157 0.001
61 178 0.01
61 499 0.01
61 172 0.1
61 264 0.001
61 64 0.01
61 533 0.001
61 483 0.001
61 266 0.001
61 179 0.001
61 434 0.01
61 103 0.01
61 421 0.1
61 265 0.01
61 296 0.001
61 381 0.001
61 396 0.01
61 345 0.01
61 440 0.001
61 465 0.001
61 519 0.01
61 707 0.01
61 389 0.01
61 392 0.01
61 391 0.001
61 368 0.001
61 104 0.01
61 758 0.001
61 537 0.001
61 52 0.001
61 872 0.01
61 379 0.01
61 14 0.1
61 347 0.001
61 301 0.01
61 160 0.01
61 60 0.01
61 378 0.001
61 376 0.1
61 387 0.1
61 388 0.01
61 390 0.001
61 250 0.001
61 395 0.001
61 150 0.01
61 95 0.01
61 19 0.001
61 280 0.001
61 498 0.01
61 503 0.01
62 63 0.1
62 4 0.001
62 107 0.001
62 300 0.1
62 18 0.01
62 153 0.001
62 340 0.01
62 283 0.1
62 333 0.01
62 441 0.01
62 152 0.001
62 474 0.01
62 258 0.001
62 314 0.01
62 81 0.001
62 79 0.1
62 226 0.01
62 30 0.001
62 23 0.001
62 128 0.001
62 41 0.1
62 417 0.001
62 170 0.1
62 329 0.1
62 114 0.1
62 365 0.001
62 256 0.01
62 434 0.1
62 106 0.001
62 249 0.01
62 70 0.001
62 132 0.001
62 531 0.01
62 77 0.001
62 582 0.1
62 355 0.01
62 45 0.01
62 28 0.01
62 78 0.1
62 430 0.1
62 115 0.01
62 15 0.001
62 173 0.001
62 190 0.001
62 445 0.001
62 230 0.001
62 303 0.1
62 184 0.01
62 245 0.1
62 68 0.1
62 263 0.1
62 86 0.01
62 453 0.1
62 58 0.1
62 662 0.001
62 506 0.01
62 279 0.001
62 183 0.001
62 172 0.1
62 458 0.1
62 410 0.001
62 310 0.001
62 21 0.01
62 467 0.1
62 113 0.001
62 571 0.001
62 133 0.1
62 141 0.001
62 151 0.01
62 367 0.1
62 158 0.001
62 99 0.1
62 17 0.001
62 554 0.1
62 134 0.01
62 404 0.01
62 312 0.001
62 90 0.001
62 211 0.01
62 427 0.1
62 480 0.001
62 296 0.1
62 142 0.01
62 454 0.001
62 450 0.01
62 168 0.01
62 236 0.01
62 255 0.001
62 769 0.1
62 290 0.1
62 282 0.01
62 83 0.01
62 82 0.01
62 203 0.001
62 237 0.001
62 342 0.001
62 147 0.001
62 80 0.001
62 478 0.1
62 377 0.1
62 295 0.01
62 233 0.01
62 730 0.01
62 210 0.01
62 44 0.001
62 749 0.01
62 748 0.001
62 129 0.001
62 518 0.001
62 159 0.01
62 187 0.01
62 390 0.1
62 254 0.001
62 546 0.1
62 591 0.01
62 820 0.001
62 262 0.1
62 495 0.001
62 89 0.1
62 405 0.001
62 98 0.1
62 62 0.1
62 164 0.1
62 180 0.001
62 366 0.001
62 726 0.01
62 493 0.1
62 174 0.1
62 338 0.1
62 179 0.1
62 393 0.001
62 498 0.01
62 216 0.01
62 12 0.01
62 269 0.1
62 19 0.01
62 418 0.01
62 306 0.1
62 35 0.1
62 459 0.001
62 280 0.1
62 253 0.001
62 356 0.1
62 494 0.001
62 372 0.1
62 521 0.01
62 251 0.1
62 209 0.1
62 505 0.1
62 509 0.001
62 457 0.1
62 8 0.1
62 448 0.001
62 362 0.1
62 137 0.01
62 419 0.01
62 375 0.1
62 143 0.01
62 747 0.01
62 188 0.1
62 189 0.01
62 544 0.001
62 371 0.01
62 627 0.1
62 169 0.001
62 238 0.001
62 64 0.1
62 3 0.01
62 87 0.01
62 29 0.01
62 736 0.001
62 357 0.1
62 7 0.01
62 2 0.1
62 163 0.1
62 206 0.1
62 811 0.001
62 285 0.1
62 201 0.1
62 754 0.01
62 426 0.1
62 856 0.001
62 859 0.01
62 281 0.01
62 708 0.01
62 833 0.01
62 212 0.01
62 131 0.001
62 586 0.001
62 812 0.01
63 137 0.001
63 63 0.1
63 3 0.01
63 62 0.01
63 174 0.1
63 371 0.001
63 363 0.001
63 4 0.1
63 520 0.01
63 571 0.1
63 211 0.001
63 58 0.01
63 281 0.01
63 208 0.1
63 175 0.001
63 625 0.001
63 56 0.001
63 2 0.01
63 115 0.001
63 286 0.01
63 59 0.01
63 46 0.1
63 408 0.01
63 303 0.01
63 285 0.001
63 305 0.01
63 269 0.001
63 532 0.001
63 665 0.001
63 194 0.001
63 195 0.001
63 434 0.1
63 132 0.001
63 481 0.1
63 57 0.001
63 420 0.01
63 129 0.1
63 16 0.001
63 236 0.1
63 89 0.001
63 411 0.1
63 256 0.001
63 518 0.01
63 365 0.01
63 212 0.1
63 552 0.01
63 82 0.01
63 121 0.001
63 209 0.01
63 210 0.01
63 183 0.001
63 128 0.1
63 41 0.01
63 54 0.001
63 160 0.1
63 164 0.01
63 324 0.001
63 249 0.1
63 586 0.01
63 233 0.001
63 158 0.01
63 809 0.01
63 138 0.1
63 412 0.001
63 239 0.001
63 272 0.1
63 301 0.001
63 355 0.01
63 169 0.01
63 845 0.1
63 329 0.1
63 255 0.001
63 114 0.01
63 81 0.1
63 533 0.01
63 162 0.01
63 685 0.1
63 832 0.01
63 107 0.1
63 849 0.01
63 88 0.01
63 44 0.01
63 419 0.1
63 490 0.001
63 184 0.001
63 865 0.01
63 131 0.001
63 13 0.01
63 6 0.001
63 880 0.001
63 812 0.001
63 252 0.1
63 55 0.01
63 243 0.1
63 379 0.1
63 854 0.1
63 278 0.001
63 28 0.1
63 718 0.1
63 738 0.1
63 366 0.001
63 87 0.01
63 859 0.01
63 193 0.001
63 921 0.001
63 271 0.1
63 283 0.001
63 826 0.001
63 803 0.001
63 971 0.001
63 126 0.01
63 473 0.01
63 405 0.01
63 896 0.01
64 65 0.001
64 229 0.001
64 5 0.1
64 91 0.01
64 141 0.1
64 89 0.1
64 95 0.001
64 157 0.01
64 64 0.001
64 6 0.1
64 68 0.001
64 506 0.001
64 14 0.01
64 124 0.01
64 379 0.01
64 96 0.01
64 140 0.001
64 80 0.001
64 489 0.01
64 93 0.1
64 376 0.001
64 306 0.001
64 128 0.01
64 515 0.1
64 61 0.001
64 397 0.001
64 280 0.001
64 94 0.01
64 244 0.001
64 24 0.001
64 420 0.1
64 165 0.1
64 644 0.1
64 528 0.001
64 11 0.1
64 305 0.001
64 290 0.1
64 282 0.01
64 169 0.01
64 238 0.001
64 170 0.1
64 168 0.1
64 216 0.01
64 434 0.01
64 184 0.1
64 223 0.01
64 103 0.001
64 172 0.001
64 375 0.1
64 87 0.001
64 74 0.001
64 222 0.1
64 523 0.01
64 113 0.1
64 199 0.01
64 201 0.001
64 440 0.01
64 134 0.001
64 149 0.001
64 455 0.1
64 90 0.001
64 191 0.01
64 271 0.1
64 511 0.01
64 665 0.001
64 300 0.001
64 601 0.001
64 367 0.001
64 323 0.1
64 234 0.01
64 183 0.001
64 417 0.01
64 357 0.01
64 211 0.1
64 492 0.001
64 197 0.1
64 771 0.001
64 405 0.001
64 349 0.01
64 412 0.001
64 116 0.01
64 820 0.01
64 458 0.001
64 249 0.1
64 828 0.001
64 438 0.001
64 21 0.1
64 173 0.01
64 329 0.01
64 115 0.1
64 133 0.01
64 309 0.1
64 411 0.1
64 325 0.1
64 914 0.01
64 733 0.1
64 572 0.01
64 611 0.1
64 926 0.001
64 918 0.01
64 950 0.1
64 51 0.001
64 354 0.001
64 840 0.001
64 395 0.1
64 302 0.01
64 42 0.01
64 196 0.001
64 99 0.1
64 640 0.01
64 937 0.1
64 224 0.01
64 292 0.001
65 457 0.1
65 257 0.001
65 434 0.01
65 413 0.1
65 200 0.001
65 440 0.01
65 275 0.1
65 178 0.01
65 562 0.001
65 172 0.1
65 426 0.01
65 380 0.1
65 94 0.1
65 581 0.01
65 65 0.1
65 199 0.01
65 498 0.01
65 101 0.001
65 493 0.001
65 325 0.1
65 568 0.1
65 51 0.1
65 486 0.001
65 752 0.1
65 450 0.001
65 130 0.01
65 401 0.001
65 290 0.01
65 366 0.1
65 840 0.01
65 425 0.1
65 714 0.1
65 526 0.1
65 533 0.1
65 169 0.001
65 357 0.001
65 282 0.1
65 231 0.001
65 197 0.001
65 294 0.01
65 874 0.01
65 362 0.001
65 430 0.1
65 543 0.1
65 280 0.001
65 664 0.01
65 371 0.1
65 600 0.1
65 910 0.1
65 53 0.001
65 133 0.001
65 232 0.1
65 324 0.1
65 435 0.1
65 14 0.001
65 291 0.01
65 870 0.01
65 835 0.01
65 574 0.01
65 129 0.01
65 791 0.01
65 64 0.1
65 776 0.001
65 206 0.01
65 92 0.01
65 818 0.001
65 998 0.001
65 525 0.001
65 352 0.001
65 264 0.001
65 320 0.01
65 334 0.01
65 639 0.1
65 358 0.1
65 135 0.001
65 307 0.1
65 177 0.01
65 515 0.001
65 176 0.001
65 204 0.01
65 0 0.01
65 483 0.1
65 990 0.001
65 107 0.001
66 67 0.001
66 329 0.01
66 108 0.01
66 146 0.1
66 64 0.1
66 469 0.001
66 96 0.1
66 514 0.001
66 90 0.001
66 66 0.1
66 211 0.01
66 117 0.01
66 611 0.1
66 389 0.1
66 661 0.001
66 121 0.01
66 560 0.1
66 338 0.001
66 480 0.01
66 252 0.01
66 48 0.001
66 654 0.01
66 112 0.01
66 984 0.001
66 111 0.1
66 91 0.001
67 66 0.01
67 189 0.01
67 108 0.1
67 74 0.1
67 86 0.001
67 160 0.1
67 533 0.001
68 69 0.001
68 21 0.001
68 80 0.01
68 62 0.01
68 86 0.001
68 82 0.1
68 663 0.1
68 184 0.1
68 20 0.001
68 671 0.001
68 474 0.01
68 509 0.1
68 667 0.01
68 473 0.01
68 550 0.1
68 549 0.001
68 508 0.1
68 160 0.1
68 329 0.001
68 16 0.01
68 357 0.001
68 424 0.001
68 418 0.1
68 494 0.01
68 301 0.1
68 173 0.001
68 106 0.001
68 183 0.001
68 121 0.001
68 68 0.1
68 679 0.01
68 306 0.01
68 300 0.1
68 282 0.01
68 107 0.01
68 220 0.1
68 142 0.01
68 212 0.1
68 366 0.01
68 420 0.001
69 287 0.1
69 306 0.001
69 212 0.1
69 260 0.01
69 68 0.1
69 81 0.01
69 108 0.01
69 549 0.1
69 64 0.001
69 311 0.001
69 473 0.01
69 184 0.001
69 190 0.001
69 325 0.1
69 713 0.01
69 10 0.1
69 508 0.1
69 667 0.001
69 80 0.01
69 480 0.001
69 69 0.01
69 418 0.1
69 509 0.001
69 434 0.1
69 663 0.1
69 550 0.01
69 671 0.01
69 679 0.1
69 551 0.01
69 189 0.1
69 160 0.1
69 299 0.01
69 678 0.01
69 329 0.001
69 424 0.1
69 282 0.001
69 259 0.1
69 477 0.01
69 87 0.001
69 183 0.001
69 467 0.001
69 216 0.1
69 356 0.1
69 362 0.1
69 420 0.01
69 141 0.001
69 747 0.01
69 86 0.01
69 13 0.01
69 409 0.01
69 710 0.1
69 173 0.01
69 400 0.01
69 353 0.001
69 777 0.01
69 105 0.01
69 952 0.01
69 107 0.001
69 958 0.01
69 715 0.01
70 71 0.001
70 186 0.1
70 433 0.001
70 288 0.1
70 180 0.001
70 62 0.1
70 84 0.1
70 152 0.1
70 494 0.1
70 83 0.001
70 431 0.001
70 212 0.01
71 70 0.01
71 217 0.1
71 50 0.001
71 49 0.01
71 162 0.01
71 431 0.1
71 432 0.01
71 433 0.01
71 83 0.1
71 84 0.1
71 71 0.01
71 152 0.001
71 121 0.01
71 612 0.1
72 21 0.01
72 163 0.001
72 259 0.1
72 20 0.1
72 311 0.1
72 106 0.001
73 74 0.01
73 330 0.001
73 248 0.1
73 331 0.1
73 297 0.1
73 17 0.001
73 73 0.001
73 215 0.01
73 311 0.1
73 358 0.001
73 259 0.001
73 707 0.001
73 268 0.1
73 498 0.01
73 313 0.01
73 116 0.01
73 221 0.001
73 223 0.01
73 485 0.001
73 317 0.1
73 0 0.1
73 106 0.1
73 166 0.001
73 756 0.1
73 316 0.01
73 309 0.1
73 84 0.01
73 950 0.01
73 560 0.001
74 1 0.01
74 218 0.001
74 219 0.001
74 215 0.001
74 220 0.01
74 221 0.1
74 222 0.1
74 223 0.1
74 18 0.001
74 224 0.001
74 225 0.01
74 226 0.01
74 227 0.1
74 17 0.1
74 228 0.001
74 248 0.001
74 297 0.1
74 73 0.1
74 177 0.001
74 74 0.1
74 42 0.1
74 311 0.001
74 341 0.01
74 188 0.001
74 482 0.01
74 260 0.1
74 259 0.1
74 317 0.001
74 309 0.1
74 254 0.001
74 86 0.001
74 690 0.001
74 460 0.01
74 107 0.1
74 316 0.01
74 282 0.001
74 745 0.01
74 459 0.001
74 85 0.001
74 307 0.001
74 419 0.01
74 764 0.1
74 308 0.001
74 310 0.001
74 312 0.01
74 313 0.1
74 0 0.1
74 468 0.001
74 106 0.001
74 231 0.01
74 560 0.001
74 268 0.001
74 64 0.001
74 187 0.01
74 67 0.001
74 331 0.01
74 116 0.01
74 498 0.1
74 330 0.1
74 549 0.001
74 485 0.001
74 480 0.001
74 21 0.1
74 20 0.001
74 142 0.01
74 366 0.01
74 166 0.01
74 424 0.01
74 400 0.001
74 62 0.1
74 87 0.1
74 121 0.001
74 438 0.01
74 950 0.001
74 105 0.1
74 152 0.001
74 756 0.1
74 513 0.01
74 120 0.1
74 314 0.1
74 872 0.001
74 537 0.001
75 76 0.1
75 48 0.01
75 253 0.001
75 40 0.1
75 261 0.01
75 372 0.001
75 427 0.1
75 135 0.1
75 437 0.1
75 75 0.1
75 367 0.001
75 96 0.1
75 753 0.01
75 470 0.1
75 494 0.001
75 36 0.01
75 339 0.001
75 655 0.01
76 119 0.1
76 417 0.001
76 76 0.001
76 48 0.1
76 485 0.01
76 75 0.001
76 455 0.01
76 263 0.001
76 444 0.001
76 423 0.1
76 245 0.001
76 333 0.01
76 47 0.001
76 96 0.01
76 139 0.01
77 78 0.1
77 79 0.1
77 581 0.01
77 557 0.1
77 445 0.1
77 497 0.1
77 531 0.001
77 811 0.1
77 539 0.1
77 212 0.001
77 107 0.01
77 62 0.01
77 121 0.001
77 166 0.01
77 105 0.01
77 950 0.1
77 932 0.001
79 62 0.001
79 79 0.1
79 219 0.1
79 120 0.01
79 581 0.001
79 162 0.01
79 133 0.1
79 531 0.1
79 339 0.01
79 497 0.1
79 78 0.1
79 419 0.1
79 482 0.1
79 340 0.1
79 165 0.1
79 47 0.1
79 160 0.001
79 557 0.1
79 14 0.1
79 51 0.001
79 128 0.1
79 811 0.01
79 77 0.01
79 539 0.1
79 445 0.01
79 116 0.1
79 420 0.01
79 226 0.001
79 417 0.001
79 152 0.001
79 601 0.001
79 13 0.01
79 166 0.01
79 107 0.01
79 282 0.01
80 81 0.001
80 68 0.01
80 375 0.1
80 287 0.1
80 16 0.01
80 282 0.01
80 142 0.001
80 80 0.001
80 663 0.001
80 62 0.01
80 679 0.001
80 106 0.01
80 243 0.1
80 183 0.1
80 431 0.01
80 508 0.001
80 82 0.1
80 286 0.01
80 174 0.1
80 137 0.1
80 187 0.01
80 107 0.1
80 189 0.01
80 329 0.01
80 357 0.1
80 460 0.01
80 480 0.001
80 184 0.01
80 815 0.001
80 20 0.001
80 92 0.01
80 21 0.001
80 356 0.1
80 121 0.1
80 128 0.001
80 129 0.1
80 866 0.1
80 96 0.001
80 256 0.1
80 112 0.1
80 459 0.001
80 222 0.001
80 340 0.1
80 28 0.1
80 114 0.01
80 169 0.001
80 367 0.01
80 490 0.01
80 880 0.001
80 395 0.1
80 384 0.001
80 230 0.1
80 950 0.001
80 105 0.1
80 271 0.01
80 474 0.001
80 473 0.001
80 299 0.01
81 80 0.01
81 256 0.1
81 107 0.1
81 62 0.001
81 509 0.001
81 418 0.01
81 473 0.01
81 189 0.01
81 160 0.01
81 356 0.1
81 329 0.01
81 184 0.01
81 42 0.001
81 69 0.1
81 460 0.1
81 106 0.1
81 249 0.001
81 550 0.001
81 161 0.1
81 105 0.1
81 21 0.001
81 357 0.01
81 183 0.001
81 663 0.01
81 549 0.001
81 671 0.01
81 667 0.01
81 508 0.1
81 679 0.001
81 710 0.001
81 212 0.01
81 137 0.1
81 685 0.001
81 365 0.1
81 225 0.001
81 494 0.01
81 299 0.001
81 434 0.01
81 20 0.1
81 155 0.01
81 533 0.01
81 121 0.01
81 420 0.001
81 283 0.01
81 16 0.01
81 424 0.001
81 363 0.001
81 82 0.001
81 114 0.001
81 46 0.1
81 211 0.001
81 63 0.01
81 169 0.01
81 303 0.001
81 170 0.1
81 86 0.1
81 405 0.001
81 362 0.01
81 87 0.01
81 375 0.01
81 128 0.01
81 129 0.1
81 166 0.01
81 81 0.1
81 145 0.001
81 301 0.01
81 108 0.01
81 486 0.001
81 142 0.01
81 44 0.01
81 215 0.1
81 911 0.001
81 188 0.01
81 222 0.01
81 467 0.001
81 569 0.1
81 490 0.1
81 478 0.1
81 28 0.01
81 544 0.1
81 607 0.1
81 3 0.1
81 412 0.001
81 419 0.1
81 400 0.1
81 952 0.01
81 162 0.1
81 932 0.01
81 518 0.1
82 83 0.001
82 84 0.01
82 86 0.001
82 105 0.01
82 121 0.1
82 366 0.001
82 283 0.01
82 233 0.1
82 546 0.1
82 183 0.001
82 285 0.001
82 234 0.1
82 211 0.1
82 552 0.001
82 531 0.01
82 393 0.01
82 68 0.1
82 256 0.1
82 410 0.1
82 153 0.01
82 82 0.001
82 249 0.001
82 161 0.001
82 46 0.01
82 329 0.01
82 495 0.01
82 236 0.1
82 214 0.001
82 179 0.1
82 28 0.01
82 81 0.1
82 367 0.01
82 203 0.01
82 568 0.1
82 303 0.001
82 187 0.01
82 18 0.1
82 468 0.001
82 21 0.001
82 227 0.01
82 326 0.001
82 44 0.01
82 739 0.1
82 462 0.01
82 10 0.01
82 280 0.1
82 129 0.01
82 567 0.001
82 63 0.1
82 740 0.1
82 550 0.001
82 296 0.01
82 395 0.01
82 77 0.001
82 228 0.1
82 555 0.01
82 422 0.01
82 115 0.001
82 226 0.01
82 420 0.1
82 489 0.001
82 544 0.1
82 490 0.01
82 576 0.1
82 230 0.01
82 80 0.1
82 209 0.1
82 210 0.001
82 190 0.01
82 184 0.01
82 543 0.001
82 767 0.01
82 4 0.001
82 180 0.1
82 278 0.01
82 1 0.01
82 17 0.001
82 340 0.001
82 493 0.001
82 128 0.001
82 41 0.01
82 642 0.01
82 163 0.1
82 453 0.1
82 474 0.01
82 173 0.01
82 114 0.01
82 355 0.1
82 107 0.001
82 62 0.1
82 612 0.01
82 189 0.01
82 151 0.01
82 427 0.1
82 186 0.1
82 325 0.001
82 165 0.01
82 5 0.001
82 540 0.01
82 401 0.1
82 78 0.001
82 445 0.1
82 357 0.01
82 783 0.001
82 245 0.1
82 371 0.01
82 132 0.001
82 424 0.1
82 20 0.01
82 385 0.001
82 154 0.001
82 166 0.1
82 145 0.1
82 310 0.01
82 290 0.001
82 353 0.1
82 404 0.001
82 147 0.001
82 747 0.01
82 526 0.1
82 486 0.001
82 426 0.001
82 168 0.01
82 261 0.01
82 508 0.001
82 820 0.01
82 441 0.1
82 221 0.001
82 74 0.1
82 222 0.01
82 104 0.01
82 647 0.001
82 548 0.01
82 133 0.001
82 337 0.001
82 295 0.001
82 304 0.01
82 170 0.001
82 51 0.01
82 143 0.01
82 225 0.001
82 853 0.001
82 327 0.001
82 454 0.01
82 377 0.01
82 58 0.01
82 53 0.1
82 362 0.01
82 123 0.01
82 87 0.01
82 23 0.1
82 333 0.1
82 419 0.01
82 856 0.01
82 365 0.1
82 169 0.01
82 36 0.01
82 106 0.001
82 130 0.01
82 314 0.1
82 188 0.001
82 127 0.01
82 356 0.01
82 201 0.01
82 549 0.1
82 518 0.001
82 137 0.001
82 263 0.001
82 12 0.1
82 269 0.001
82 368 0.1
82 277 0.001
82 219 0.001
82 782 0.1
82 730 0.01
82 287 0.1
82 93 0.1
82 212 0.001
82 215 0.01
82 458 0.01
82 30 0.1
82 338 0.001
82 318 0.1
82 27 0.01
82 494 0.1
82 199 0.1
82 50 0.001
82 252 0.001
82 142 0.001
82 158 0.1
82 116 0.01
82 31 0.01
82 281 0.001
82 152 0.1
82 464 0.01
82 748 0.001
82 854 0.001
82 131 0.01
82 96 0.01
82 282 0.1
82 601 0.001
82 932 0.1
82 693 0.01
82 372 0.001
82 160 0.1
82 373 0.001
82 594 0.1
82 752 0.1
82 172 0.01
82 292 0.001
82 376 0.001
82 150 0.01
82 255 0.1
82 279 0.01
82 641 0.1
82 541 0.1
82 438 0.1
82 509 0.01
82 345 0.1
82 681 0.1
82 191 0.01
82 708 0.001
82 99 0.001
82 963 0.001
82 859 0.001
82 124 0.001
82 563 0.001
83 82 0.1
83 496 0.001
83 372 0.01
83 283 0.1
83 308 0.1
83 166 0.001
83 601 0.1
83 366 0.01
83 494 0.01
83 86 0.1
83 154 0.001
83 233 0.1
83 107 0.001
83 424 0.1
83 62 0.001
83 160 0.1
83 71 0.1
83 84 0.1
83 431 0.1
83 83 0.001
83 693 0.1
83 373 0.1
83 285 0.001
83 105 0.001
83 199 0.01
83 747 0.01
83 420 0.1
83 282 0.1
83 121 0.01
83 142 0.01
83 249 0.01
83 269 0.001
83 214 0.1
83 168 0.1
83 280 0.1
83 41 0.001
83 458 0.01
83 292 0.01
83 612 0.1
83 212 0.1
83 533 0.01
83 186 0.1
83 115 0.01
83 288 0.1
83 152 0.001
83 256 0.01
83 518 0.001
83 492 0.001
83 340 0.001
83 296 0.1
83 393 0.1
83 13 0.01
83 96 0.001
83 81 0.1
83 318 0.1
83 114 0.1
83 453 0.01
83 106 0.1
83 163 0.1
83 368 0.1
83 579 0.01
83 273 0.01
83 290 0.1
83 484 0.1
83 113 0.001
83 557 0.01
83 173 0.01
83 209 0.01
83 101 0.1
83 20 0.1
83 329 0.1
83 474 0.001
83 44 0.1
83 128 0.01
83 450 0.001
83 433 0.001
83 23 0.001
83 143 0.001
83 333 0.1
83 355 0.01
83 153 0.01
83 211 0.001
83 203 0.001
83 856 0.001
83 278 0.1
83 221 0.001
83 140 0.001
83 46 0.001
83 395 0.001
83 478 0.001
83 236 0.1
83 243 0.01
83 586 0.001
83 63 0.001
83 180 0.1
83 191 0.01
83 133 0.1
83 141 0.001
83 495 0.001
83 147 0.1
83 654 0.001
83 820 0.01
83 481 0.01
83 253 0.01
83 259 0.1
83 615 0.01
83 255 0.001
83 812 0.01
83 642 0.1
83 513 0.01
83 162 0.1
83 87 0.1
83 932 0.1
83 546 0.01
83 963 0.01
83 594 0.1
83 365 0.1
83 118 0.001
83 465 0.001
84 162 0.001
84 50 0.001
84 49 0.01
84 71 0.01
84 82 0.01
84 121 0.01
84 84 0.1
84 288 0.1
84 83 0.001
84 217 0.01
84 152 0.1
84 433 0.01
84 70 0.01
84 404 0.01
84 58 0.1
84 282 0.001
84 31 0.01
84 366 0.001
84 110 0.001
84 250 0.01
84 111 0.01
84 142 0.001
84 715 0.01
84 560 0.01
84 431 0.001
84 233 0.1
84 510 0.01
84 601 0.001
84 780 0.1
84 269 0.01
84 474 0.01
84 254 0.001
84 585 0.001
84 166 0.01
84 549 0.01
84 624 0.001
84 422 0.01
84 160 0.01
84 48 0.001
84 485 0.1
84 432 0.001
84 612 0.001
84 270 0.01
84 118 0.01
84 372 0.01
84 443 0.001
84 664 0.1
84 318 0.001
84 105 0.1
84 544 0.1
84 533 0.01
84 336 0.01
84 112 0.1
84 453 0.001
84 305 0.001
84 75 0.1
84 442 0.01
84 252 0.1
84 115 0.1
84 654 0.1
84 513 0.01
84 441 0.001
84 113 0.1
84 752 0.01
84 555 0.1
84 144 0.1
84 493 0.1
84 729 0.1
84 87 0.1
84 37 0.001
84 754 0.1
84 249 0.001
84 180 0.01
84 662 0.1
84 419 0.001
84 811 0.001
84 444 0.001
84 582 0.001
84 1 0.001
84 127 0.001
84 210 0.1
84 494 0.1
84 86 0.01
84 107 0.1
84 62 0.01
84 546 0.1
84 272 0.1
84 835 0.1
84 623 0.001
84 373 0.001
84 229 0.01
84 615 0.01
84 57 0.001
84 77 0.001
84 73 0.001
84 253 0.001
84 13 0.001
84 338 0.01
84 326 0.1
84 478 0.01
84 467 0.1
84 399 0.001
84 598 0.01
84 30 0.01
84 209 0.01
84 134 0.001
84 211 0.001
84 268 0.001
84 18 0.01
84 411 0.01
84 243 0.001
84 244 0.001
84 317 0.001
84 553 0.001
84 727 0.1
84 594 0.001
84 295 0.01
84 649 0.1
84 425 0.01
84 454 0.1
84 471 0.001
84 39 0.01
84 235 0.1
84 174 0.001
84 558 0.001
84 487 0.01
84 323 0.001
84 393 0.001
84 492 0.1
84 119 0.001
85 17 0.1
85 41 0.001
85 226 0.1
85 370 0.01
85 443 0.001
85 314 0.01
85 85 0.001
85 312 0.1
85 778 0.001
85 1 0.1
85 74 0.01
85 221 0.1
85 820 0.1
85 142 0.001
85 51 0.001
85 151 0.01
85 310 0.001
85 160 0.001
85 86 0.1
85 758 0.001
85 317 0.001
85 307 0.1
85 313 0.001
85 872 0.01
85 146 0.1
85 309 0.01
85 18 0.001
85 467 0.001
86 128 0.1
86 205 0.1
86 41 0.01
86 189 0.01
86 453 0.01
86 106 0.001
86 295 0.01
86 86 0.1
86 510 0.01
86 540 0.1
86 362 0.01
86 536 0.1
86 223 0.01
86 68 0.001
86 83 0.001
86 107 0.1
86 114 0.1
86 450 0.001
86 82 0.01
86 103 0.1
86 377 0.001
86 263 0.01
86 444 0.001
86 372 0.1
86 494 0.01
86 424 0.1
86 62 0.1
86 318 0.01
86 131 0.001
86 132 0.01
86 593 0.1
86 686 0.001
86 117 0.01
86 37 0.1
86 340 0.1
86 417 0.001
86 290 0.001
86 96 0.1
86 184 0.1
86 310 0.001
86 172 0.001
86 714 0.1
86 47 0.1
86 400 0.001
86 480 0.01
86 601 0.1
86 74 0.1
86 458 0.001
86 392 0.01
86 627 0.01
86 238 0.1
86 85 0.1
86 141 0.01
86 506 0.01
86 20 0.01
86 98 0.1
86 125 0.001
86 264 0.001
86 166 0.001
86 222 0.01
86 280 0.1
86 95 0.01
86 190 0.001
86 18 0.01
86 720 0.01
86 415 0.01
86 368 0.1
86 113 0.1
86 197 0.01
86 30 0.001
86 177 0.001
86 690 0.1
86 81 0.001
86 283 0.001
86 326 0.001
86 256 0.01
86 44 0.001
86 438 0.1
86 7 0.001
86 143 0.1
86 504 0.001
86 427 0.1
86 584 0.1
86 67 0.001
86 12 0.1
86 84 0.1
86 69 0.001
86 508 0.1
86 92 0.01
86 756 0.01
86 421 0.01
86 620 0.1
86 518 0.001
86 328 0.001
86 90 0.01
86 393 0.001
86 563 0.1
86 590 0.001
86 35 0.001
86 259 0.1
86 8 0.01
86 353 0.1
86 623 0.1
86 21 0.001
86 225 0.01
86 201 0.1
86 28 0.001
86 70 0.1
86 366 0.01
86 10 0.001
86 203 0.01
86 662 0.1
86 138 0.001
86 226 0.1
86 94 0.001
86 470 0.1
86 142 0.001
86 525 0.01
86 426 0.01
86 708 0.001
86 687 0.01
86 100 0.1
86 586 0.001
86 38 0.001
86 58 0.01
86 215 0.1
86 373 0.001
86 457 0.01
86 445 0.1
86 14 0.01
86 611 0.01
86 395 0.01
86 425 0.1
86 736 0.001
86 666 0.001
86 707 0.01
86 152 0.01
86 820 0.01
86 297 0.01
86 154 0.1
86 553 0.001
86 485 0.01
86 681 0.01
86 274 0.001
86 121 0.01
86 526 0.1
86 180 0.01
86 304 0.01
86 23 0.01
86 840 0.01
86 765 0.001
86 129 0.001
86 747 0.001
86 212 0.001
86 163 0.1
86 87 0.001
86 145 0.1
86 153 0.01
86 546 0.001
86 572 0.01
86 598 0.1
86 521 0.1
86 42 0.1
86 206 0.001
86 55 0.01
86 79 0.01
86 210 0.001
86 963 0.1
86 531 0.001
86 105 0.01
86 533 0.001
86 251 0.001
86 484 0.1
86 822 0.1
86 932 0.01
86 236 0.01
86 218 0.1
86 430 0.001
86 65 0.1
86 151 0.01
86 573 0.001
86 936 0.01
86 19 0.001
86 261 0.1
86 36 0.1
86 271 0.001
86 285 0.1
86 498 0.001
86 404 0.001
86 306 0.1
86 706 0.01
86 855 0.001
86 191 0.01
86 33 0.01
86 229 0.001
86 31 0.01
86 753 0.01
86 115 0.001
86 170 0.01
86 196 0.1
86 459 0.1
86 466 0.1
87 422 0.01
87 154 0.1
87 41 0.01
87 145 0.001
87 50 0.01
87 484 0.1
87 441 0.01
87 493 0.01
87 131 0.001
87 438 0.01
87 626 0.1
87 17 0.001
87 115 0.01
87 513 0.1
87 474 0.1
87 533 0.1
87 153 0.001
87 434 0.1
87 453 0.1
87 155 0.001
87 615 0.1
87 518 0.01
87 363 0.1
87 546 0.001
87 642 0.001
87 495 0.001
87 255 0.001
87 490 0.1
87 106 0.01
87 427 0.001
87 58 0.1
87 269 0.001
87 212 0.001
87 163 0.1
87 404 0.001
87 105 0.1
87 424 0.1
87 643 0.01
87 173 0.01
87 654 0.01
87 249 0.001
87 13 0.01
87 189 0.1
87 87 0.001
87 82 0.1
87 190 0.01
87 665 0.001
87 160 0.01
87 236 0.1
87 223 0.001
87 77 0.001
87 333 0.001
87 282 0.1
87 506 0.1
87 547 0.1
87 23 0.01
87 509 0.01
87 74 0.01
87 459 0.01
87 187 0.001
87 222 0.01
87 107 0.01
87 543 0.1
87 820 0.01
87 180 0.001
87 183 0.1
87 545 0.01
87 412 0.001
87 166 0.001
87 283 0.001
87 329 0.001
87 28 0.1
87 161 0.01
87 303 0.01
87 152 0.01
87 210 0.001
87 371 0.1
87 256 0.001
87 296 0.01
87 81 0.1
87 351 0.001
87 129 0.001
87 365 0.1
87 233 0.01
87 393 0.1
87 49 0.001
87 828 0.1
87 300 0.1
87 211 0.1
87 137 0.1
87 20 0.01
87 353 0.1
87 426 0.1
87 258 0.001
87 215 0.1
87 325 0.1
87 83 0.01
87 859 0.001
87 252 0.01
87 552 0.01
87 856 0.1
87 290 0.01
87 812 0.001
87 304 0.001
87 243 0.1
87 253 0.01
87 208 0.001
87 132 0.1
87 954 0.1
87 21 0.1
87 419 0.001
87 974 0.1
87 128 0.01
87 473 0.1
87 963 0.1
87 326 0.1
87 84 0.1
87 280 0.1
87 661 0.001
87 448 0.01
87 42 0.001
87 909 0.001
87 607 0.001
87 45 0.1
87 227 0.01
88 89 0.001
88 303 0.1
88 88 0.001
88 96 0.001
88 302 0.1
88 304 0.001
88 369 0.001
88 149 0.001
88 0 0.01
88 285 0.01
88 183 0.1
88 806 0.001
88 810 0.01
88 809 0.1
88 252 0.001
88 129 0.01
88 137 0.01
88 210 0.01
88 924 0.01
88 271 0.001
89 96 0.1
89 88 0.1
89 469 0.1
89 474 0.01
89 437 0.001
89 303 0.1
89 136 0.01
89 302 0.1
89 434 0.001
89 304 0.01
89 89 0.1
89 252 0.01
89 63 0.1
89 520 0.001
89 57 0.01
89 91 0.001
89 165 0.001
89 375 0.01
89 552 0.001
89 806 0.1
89 285 0.01
89 438 0.1
89 62 0.1
89 2 0.1
89 159 0.001
89 54 0.1
89 809 0.01
89 411 0.01
89 412 0.1
89 301 0.1
89 59 0.01
89 3 0.1
89 211 0.1
89 58 0.01
89 64 0.01
89 169 0.001
89 76 0.1
89 333 0.001
89 4 0.1
89 114 0.1
89 515 0.001
89 183 0.01
89 215 0.1
89 271 0.001
89 423 0.1
89 845 0.001
89 919 0.001
89 305 0.1
89 925 0.001
89 408 0.001
89 933 0.1
89 10 0.01
89 924 0.001
90 91 0.1
90 106 0.1
90 13 0.001
90 90 0.001
90 474 0.1
90 62 0.01
90 220 0.1
90 108 0.1
90 329 0.01
90 143 0.001
90 328 0.1
90 409 0.01
90 66 0.1
90 425 0.001
90 183 0.01
90 11 0.001
90 469 0.001
90 86 0.01
90 107 0.01
90 478 0.001
90 477 0.001
90 459 0.01
91 469 0.001
91 375 0.001
91 514 0.1
91 474 0.01
91 478 0.1
91 91 0.1
91 64 0.01
91 89 0.1
91 90 0.1
91 329 0.1
91 212 0.01
91 143 0.1
91 356 0.01
91 108 0.001
91 328 0.001
91 357 0.01
91 258 0.1
91 11 0.01
91 183 0.01
91 96 0.001
91 306 0.1
91 107 0.001
91 160 0.001
91 758 0.001
91 66 0.01
91 110 0.001
91 477 0.001
91 989 0.001
91 419 0.001
92 20 0.01
92 22 0.1
92 520 0.01
92 100 0.1
92 538 0.1
92 21 0.01
92 137 0.1
92 96 0.01
92 259 0.1
92 678 0.1
92 287 0.1
92 513 0.01
92 498 0.001
92 530 0.01
92 72 0.1
92 260 0.001
92 326 0.001
92 173 0.01
92 426 0.01
92 11 0.1
92 728 0.01
92 815 0.1
92 80 0.01
92 127 0.01
92 92 0.001
92 86 0.1
92 336 0.01
92 818 0.1
92 723 0.1
92 152 0.01
92 887 0.01
92 685 0.001
92 68 0.01
92 373 0.001
92 400 0.01
92 65 0.01
92 238 0.001
92 105 0.01
92 160 0.001
93 93 0.001
93 41 0.01
93 133 0.01
93 95 0.01
93 172 0.1
93 129 0.001
93 143 0.001
93 183 0.1
93 64 0.01
93 168 0.1
93 27 0.01
93 399 0.001
93 128 0.001
93 78 0.01
93 51 0.001
93 201 0.1
93 280 0.1
93 413 0.1
93 515 0.01
93 493 0.1
93 438 0.1
93 714 0.001
93 526 0.1
93 458 0.1
93 494 0.01
93 62 0.001
93 424 0.01
93 426 0.01
93 513 0.01
93 121 0.01
93 576 0.01
93 543 0.1
93 204 0.001
93 14 0.1
93 647 0.001
93 86 0.1
93 306 0.01
93 197 0.001
93 407 0.001
93 205 0.01
93 260 0.1
93 108 0.001
93 165 0.1
93 40 0.01
93 301 0.01
93 464 0.001
93 940 0.01
93 450 0.001
93 473 0.01
93 16 0.1
93 337 0.1
93 25 0.1
93 361 0.1
93 28 0.01
93 417 0.001
93 443 0.001
93 29 0.001
93 30 0.01
93 116 0.001
93 32 0.001
93 261 0.1
93 114 0.1
93 482 0.01
93 36 0.01
93 336 0.001
93 136 0.01
93 169 0.1
93 39 0.001
93 171 0.001
93 367 0.001
93 135 0.01
93 545 0.001
93 563 0.1
93 789 0.001
93 883 0.1
93 291 0.01
94 201 0.001
94 94 0.1
94 41 0.1
94 204 0.001
94 200 0.001
94 128 0.1
94 494 0.1
94 533 0.001
94 776 0.001
94 207 0.001
94 820 0.01
94 218 0.01
94 95 0.1
94 199 0.01
94 486 0.001
94 593 0.1
94 206 0.01
94 377 0.1
94 440 0.1
94 351 0.001
94 205 0.01
94 320 0.1
94 342 0.01
94 483 0.01
94 214 0.01
94 177 0.001
94 120 0.001
94 917 0.1
94 908 0.1
94 955 0.1
94 918 0.01
94 974 0.1
94 294 0.001
94 86 0.001
95 201 0.001
95 13 0.001
95 41 0.01
95 64 0.001
95 207 0.001
95 95 0.01
95 196 0.1
95 51 0.001
95 199 0.001
95 200 0.001
95 128 0.1
95 167 0.001
95 206 0.1
95 93 0.1
95 218 0.01
95 351 0.01
95 377 0.1
95 205 0.01
95 60 0.01
95 309 0.01
95 214 0.001
95 94 0.01
95 820 0.1
95 143 0.01
95 122 0.001
95 593 0.001
95 197 0.001
95 280 0.1
95 204 0.01
95 123 0.01
95 908 0.01
95 61 0.01
95 232 0.001
95 129 0.001
95 183 0.001
95 203 0.01
95 776 0.001
95 918 0.01
95 6 0.1
95 917 0.01
96 24 0.001
96 96 0.001
96 89 0.1
96 302 0.001
96 115 0.001
96 170 0.01
96 252 0.1
96 135 0.1
96 591 0.1
96 211 0.1
96 375 0.1
96 604 0.001
96 610 0.01
96 56 0.001
96 57 0.01
96 303 0.01
96 619 0.001
96 169 0.001
96 339 0.001
96 417 0.01
96 438 0.1
96 64 0.001
96 21 0.1
96 116 0.1
96 444 0.001
96 6 0.1
96 304 0.01
96 337 0.1
96 86 0.01
96 455 0.1
96 92 0.01
96 88 0.01
96 48 0.1
96 318 0.001
96 100 0.1
96 209 0.01
96 325 0.1
96 131 0.01
96 123 0.01
96 113 0.01
96 245 0.01
96 369 0.01
96 285 0.01
96 261 0.01
96 251 0.01
96 59 0.001
96 76 0.1
96 816 0.001
96 400 0.01
96 58 0.1
96 370 0.01
96 481 0.01
96 361 0.1
96 165 0.01
96 31 0.01
96 427 0.001
96 91 0.001
96 338 0.01
96 66 0.01
96 469 0.01
96 866 0.01
96 867 0.01
96 80 0.1
96 327 0.01
96 329 0.001
96 28 0.1
96 474 0.1
96 114 0.1
96 408 0.1
96 234 0.001
96 236 0.1
96 470 0.01
96 333 0.001
96 23 0.1
96 46 0.01
96 20 0.1
96 340 0.01
96 151 0.01
96 119 0.1
96 263 0.001
96 725 0.1
96 442 0.01
96 423 0.1
96 437 0.001
96 655 0.1
96 47 0.1
96 336 0.1
96 136 0.001
96 367 0.001
96 439 0.01
96 173 0.001
96 10 0.01
96 259 0.001
96 881 0.01
96 326 0.01
96 101 0.1
96 728 0.001
96 121 0.001
96 847 0.1
96 4 0.001
96 924 0.1
96 842 0.1
96 13 0.01
96 242 0.1
96 411 0.1
96 160 0.1
96 107 0.1
97 98 0.1
97 99 0.1
97 100 0.01
97 101 0.001
97 102 0.001
97 300 0.1
97 323 0.01
97 335 0.001
97 768 0.001
97 185 0.1
97 354 0.01
97 124 0.01
97 353 0.1
97 371 0.01
97 404 0.01
97 125 0.1
97 97 0.001
97 533 0.1
97 434 0.1
97 708 0.1
97 618 0.001
97 640 0.001
97 662 0.1
97 5 0.001
98 97 0.001
98 99 0.01
98 323 0.1
98 404 0.001
98 98 0.001
98 100 0.01
98 86 0.01
98 124 0.01
98 125 0.01
98 371 0.001
98 62 0.001
98 64 0.01
98 708 0.1
98 107 0.01
98 353 0.01
98 932 0.1
98 155 0.01
99 107 0.01
99 99 0.001
99 139 0.01
99 98 0.001
99 97 0.1
99 323 0.001
99 353 0.01
99 62 0.001
99 124 0.001
99 100 0.01
99 404 0.1
99 371 0.001
99 101 0.01
99 424 0.001
99 937 0.001
99 640 0.001
99 768 0.001
99 173 0.1
99 82 0.01
100 97 0.01
100 429 0.01
100 92 0.01
100 101 0.01
100 100 0.01
100 117 0.001
100 371 0.001
100 354 0.001
100 107 0.001
100 102 0.001
100 96 0.1
100 98 0.1
100 494 0.001
100 404 0.001
100 708 0.001
100 124 0.001
100 353 0.001
100 323 0.001
100 618 0.01
100 640 0.01
100 768 0.1
100 99 0.01
100 662 0.01
100 125 0.1
100 185 0.1
100 62 0.01
100 262 0.1
100 301 0.01
100 5 0.1
100 687 0.001
100 86 0.001
100 142 0.001
100 424 0.001
100 434 0.001
100 820 0.001
100 937 0.001
100 935 0.01
100 51 0.01
101 101 0.1
101 100 0.001
101 120 0.01
101 98 0.001
101 380 0.1
101 371 0.1
101 768 0.001
101 353 0.001
101 65 0.01
101 404 0.001
101 124 0.01
101 211 0.001
101 323 0.01
101 97 0.01
101 83 0.01
101 125 0.01
101 131 0.01
101 419 0.001
101 96 0.01
101 155 0.01
101 581 0.001
102 97 0.1
102 323 0.01
102 300 0.01
102 2 0.01
102 98 0.001
102 412 0.1
102 100 0.1
102 102 0.1
102 101 0.1
102 405 0.1
102 6 0.01
102 743 0.1
102 64 0.1
102 516 0.001
102 517 0.001
102 411 0.001
102 192 0.01
102 812 0.1
102 3 0.01
102 5 0.01
102 832 0.01
103 104 0.001
103 250 0.01
103 378 0.1
103 377 0.01
103 321 0.1
103 103 0.001
103 526 0.1
103 232 0.1
103 283 0.01
103 582 0.001
103 296 0.001
103 352 0.01
103 295 0.1
103 86 0.1
103 393 0.001
103 368 0.1
103 546 0.1
103 150 0.01
103 60 0.001
103 179 0.1
103 385 0.001
103 61 0.01
103 0 0.1
103 320 0.001
103 392 0.01
103 390 0.001
103 395 0.001
103 394 0.1
103 215 0.1
103 741 0.001
103 389 0.1
103 162 0.001
103 182 0.01
104 103 0.001
104 394 0.1
104 321 0.01
104 377 0.01
104 368 0.001
104 320 0.001
104 61 0.1
104 181 0.001
104 250 0.01
104 388 0.001
104 104 0.01
104 389 0.001
104 393 0.1
104 179 0.01
104 18 0.1
104 295 0.001
105 252 0.001
105 249 0.01
105 473 0.01
105 434 0.1
105 82 0.001
105 393 0.001
105 493 0.001
105 145 0.1
105 147 0.01
105 121 0.001
105 180 0.1
105 569 0.001
105 283 0.01
105 533 0.1
105 142 0.1
105 384 0.01
105 161 0.001
105 280 0.001
105 518 0.001
105 203 0.1
105 363 0.01
105 351 0.001
105 236 0.01
105 16 0.01
105 5 0.01
105 42 0.01
105 427 0.001
105 366 0.01
105 269 0.01
105 212 0.001
105 163 0.01
105 83 0.01
105 154 0.001
105 256 0.01
105 21 0.01
105 233 0.1
105 48 0.001
105 329 0.001
105 362 0.001
105 183 0.001
105 155 0.1
105 160 0.001
105 771 0.001
105 424 0.1
105 166 0.01
105 282 0.01
105 601 0.001
105 87 0.001
105 546 0.001
105 612 0.01
105 41 0.01
105 115 0.1
105 441 0.1
105 17 0.1
105 360 0.001
105 28 0.001
105 404 0.1
105 105 0.1
105 422 0.001
105 495 0.01
105 667 0.001
105 474 0.001
105 153 0.001
105 106 0.001
105 431 0.1
105 243 0.001
105 748 0.001
105 242 0.01
105 158 0.1
105 508 0.001
105 543 0.1
105 820 0.01
105 128 0.001
105 303 0.001
105 419 0.01
105 64 0.01
105 400 0.001
105 114 0.001
105 367 0.1
105 358 0.1
105 81 0.1
105 326 0.1
105 58 0.1
105 654 0.01
105 509 0.001
105 550 0.01
105 450 0.001
105 492 0.01
105 355 0.001
105 285 0.01
105 226 0.1
105 859 0.1
105 420 0.1
105 544 0.001
105 129 0.001
105 453 0.001
105 255 0.001
105 169 0.1
105 199 0.1
105 589 0.01
105 405 0.1
105 371 0.001
105 44 0.1
105 346 0.1
105 86 0.01
105 333 0.001
105 152 0.1
105 92 0.1
105 281 0.01
105 375 0.1
105 357 0.01
105 184 0.001
105 10 0.01
105 80 0.1
105 412 0.1
105 170 0.001
105 347 0.01
105 607 0.001
105 215 0.01
106 187 0.01
106 189 0.001
106 62 0.01
106 249 0.1
106 268 0.01
106 405 0.01
106 44 0.1
106 190 0.01
106 42 0.01
106 16 0.01
106 21 0.001
106 20 0.001
106 495 0.01
106 551 0.01
106 490 0.01
106 459 0.01
106 671 0.1
106 188 0.1
106 589 0.01
106 434 0.1
106 365 0.1
106 147 0.1
106 340 0.1
106 690 0.01
106 160 0.001
106 256 0.1
106 298 0.01
106 582 0.001
106 1 0.1
106 46 0.01
106 129 0.001
106 81 0.01
106 303 0.01
106 212 0.01
106 329 0.001
106 155 0.01
106 87 0.1
106 145 0.001
106 371 0.01
106 549 0.1
106 550 0.01
106 74 0.1
106 221 0.001
106 211 0.01
106 183 0.01
106 462 0.001
106 106 0.1
106 222 0.01
106 107 0.01
106 287 0.001
106 717 0.1
106 420 0.001
106 424 0.001
106 255 0.01
106 355 0.1
106 184 0.1
106 467 0.001
106 73 0.01
106 771 0.001
106 828 0.01
106 300 0.001
106 279 0.001
106 230 0.01
106 356 0.001
106 642 0.1
106 358 0.001
106 223 0.1
106 314 0.1
106 518 0.001
106 419 0.1
106 357 0.1
106 283 0.001
106 169 0.001
106 820 0.001
106 372 0.1
106 373 0.001
106 454 0.001
106 560 0.1
106 885 0.1
106 282 0.01
106 83 0.001
106 142 0.01
106 226 0.001
106 756 0.01
106 132 0.01
106 259 0.001
106 80 0.001
106 68 0.1
106 11 0.01
106 641 0.001
106 295 0.001
106 311 0.1
106 473 0.1
106 5 0.01
106 64 0.1
106 280 0.01
106 114 0.01
106 607 0.1
106 17 0.01
106 546 0.1
106 548 0.001
106 28 0.01
107 113 0.01
107 417 0.001
107 114 0.01
107 137 0.1
107 99 0.01
107 161 0.001
107 4 0.01
107 174 0.1
107 300 0.001
107 256 0.001
107 306 0.01
107 62 0.1
107 115 0.001
107 81 0.001
107 283 0.1
107 357 0.1
107 338 0.01
107 86 0.1
107 404 0.001
107 474 0.1
107 687 0.1
107 258 0.001
107 153 0.1
107 77 0.001
107 17 0.001
107 173 0.01
107 169 0.01
107 46 0.1
107 326 0.001
107 671 0.01
107 355 0.1
107 367 0.1
107 702 0.01
107 453 0.1
107 295 0.1
107 45 0.01
107 147 0.01
107 249 0.001
107 230 0.01
107 58 0.01
107 532 0.001
107 340 0.001
107 280 0.001
107 100 0.1
107 128 0.01
107 41 0.01
107 665 0.1
107 133 0.001
107 170 0.001
107 254 0.1
107 314 0.01
107 480 0.1
107 164 0.001
107 329 0.1
107 405 0.001
107 361 0.001
107 106 0.001
107 132 0.01
107 333 0.01
107 493 0.001
107 74 0.01
107 290 0.001
107 662 0.001
107 506 0.1
107 769 0.1
107 80 0.1
107 19 0.1
107 180 0.01
107 184 0.1
107 371 0.1
107 282 0.01
107 704 0.001
107 375 0.001
107 494 0.01
107 450 0.001
107 152 0.1
107 158 0.01
107 541 0.001
107 418 0.001
107 63 0.1
107 834 0.1
107 518 0.1
107 837 0.001
107 216 0.01
107 428 0.001
107 8 0.1
107 3 0.01
107 820 0.01
107 531 0.1
107 441 0.1
107 87 0.1
107 187 0.01
107 255 0.01
107 253 0.001
107 35 0.01
107 372 0.001
107 281 0.001
107 366 0.01
107 82 0.01
107 828 0.01
107 303 0.1
107 165 0.1
107 28 0.001
107 31 0.001
107 23 0.1
107 16 0.001
107 430 0.01
107 83 0.1
107 57 0.1
107 296 0.001
107 91 0.01
107 44 0.1
107 343 0.1
107 362 0.01
107 327 0.001
107 400 0.01
107 356 0.001
107 212 0.01
107 550 0.01
107 459 0.001
107 163 0.01
107 131 0.1
107 589 0.01
107 420 0.01
107 544 0.01
107 489 0.01
107 427 0.1
107 233 0.1
107 642 0.001
107 495 0.01
107 210 0.01
107 21 0.001
107 269 0.001
107 393 0.01
107 221 0.1
107 211 0.001
107 490 0.1
107 36 0.01
107 107 0.01
107 318 0.01
107 162 0.01
107 2 0.01
107 736 0.01
107 748 0.001
107 747 0.01
107 89 0.1
107 284 0.01
107 98 0.001
107 730 0.001
107 410 0.01
107 252 0.1
107 127 0.001
107 708 0.001
107 279 0.001
107 209 0.1
107 79 0.1
107 434 0.01
107 68 0.1
107 129 0.01
107 401 0.001
107 896 0.001
107 172 0.001
107 395 0.1
107 467 0.1
107 448 0.1
107 142 0.1
107 429 0.001
107 183 0.1
107 809 0.001
107 285 0.001
107 478 0.01
107 139 0.01
107 237 0.001
107 481 0.01
107 319 0.001
107 236 0.1
107 69 0.1
107 932 0.001
107 856 0.1
107 859 0.001
107 70 0.001
107 954 0.001
107 963 0.001
107 690 0.01
107 78 0.001
107 597 0.01
107 438 0.001
107 166 0.001
107 226 0.1
107 726 0.001
107 124 0.001
107 207 0.001
107 64 0.001
107 509 0.1
107 179 0.1
107 468 0.01
107 18 0.001
107 96 0.01
107 591 0.1
107 214 0.01
107 568 0.01
107 201 0.01
107 206 0.01
107 222 0.01
108 109 0.001
108 66 0.001
108 110 0.001
108 111 0.01
108 112 0.001
108 190 0.01
108 509 0.001
108 108 0.1
108 375 0.01
108 357 0.01
108 329 0.1
108 290 0.001
108 420 0.01
108 328 0.1
108 473 0.1
108 81 0.1
108 91 0.01
108 474 0.001
108 143 0.1
108 356 0.001
108 477 0.01
108 514 0.001
108 258 0.01
108 478 0.01
108 90 0.1
108 69 0.1
108 64 0.01
108 300 0.01
108 183 0.01
108 67 0.001
108 469 0.1
108 652 0.01
108 476 0.01
108 93 0.001
108 155 0.1
108 301 0.01
108 409 0.1
109 62 0.1
109 51 0.001
109 108 0.01
109 366 0.001
110 108 0.01
110 111 0.1
110 110 0.01
110 121 0.1
110 474 0.01
110 91 0.01
111 108 0.001
112 108 0.01
112 375 0.001
112 357 0.001
112 112 0.001
112 356 0.001
112 91 0.01
112 368 0.001
112 469 0.1
113 114 0.1
113 160 0.001
113 47 0.001
113 417 0.1
113 151 0.1
113 361 0.1
113 263 0.1
113 444 0.1
113 318 0.001
113 423 0.001
113 245 0.1
113 442 0.001
113 333 0.01
113 443 0.01
113 547 0.1
113 171 0.001
113 28 0.1
113 41 0.1
113 51 0.1
113 250 0.001
113 40 0.01
113 183 0.001
113 133 0.01
113 527 0.1
113 113 0.1
113 455 0.001
113 339 0.01
113 494 0.001
113 96 0.001
113 486 0.001
113 32 0.01
113 115 0.001
113 280 0.001
113 107 0.01
113 485 0.001
113 301 0.001
113 48 0.1
113 168 0.01
113 725 0.1
113 438 0.1
113 478 0.01
113 338 0.1
113 86 0.01
113 76 0.1
113 116 0.01
113 329 0.01
113 26 0.01
113 847 0.001
113 176 0.001
113 426 0.01
113 169 0.1
113 177 0.001
113 36 0.01
113 62 0.1
113 84 0.001
113 434 0.1
113 367 0.001
113 419 0.1
113 914 0.1
113 473 0.01
113 976 0.001
113 925 0.001
113 983 0.001
113 919 0.001
113 23 0.1
113 981 0.001
113 165 0.001
113 220 0.01
113 543 0.1
113 106 0.1
113 556 0.01
113 950 0.001
114 155 0.1
114 113 0.1
114 361 0.01
114 129 0.001
114 263 0.001
114 318 0.01
114 256 0.1
114 365 0.1
114 340 0.01
114 169 0.001
114 527 0.1
114 245 0.1
114 283 0.01
114 63 0.01
114 62 0.1
114 28 0.001
114 165 0.1
114 367 0.1
114 417 0.001
114 371 0.001
114 78 0.01
114 531 0.1
114 208 0.1
114 333 0.1
114 48 0.001
114 495 0.001
114 105 0.01
114 4 0.01
114 210 0.01
114 2 0.1
114 3 0.1
114 137 0.1
114 46 0.1
114 278 0.1
114 115 0.1
114 326 0.001
114 183 0.01
114 363 0.1
114 438 0.001
114 212 0.01
114 444 0.001
114 114 0.001
114 423 0.1
114 486 0.001
114 547 0.1
114 339 0.001
114 121 0.001
114 133 0.01
114 160 0.1
114 82 0.001
114 434 0.1
114 443 0.001
114 442 0.001
114 47 0.01
114 76 0.001
114 485 0.1
114 171 0.1
114 106 0.001
114 166 0.001
114 419 0.001
114 254 0.1
114 464 0.001
114 249 0.1
114 329 0.1
114 290 0.1
114 168 0.001
114 128 0.001
114 211 0.1
114 640 0.1
114 107 0.001
114 229 0.1
114 338 0.01
114 405 0.1
114 455 0.01
114 686 0.001
114 152 0.001
114 81 0.1
114 767 0.01
114 303 0.01
114 355 0.001
114 255 0.1
114 170 0.01
114 184 0.01
114 280 0.001
114 609 0.01
114 145 0.1
114 366 0.01
114 725 0.1
114 426 0.1
114 96 0.001
114 220 0.01
114 44 0.1
114 362 0.001
114 533 0.1
114 116 0.1
114 172 0.1
114 847 0.1
114 83 0.1
114 89 0.1
114 655 0.01
114 51 0.001
114 356 0.1
114 820 0.1
114 30 0.001
114 234 0.01
114 158 0.01
114 21 0.01
114 80 0.001
114 892 0.001
114 300 0.001
114 173 0.001
114 896 0.1
114 375 0.1
114 925 0.001
114 35 0.1
114 24 0.1
114 261 0.01
114 473 0.01
114 87 0.1
114 919 0.001
114 976 0.01
114 39 0.01
114 36 0.01
114 411 0.1
114 983 0.1
114 981 0.001
114 420 0.001
115 116 0.001
115 62 0.01
115 212 0.01
115 169 0.001
115 170 0.01
115 136 0.1
115 427 0.01
115 338 0.1
115 337 0.1
115 436 0.01
115 123 0.1
115 437 0.01
115 165 0.001
115 336 0.001
115 438 0.001
115 251 0.1
115 439 0.01
115 135 0.01
115 339 0.01
115 23 0.001
115 107 0.1
115 115 0.001
115 302 0.1
115 5 0.1
115 252 0.01
115 363 0.001
115 245 0.01
115 114 0.001
115 96 0.001
115 63 0.001
115 87 0.001
115 155 0.1
115 42 0.01
115 280 0.001
115 494 0.1
115 113 0.01
115 420 0.001
115 82 0.01
115 121 0.1
115 455 0.1
115 142 0.001
115 434 0.001
115 424 0.01
115 229 0.01
115 166 0.1
115 612 0.001
115 513 0.001
115 366 0.01
115 184 0.001
115 548 0.1
115 373 0.01
115 64 0.001
115 261 0.01
115 233 0.001
115 58 0.01
115 301 0.01
115 171 0.1
115 38 0.1
115 443 0.01
115 417 0.01
115 333 0.01
115 84 0.01
115 533 0.001
115 753 0.001
115 492 0.1
115 816 0.001
115 453 0.001
115 493 0.1
115 41 0.001
115 361 0.1
115 531 0.01
115 79 0.001
115 160 0.001
115 249 0.001
115 860 0.01
115 28 0.1
115 367 0.01
115 340 0.01
115 173 0.01
115 546 0.001
115 16 0.1
115 283 0.1
115 263 0.001
115 145 0.1
115 105 0.01
115 460 0.01
115 83 0.1
115 615 0.1
115 442 0.01
115 820 0.1
115 128 0.1
115 812 0.01
115 30 0.001
115 486 0.01
115 900 0.1
115 208 0.001
115 172 0.01
115 318 0.01
115 232 0.001
115 31 0.001
115 644 0.001
115 914 0.1
115 355 0.1
115 422 0.01
115 978 0.01
115 932 0.1
115 883 0.1
115 152 0.1
115 987 0.01
115 411 0.01
115 421 0.001
115 163 0.001
116 169 0.01
116 338 0.01
116 336 0.1
116 136 0.01
116 251 0.001
116 361 0.001
116 115 0.001
116 47 0.001
116 27 0.1
116 170 0.001
116 116 0.001
116 339 0.001
116 417 0.1
116 438 0.1
116 245 0.1
116 135 0.1
116 96 0.01
116 337 0.1
116 133 0.01
116 261 0.01
116 531 0.1
116 79 0.01
116 165 0.001
116 123 0.01
116 464 0.01
116 151 0.001
116 113 0.01
116 329 0.1
116 443 0.001
116 29 0.1
116 30 0.1
116 128 0.1
116 280 0.01
116 32 0.1
116 725 0.01
116 34 0.001
116 35 0.01
116 437 0.01
116 340 0.1
116 39 0.01
116 171 0.1
116 40 0.1
116 207 0.01
116 434 0.01
116 370 0.1
116 160 0.1
116 38 0.01
116 816 0.01
116 753 0.001
116 74 0.01
116 263 0.001
116 28 0.1
116 23 0.01
116 114 0.001
116 470 0.001
116 183 0.001
116 655 0.001
116 460 0.1
116 513 0.001
116 129 0.1
116 548 0.001
116 367 0.001
116 914 0.1
116 118 0.1
116 455 0.1
116 420 0.001
116 883 0.001
116 987 0.1
116 411 0.01
117 118 0.001
117 189 0.01
117 100 0.001
117 121 0.1
117 409 0.001
117 211 0.01
117 223 0.1
117 170 0.001
117 62 0.001
117 106 0.001
117 160 0.1
117 117 0.01
117 460 0.01
118 117 0.01
118 118 0.1
118 13 0.01
118 20 0.01
118 84 0.01
118 420 0.1
118 51 0.1
118 511 0.1
118 209 0.01
118 128 0.1
118 301 0.01
118 183 0.1
118 549 0.001
118 495 0.001
118 597 0.1
118 116 0.1
118 279 0.001
118 409 0.001
118 387 0.001
118 651 0.1
118 21 0.1
118 132 0.001
118 756 0.1
118 121 0.01
118 748 0.01
118 83 0.1
118 326 0.01
118 300 0.1
118 667 0.1
119 333 0.01
120 17 0.001
120 79 0.01
120 120 0.001
120 218 0.001
120 5 0.01
120 133 0.001
120 232 0.001
120 94 0.001
120 101 0.1
120 377 0.1
120 758 0.01
120 333 0.1
120 18 0.001
120 0 0.1
121 212 0.01
121 82 0.1
121 105 0.1
121 233 0.001
121 145 0.001
121 546 0.1
121 209 0.01
121 71 0.001
121 121 0.001
121 110 0.01
121 84 0.001
121 83 0.001
121 393 0.1
121 427 0.1
121 41 0.1
121 142 0.1
121 174 0.001
121 283 0.01
121 533 0.01
121 249 0.01
121 371 0.01
121 362 0.001
121 127 0.001
121 468 0.001
121 531 0.01
121 642 0.01
121 114 0.001
121 128 0.01
121 130 0.01
121 169 0.001
121 296 0.1
121 129 0.01
121 187 0.001
121 36 0.1
121 18 0.1
121 63 0.001
121 210 0.1
121 21 0.001
121 107 0.01
121 180 0.001
121 441 0.01
121 44 0.01
121 420 0.1
121 489 0.001
121 256 0.1
121 462 0.01
121 153 0.1
121 355 0.001
121 404 0.1
121 269 0.01
121 46 0.01
121 303 0.001
121 367 0.001
121 115 0.1
121 28 0.1
121 23 0.1
121 495 0.001
121 147 0.001
121 58 0.1
121 285 0.001
121 211 0.001
121 183 0.1
121 137 0.001
121 366 0.01
121 612 0.1
121 189 0.001
121 792 0.1
121 453 0.01
121 493 0.01
121 117 0.1
121 434 0.001
121 186 0.01
121 4 0.001
121 132 0.01
121 10 0.1
121 81 0.001
121 219 0.1
121 290 0.001
121 423 0.1
121 550 0.1
121 544 0.01
121 226 0.1
121 163 0.1
121 490 0.01
121 80 0.1
121 234 0.001
121 767 0.1
121 552 0.01
121 543 0.001
121 281 0.01
121 222 0.001
121 19 0.01
121 357 0.1
121 372 0.01
121 223 0.1
121 474 0.001
121 518 0.001
121 411 0.01
121 714 0.01
121 184 0.001
121 326 0.1
121 480 0.01
121 368 0.001
121 143 0.001
121 661 0.001
121 401 0.01
121 165 0.01
121 282 0.01
121 649 0.1
121 280 0.01
121 68 0.1
121 203 0.001
121 601 0.001
121 345 0.01
121 278 0.01
121 221 0.001
121 17 0.001
121 340 0.001
121 77 0.001
121 820 0.01
121 329 0.01
121 856 0.001
121 365 0.1
121 796 0.1
121 173 0.01
121 333 0.01
121 88 0.001
121 160 0.1
121 1 0.1
121 191 0.001
121 548 0.001
121 228 0.001
121 99 0.1
121 438 0.1
121 747 0.001
121 540 0.1
121 168 0.001
121 172 0.01
121 526 0.01
121 426 0.1
121 93 0.001
121 261 0.001
121 232 0.1
121 78 0.001
121 308 0.1
121 217 0.001
121 432 0.001
121 252 0.1
121 29 0.1
121 306 0.01
121 647 0.01
121 748 0.001
121 230 0.1
121 245 0.01
121 568 0.01
121 236 0.1
121 242 0.01
121 96 0.001
121 726 0.001
121 759 0.001
121 151 0.1
121 353 0.1
121 890 0.1
121 190 0.1
121 12 0.001
121 316 0.1
121 324 0.1
121 288 0.001
121 424 0.01
121 719 0.001
121 520 0.1
121 74 0.1
121 395 0.1
121 356 0.1
121 125 0.001
121 179 0.1
121 30 0.1
121 338 0.01
121 158 0.1
121 27 0.01
121 318 0.01
121 654 0.001
121 15 0.01
121 20 0.001
121 255 0.01
121 253 0.1
121 263 0.001
121 51 0.001
121 116 0.1
121 152 0.001
121 154 0.1
121 118 0.1
121 166 0.01
121 693 0.001
121 301 0.001
121 752 0.01
121 144 0.01
121 615 0.001
121 300 0.01
121 492 0.001
121 87 0.001
121 363 0.001
121 513 0.001
121 373 0.1
121 594 0.01
121 13 0.1
121 254 0.1
121 651 0.01
121 79 0.001
121 131 0.01
121 494 0.001
121 86 0.001
121 859 0.001
121 215 0.01
121 31 0.01
121 963 0.01
121 208 0.01
121 425 0.01
121 473 0.01
121 419 0.1
121 433 0.01
121 458 0.001
122 123 0.1
122 179 0.1
122 122 0.01
122 347 0.01
122 351 0.1
122 376 0.01
122 191 0.1
122 180 0.001
122 60 0.01
122 231 0.1
122 130 0.001
122 656 0.01
122 103 0.001
122 95 0.01
122 167 0.01
122 397 0.001
122 150 0.001
122 515 0.001
122 156 0.001
122 468 0.1
122 168 0.1
122 411 0.01
123 122 0.01
123 103 0.01
123 172 0.1
123 61 0.1
123 123 0.1
123 338 0.001
123 438 0.01
123 41 0.1
123 115 0.01
123 251 0.001
123 169 0.001
123 337 0.1
123 681 0.1
123 116 0.001
123 96 0.1
123 455 0.1
123 180 0.001
123 420 0.001
123 450 0.01
123 31 0.01
123 95 0.1
123 302 0.01
123 275 0.001
123 900 0.001
123 170 0.1
123 165 0.001
123 339 0.01
123 987 0.01
123 411 0.1
124 125 0.01
124 64 0.1
124 124 0.1
124 404 0.01
124 708 0.001
124 424 0.1
124 45 0.001
124 371 0.1
124 99 0.01
124 282 0.001
124 429 0.001
124 592 0.001
124 354 0.001
124 98 0.001
124 97 0.001
124 353 0.001
124 323 0.001
124 618 0.1
124 640 0.001
124 768 0.1
124 100 0.1
124 662 0.001
124 101 0.001
124 185 0.001
124 139 0.01
124 706 0.001
124 166 0.01
124 405 0.1
124 892 0.01
124 300 0.01
124 173 0.001
124 896 0.01
124 142 0.01
124 513 0.01
124 335 0.001
125 353 0.1
125 125 0.1
125 5 0.001
125 283 0.001
125 98 0.1
125 62 0.01
125 404 0.1
125 100 0.01
125 354 0.01
125 708 0.001
125 97 0.001
125 371 0.001
125 323 0.001
125 618 0.001
125 640 0.1
125 99 0.001
125 101 0.001
125 142 0.001
125 937 0.01
125 166 0.001
125 15 0.1
125 124 0.01
125 768 0.001
125 424 0.01
126 13 0.1
126 211 0.1
126 286 0.001
126 58 0.001
126 126 0.1
126 586 0.1
126 552 0.1
126 208 0.001
126 271 0.1
126 137 0.1
126 55 0.1
126 723 0.1
126 698 0.001
126 138 0.1
126 56 0.001
126 411 0.1
126 174 0.001
126 2 0.1
126 57 0.1
126 6 0.1
126 812 0.01
126 285 0.1
126 131 0.001
126 63 0.001
126 54 0.001
127 128 0.1
127 129 0.001
127 130 0.01
127 318 0.1
127 21 0.1
127 20 0.001
127 189 0.1
127 37 0.001
127 105 0.01
127 160 0.01
127 22 0.1
127 92 0.01
127 1 0.1
127 169 0.01
127 107 0.1
127 377 0.01
127 227 0.001
127 533 0.1
127 36 0.001
127 613 0.1
128 86 0.1
128 62 0.001
128 205 0.1
128 128 0.001
128 197 0.1
128 51 0.1
128 41 0.001
128 129 0.001
128 28 0.001
128 593 0.1
128 474 0.001
128 371 0.01
128 114 0.1
128 16 0.1
128 256 0.01
128 165 0.001
128 42 0.001
128 64 0.01
128 143 0.001
128 167 0.1
128 283 0.001
128 365 0.01
128 207 0.001
128 526 0.001
128 215 0.001
128 378 0.1
128 196 0.1
128 166 0.1
128 200 0.01
128 160 0.001
128 107 0.1
128 94 0.1
128 201 0.1
128 21 0.01
128 133 0.1
128 340 0.001
128 169 0.001
128 367 0.01
128 63 0.01
128 95 0.1
128 155 0.001
128 405 0.01
128 346 0.01
128 434 0.01
128 363 0.001
128 206 0.01
128 280 0.01
128 82 0.01
128 172 0.001
128 93 0.01
128 820 0.01
128 218 0.01
128 249 0.1
128 15 0.1
128 362 0.1
128 183 0.01
128 199 0.001
128 35 0.01
128 157 0.1
128 79 0.01
128 53 0.001
128 220 0.01
128 214 0.01
128 327 0.001
128 486 0.001
128 105 0.001
128 44 0.1
128 30 0.01
128 290 0.001
128 36 0.01
128 106 0.01
128 576 0.001
128 420 0.001
128 118 0.001
128 1 0.001
128 81 0.001
128 116 0.001
128 419 0.001
128 204 0.01
128 388 0.1
128 23 0.1
128 5 0.001
128 557 0.001
128 6 0.1
128 210 0.01
128 734 0.01
128 13 0.01
128 203 0.1
128 152 0.001
128 27 0.01
128 494 0.01
128 343 0.001
128 430 0.001
128 917 0.001
128 11 0.01
128 377 0.1
128 940 0.01
128 295 0.1
128 445 0.01
128 121 0.1
128 900 0.001
128 209 0.001
128 87 0.1
128 932 0.1
128 974 0.001
128 607 0.01
128 955 0.001
128 14 0.001
128 490 0.01
128 52 0.001
129 183 0.01
129 270 0.1
129 278 0.1
129 294 0.1
129 168 0.01
129 114 0.01
129 365 0.001
129 450 0.1
129 172 0.001
129 493 0.001
129 256 0.1
129 486 0.001
129 458 0.001
129 600 0.1
129 128 0.01
129 585 0.001
129 572 0.1
129 413 0.01
129 211 0.1
129 371 0.001
129 169 0.01
129 495 0.01
129 329 0.001
129 249 0.01
129 343 0.01
129 568 0.1
129 130 0.1
129 434 0.001
129 180 0.01
129 41 0.1
129 115 0.001
129 173 0.01
129 290 0.001
129 42 0.001
129 165 0.01
129 401 0.1
129 129 0.01
129 93 0.001
129 542 0.001
129 62 0.01
129 280 0.001
129 526 0.001
129 426 0.1
129 53 0.001
129 133 0.01
129 232 0.001
129 440 0.001
129 14 0.01
129 403 0.001
129 292 0.001
129 35 0.1
129 291 0.1
129 46 0.01
129 63 0.01
129 296 0.01
129 714 0.001
129 212 0.01
129 623 0.01
129 275 0.01
129 346 0.1
129 47 0.1
129 405 0.1
129 543 0.001
129 176 0.001
129 198 0.001
129 308 0.01
129 515 0.001
129 186 0.01
129 28 0.001
129 438 0.01
129 340 0.01
129 611 0.01
129 789 0.01
129 694 0.01
129 615 0.1
129 464 0.001
129 840 0.01
129 457 0.001
129 81 0.001
129 44 0.01
129 362 0.1
129 303 0.1
129 210 0.1
129 19 0.01
129 21 0.1
129 106 0.1
129 351 0.001
129 399 0.1
129 160 0.001
129 363 0.1
129 544 0.1
129 107 0.1
129 557 0.1
129 121 0.1
129 166 0.1
129 283 0.01
129 422 0.001
129 87 0.01
129 419 0.001
129 695 0.1
129 214 0.01
129 113 0.01
129 367 0.001
129 576 0.001
129 203 0.1
129 64 0.001
129 460 0.1
129 123 0.001
129 231 0.001
129 820 0.001
129 162 0.01
129 563 0.001
129 285 0.001
129 286 0.001
129 187 0.01
129 430 0.01
129 116 0.01
129 88 0.1
129 188 0.1
129 184 0.001
129 105 0.1
129 65 0.001
129 909 0.001
129 208 0.1
129 86 0.01
129 221 0.1
129 922 0.01
129 562 0.1
129 473 0.01
129 161 0.01
129 748 0.1
129 546 0.01
129 282 0.01
129 484 0.1
129 932 0.001
129 377 0.1
130 130 0.1
131 132 0.01
131 411 0.01
131 271 0.1
131 87 0.01
131 131 0.01
131 366 0.1
131 717 0.1
131 83 0.001
131 163 0.01
131 282 0.1
131 211 0.01
131 58 0.1
131 96 0.01
131 101 0.01
131 481 0.01
131 57 0.001
131 809 0.1
131 532 0.001
131 64 0.1
131 586 0.001
131 63 0.001
131 832 0.01
131 160 0.1
131 249 0.01
131 283 0.1
131 949 0.1
131 612 0.001
131 950 0.1
131 252 0.001
131 859 0.1
131 422 0.001
131 55 0.1
131 305 0.1
131 2 0.01
131 208 0.1
131 552 0.001
131 212 0.01
131 285 0.1
131 54 0.001
131 698 0.001
131 683 0.001
131 373 0.01
131 126 0.01
131 646 0.01
131 604 0.1
131 121 0.1
131 419 0.001
131 82 0.01
131 963 0.01
131 932 0.001
132 411 0.1
132 132 0.001
132 285 0.1
132 271 0.001
132 62 0.1
132 166 0.01
132 283 0.01
132 131 0.1
132 6 0.01
132 305 0.001
132 211 0.01
132 63 0.001
132 282 0.01
132 16 0.001
132 424 0.01
132 256 0.01
132 107 0.01
132 532 0.1
132 160 0.1
132 481 0.01
132 54 0.001
132 158 0.1
132 5 0.01
132 236 0.01
132 371 0.001
132 106 0.1
132 82 0.1
132 121 0.001
132 434 0.01
132 552 0.1
132 58 0.1
132 807 0.01
132 210 0.1
132 242 0.001
132 89 0.1
132 809 0.1
132 192 0.1
132 142 0.1
132 249 0.01
132 366 0.001
132 738 0.01
132 243 0.001
132 86 0.001
132 208 0.001
132 217 0.001
132 252 0.1
132 518 0.001
132 258 0.1
132 46 0.001
132 405 0.01
132 87 0.01
132 301 0.1
132 599 0.1
132 949 0.01
132 194 0.01
132 152 0.001
132 234 0.01
132 859 0.1
133 18 0.01
133 307 0.01
133 399 0.001
133 167 0.1
133 400 0.01
133 133 0.1
133 401 0.001
133 232 0.001
133 291 0.01
133 284 0.1
133 206 0.001
133 402 0.01
133 52 0.001
133 179 0.1
133 403 0.001
133 51 0.01
133 128 0.01
133 280 0.01
133 557 0.001
133 41 0.01
133 201 0.01
133 143 0.01
133 65 0.01
133 568 0.001
133 170 0.01
133 113 0.01
133 64 0.1
133 493 0.01
133 79 0.1
133 114 0.1
133 531 0.01
133 256 0.1
133 445 0.001
133 308 0.001
133 155 0.001
133 107 0.001
133 165 0.1
133 28 0.1
133 340 0.1
133 129 0.01
133 169 0.1
133 367 0.01
133 365 0.1
133 168 0.1
133 160 0.1
133 44 0.01
133 62 0.1
133 183 0.001
133 11 0.1
133 10 0.01
133 172 0.001
133 93 0.1
133 464 0.001
133 292 0.001
133 544 0.01
133 14 0.001
133 30 0.01
133 346 0.01
133 362 0.01
133 166 0.001
133 405 0.001
133 377 0.1
133 162 0.001
133 60 0.001
133 106 0.1
133 208 0.01
133 333 0.1
133 581 0.001
133 337 0.01
133 25 0.1
133 361 0.1
133 27 0.01
133 417 0.1
133 443 0.001
133 116 0.1
133 261 0.001
133 482 0.01
133 336 0.01
133 136 0.1
133 39 0.001
133 171 0.01
133 135 0.001
133 545 0.1
133 547 0.001
133 5 0.01
133 283 0.001
133 42 0.001
133 142 0.1
133 820 0.1
133 419 0.01
133 181 0.1
133 600 0.1
133 420 0.1
134 6 0.1
134 372 0.001
134 553 0.01
134 482 0.01
134 173 0.01
134 521 0.1
134 598 0.1
134 340 0.001
134 554 0.001
134 535 0.001
134 133 0.01
134 74 0.1
134 373 0.1
134 134 0.01
134 5 0.01
134 64 0.001
134 10 0.1
134 867 0.01
134 523 0.01
134 777 0.01
134 766 0.1
135 136 0.1
135 135 0.01
135 336 0.001
135 437 0.01
135 251 0.1
135 96 0.001
135 116 0.1
135 75 0.1
135 115 0.01
135 337 0.001
135 40 0.001
135 409 0.1
135 165 0.1
135 62 0.01
135 361 0.001
135 455 0.001
135 443 0.001
135 338 0.001
135 339 0.01
135 860 0.01
135 23 0.1
135 5 0.1
135 914 0.1
136 115 0.1
136 337 0.01
136 135 0.001
136 251 0.001
136 41 0.1
136 89 0.1
136 464 0.001
136 116 0.01
136 165 0.001
136 27 0.1
136 437 0.1
136 170 0.01
136 455 0.1
136 361 0.1
136 169 0.01
136 151 0.01
136 136 0.1
137 138 0.1
137 137 0.1
137 175 0.01
137 174 0.001
137 208 0.01
137 57 0.01
137 107 0.001
137 92 0.001
137 365 0.01
137 520 0.1
137 59 0.01
137 303 0.01
137 286 0.1
137 301 0.001
137 2 0.1
137 685 0.1
137 121 0.1
137 63 0.001
137 62 0.1
137 571 0.01
137 21 0.01
137 22 0.01
137 56 0.1
137 54 0.1
137 408 0.01
137 281 0.01
137 20 0.01
137 81 0.1
137 211 0.001
137 665 0.01
137 305 0.001
137 4 0.01
137 3 0.001
137 815 0.01
137 129 0.01
137 46 0.1
137 552 0.01
137 329 0.001
137 126 0.01
137 285 0.1
137 166 0.1
137 420 0.01
137 183 0.1
137 139 0.001
137 160 0.1
137 194 0.1
137 859 0.01
137 546 0.1
137 880 0.01
137 812 0.01
137 87 0.001
137 80 0.001
137 6 0.001
137 252 0.01
137 155 0.01
137 58 0.1
137 210 0.001
137 371 0.01
137 272 0.001
137 877 0.001
137 663 0.1
137 679 0.01
137 412 0.001
137 88 0.01
137 164 0.001
137 298 0.01
137 434 0.1
138 137 0.1
138 58 0.001
138 211 0.01
138 286 0.1
138 56 0.001
138 481 0.1
138 409 0.1
138 2 0.001
138 57 0.1
138 160 0.001
138 305 0.1
138 815 0.01
138 408 0.1
138 285 0.001
138 63 0.01
138 685 0.1
138 126 0.001
138 86 0.01
138 54 0.1
138 809 0.001
138 59 0.001
138 252 0.1
138 4 0.01
138 412 0.1
138 420 0.001
138 301 0.001
138 3 0.01
138 990 0.001
138 880 0.001
138 921 0.1
139 140 0.001
139 15 0.01
139 46 0.01
139 129 0.1
139 445 0.01
139 342 0.001
139 164 0.1
139 429 0.001
139 139 0.1
139 269 0.01
139 428 0.001
139 581 0.001
139 446 0.001
139 447 0.001
139 448 0.01
139 461 0.001
139 45 0.001
139 592 0.01
139 273 0.1
139 282 0.001
139 124 0.1
139 819 0.1
139 216 0.1
139 334 0.01
139 107 0.1
139 335 0.1
139 76 0.1
139 933 0.01
139 541 0.01
139 274 0.01
140 139 0.001
140 446 0.001
140 447 0.01
140 448 0.1
140 174 0.01
140 269 0.001
140 5 0.1
140 164 0.1
140 429 0.001
140 322 0.01
140 428 0.1
140 334 0.01
140 6 0.001
140 46 0.1
140 15 0.01
140 644 0.01
140 45 0.01
140 282 0.001
140 592 0.1
140 461 0.01
140 617 0.001
140 216 0.001
140 819 0.01
140 274 0.1
140 64 0.1
140 335 0.1
140 140 0.01
140 272 0.01
140 929 0.01
140 301 0.01
140 735 0.01
141 142 0.01
141 332 0.001
141 7 0.1
141 430 0.001
141 466 0.001
141 64 0.01
141 359 0.001
141 529 0.01
141 498 0.01
141 362 0.01
141 496 0.1
141 674 0.1
141 510 0.01
141 506 0.1
141 62 0.1
141 44 0.001
141 11 0.01
141 566 0.01
141 8 0.1
141 86 0.1
141 161 0.001
141 729 0.01
141 452 0.1
141 12 0.001
141 421 0.1
141 51 0.001
141 499 0.001
141 213 0.01
141 14 0.01
141 141 0.01
141 266 0.01
141 504 0.1
141 265 0.1
141 249 0.1
141 365 0.01
141 19 0.1
141 438 0.001
141 327 0.01
141 166 0.01
141 431 0.001
141 488 0.1
141 358 0.001
141 232 0.1
141 6 0.1
141 502 0.1
141 81 0.01
141 573 0.01
141 9 0.1
141 856 0.01
141 608 0.1
141 360 0.001
141 661 0.001
141 602 0.001
141 525 0.001
141 407 0.001
141 533 0.1
141 5 0.01
141 672 0.01
141 666 0.01
141 293 0.01
141 957 0.01
141 951 0.01
141 913 0.01
141 420 0.01
141 601 0.001
141 107 0.01
141 922 0.1
142 355 0.1
142 187 0.001
142 576 0.001
142 282 0.01
142 450 0.1
142 283 0.001
142 41 0.01
142 183 0.1
142 366 0.1
142 121 0.1
142 210 0.1
142 236 0.01
142 23 0.01
142 427 0.01
142 248 0.1
142 74 0.01
142 254 0.1
142 152 0.01
142 667 0.01
142 31 0.001
142 353 0.001
142 285 0.01
142 172 0.1
142 474 0.1
142 163 0.1
142 62 0.001
142 571 0.001
142 19 0.1
142 226 0.001
142 115 0.001
142 367 0.001
142 338 0.001
142 83 0.001
142 82 0.01
142 85 0.1
142 4 0.1
142 820 0.001
142 58 0.01
142 84 0.1
142 233 0.001
142 393 0.01
142 508 0.001
142 441 0.01
142 434 0.1
142 340 0.001
142 216 0.001
142 333 0.1
142 458 0.001
142 80 0.1
142 166 0.01
142 184 0.1
142 291 0.01
142 467 0.1
142 375 0.1
142 303 0.001
142 424 0.001
142 165 0.1
142 20 0.01
142 77 0.01
142 253 0.01
142 756 0.1
142 828 0.01
142 131 0.001
142 269 0.1
142 180 0.001
142 856 0.001
142 404 0.1
142 493 0.001
142 153 0.01
142 17 0.001
142 173 0.01
142 453 0.1
142 147 0.001
142 812 0.1
142 64 0.01
142 577 0.01
142 106 0.001
142 142 0.01
142 593 0.1
142 357 0.01
142 418 0.001
142 100 0.01
142 125 0.001
142 356 0.01
142 747 0.01
142 494 0.01
142 86 0.01
142 300 0.1
142 896 0.001
142 280 0.1
142 263 0.001
142 129 0.01
142 45 0.1
142 963 0.1
142 105 0.1
142 145 0.01
142 160 0.01
142 222 0.001
142 124 0.1
142 88 0.1
142 859 0.01
142 271 0.001
142 10 0.001
142 211 0.001
142 81 0.01
142 531 0.01
142 128 0.1
142 28 0.01
142 133 0.001
142 44 0.1
142 296 0.001
142 1 0.01
142 783 0.01
142 256 0.1
142 483 0.01
142 932 0.1
142 597 0.01
142 46 0.1
142 68 0.001
142 151 0.01
143 143 0.001
143 51 0.01
143 133 0.001
143 375 0.01
143 484 0.1
143 41 0.1
143 474 0.1
143 329 0.1
143 478 0.1
143 340 0.1
143 357 0.001
143 62 0.001
143 419 0.01
143 328 0.01
143 90 0.1
143 93 0.01
143 290 0.1
143 413 0.1
143 108 0.1
143 91 0.1
143 548 0.1
143 201 0.01
143 469 0.001
143 86 0.01
143 166 0.1
143 480 0.01
143 10 0.001
143 197 0.1
143 326 0.1
143 128 0.1
143 172 0.001
143 758 0.001
143 325 0.001
143 142 0.01
143 121 0.01
143 18 0.01
143 82 0.001
143 482 0.01
143 714 0.1
143 42 0.001
143 405 0.01
144 145 0.1
144 254 0.1
144 186 0.001
144 492 0.01
144 546 0.01
144 283 0.001
144 166 0.01
144 433 0.001
144 434 0.1
144 144 0.1
145 87 0.1
145 252 0.01
145 121 0.1
145 212 0.001
145 42 0.001
145 427 0.01
145 145 0.001
145 233 0.01
145 105 0.01
145 546 0.01
145 249 0.1
145 462 0.01
145 106 0.001
145 571 0.001
145 615 0.01
145 160 0.001
145 434 0.1
145 474 0.01
145 58 0.01
145 300 0.001
145 256 0.1
145 303 0.001
145 828 0.01
145 771 0.001
145 269 0.1
145 518 0.01
145 46 0.01
145 144 0.01
145 271 0.01
145 170 0.001
145 114 0.01
145 591 0.001
145 115 0.01
145 188 0.001
145 255 0.01
145 4 0.01
145 21 0.1
145 393 0.01
145 422 0.001
145 856 0.1
145 147 0.1
145 832 0.01
145 187 0.001
145 17 0.001
145 290 0.001
145 166 0.001
145 180 0.1
145 333 0.1
145 299 0.001
145 239 0.1
145 950 0.1
145 366 0.1
145 163 0.1
145 283 0.1
145 86 0.01
145 83 0.01
145 404 0.1
145 999 0.001
145 326 0.1
145 20 0.1
145 612 0.001
146 147 0.01
146 0 0.001
146 146 0.01
146 52 0.1
146 67 0.1
146 66 0.01
146 187 0.001
146 779 0.1
146 1 0.001
146 299 0.001
146 615 0.001
146 18 0.01
146 81 0.01
146 189 0.01
146 601 0.001
146 166 0.1
146 316 0.01
146 368 0.01
146 177 0.001
146 120 0.01
146 21 0.1
146 17 0.001
146 183 0.01
146 85 0.001
146 160 0.001
146 226 0.01
146 533 0.1
147 62 0.001
147 249 0.001
147 212 0.1
147 42 0.001
147 105 0.01
147 152 0.01
147 87 0.001
147 460 0.1
147 434 0.001
147 189 0.01
147 160 0.1
147 1 0.001
147 329 0.001
147 85 0.1
147 106 0.1
147 316 0.1
147 612 0.1
147 424 0.001
147 615 0.001
147 166 0.1
147 82 0.01
147 121 0.001
147 533 0.01
147 173 0.01
147 269 0.001
147 233 0.01
147 115 0.1
147 107 0.001
147 254 0.001
147 546 0.001
147 366 0.1
147 301 0.1
147 513 0.01
147 644 0.001
147 17 0.01
147 145 0.1
147 142 0.001
147 13 0.01
147 83 0.01
147 422 0.1
147 154 0.01
147 155 0.1
147 473 0.001
147 932 0.1
147 859 0.001
148 149 0.01
148 468 0.1
148 402 0.1
148 344 0.1
148 191 0.001
148 148 0.01
148 262 0.01
148 434 0.1
148 377 0.01
148 349 0.001
148 180 0.01
148 150 0.1
148 401 0.001
148 179 0.001
148 224 0.1
148 280 0.001
148 225 0.1
149 148 0.1
149 149 0.01
149 277 0.001
149 284 0.001
149 180 0.001
149 157 0.001
149 191 0.01
149 344 0.1
149 420 0.001
149 440 0.1
149 88 0.001
149 64 0.001
149 655 0.1
149 575 0.01
149 206 0.01
149 160 0.01
149 167 0.1
149 349 0.001
149 490 0.01
149 621 0.1
149 347 0.01
149 179 0.1
149 6 0.01
149 381 0.1
149 150 0.1
149 656 0.1
150 103 0.01
150 150 0.01
150 393 0.1
150 377 0.001
150 368 0.01
150 104 0.01
150 181 0.01
150 60 0.001
150 397 0.01
150 250 0.1
150 148 0.001
150 381 0.1
150 741 0.1
150 191 0.01
150 301 0.01
150 149 0.1
150 820 0.01
150 295 0.01
150 122 0.01
150 378 0.001
150 215 0.1
150 179 0.001
150 389 0.001
151 28 0.001
151 438 0.1
151 35 0.1
151 34 0.1
151 29 0.001
151 753 0.1
151 39 0.1
151 30 0.01
151 417 0.01
151 361 0.001
151 367 0.001
151 136 0.01
151 151 0.1
151 261 0.001
151 748 0.01
151 165 0.1
151 85 0.001
151 37 0.1
151 655 0.001
151 251 0.1
151 24 0.1
151 424 0.1
151 494 0.001
151 121 0.01
151 427 0.1
151 86 0.001
151 23 0.1
151 32 0.001
151 142 0.001
151 816 0.01
151 27 0.01
152 153 0.001
152 147 0.001
152 467 0.01
152 62 0.001
152 364 0.01
152 121 0.1
152 492 0.01
152 212 0.001
152 256 0.001
152 41 0.1
152 269 0.001
152 365 0.01
152 183 0.1
152 333 0.01
152 518 0.1
152 433 0.001
152 366 0.001
152 154 0.01
152 114 0.001
152 283 0.001
152 107 0.1
152 166 0.001
152 160 0.01
152 340 0.001
152 70 0.1
152 84 0.1
152 288 0.1
152 116 0.001
152 87 0.001
152 92 0.001
152 79 0.1
152 431 0.001
152 355 0.001
152 440 0.01
152 74 0.01
152 612 0.001
152 49 0.001
152 271 0.01
152 82 0.1
152 115 0.1
152 404 0.1
152 187 0.1
152 132 0.001
152 21 0.1
152 458 0.001
152 395 0.01
152 494 0.1
152 86 0.1
153 152 0.1
153 62 0.1
153 366 0.001
153 107 0.001
153 282 0.001
153 142 0.001
153 87 0.1
153 212 0.1
153 612 0.1
153 434 0.01
153 283 0.001
153 256 0.1
153 16 0.001
153 301 0.1
153 154 0.001
153 121 0.1
153 160 0.1
153 654 0.1
153 105 0.01
153 333 0.01
153 249 0.01
153 50 0.001
153 856 0.001
153 23 0.001
153 393 0.1
153 404 0.001
153 493 0.001
153 83 0.1
153 58 0.1
153 427 0.1
153 474 0.01
153 180 0.1
153 49 0.01
153 424 0.001
153 115 0.01
153 173 0.001
153 820 0.01
153 859 0.01
153 86 0.1
153 166 0.1
153 494 0.1
153 82 0.1
153 984 0.01
153 932 0.1
153 422 0.01
153 211 0.001
154 155 0.001
154 87 0.1
154 363 0.001
154 62 0.1
154 518 0.1
154 173 0.001
154 105 0.001
154 533 0.001
154 434 0.1
154 647 0.1
154 269 0.01
154 412 0.01
154 183 0.001
154 654 0.001
154 107 0.01
154 154 0.001
154 393 0.001
154 422 0.1
154 513 0.001
154 546 0.1
154 252 0.1
154 209 0.001
154 493 0.01
154 474 0.01
154 17 0.1
154 114 0.1
154 820 0.001
154 932 0.1
154 492 0.01
154 106 0.01
154 495 0.1
154 236 0.01
154 424 0.1
154 954 0.1
154 282 0.01
154 963 0.01
155 213 0.01
155 215 0.001
155 114 0.1
155 208 0.1
155 284 0.1
155 285 0.001
155 512 0.001
155 518 0.001
155 429 0.001
155 470 0.01
155 393 0.1
155 188 0.01
155 520 0.1
155 154 0.001
155 87 0.1
155 31 0.01
155 128 0.1
155 495 0.1
155 106 0.001
155 1 0.01
155 223 0.001
155 211 0.001
155 363 0.1
155 209 0.01
155 351 0.001
155 46 0.01
155 145 0.001
155 655 0.1
155 337 0.01
155 420 0.001
155 153 0.001
155 18 0.001
155 326 0.001
155 81 0.001
155 130 0.001
155 189 0.001
155 19 0.01
155 301 0.001
155 95 0.1
155 183 0.01
155 546 0.01
155 855 0.01
155 849 0.01
155 173 0.001
155 739 0.01
155 221 0.01
155 150 0.1
155 181 0.1
155 108 0.1
155 187 0.1
155 22 0.1
155 147 0.1
155 541 0.001
155 589 0.001
155 98 0.01
155 44 0.1
155 486 0.001
155 236 0.001
155 104 0.01
155 593 0.1
155 157 0.01
155 377 0.001
155 877 0.1
156 157 0.1
156 179 0.1
156 191 0.1
156 342 0.01
156 697 0.01
156 645 0.01
156 377 0.1
156 180 0.001
156 349 0.01
156 381 0.001
156 232 0.1
156 907 0.01
156 345 0.001
156 122 0.1
156 906 0.1
156 321 0.01
156 734 0.001
157 395 0.001
157 191 0.01
157 396 0.001
157 6 0.001
157 64 0.1
157 377 0.001
157 379 0.001
157 376 0.001
157 5 0.001
157 397 0.1
157 156 0.1
157 157 0.1
157 342 0.01
157 345 0.01
157 346 0.01
157 214 0.1
157 350 0.001
157 351 0.001
157 483 0.001
157 668 0.01
157 352 0.001
157 61 0.01
157 380 0.01
157 179 0.01
157 681 0.01
157 178 0.001
157 719 0.01
157 296 0.1
157 489 0.01
157 388 0.001
157 104 0.1
157 381 0.001
157 389 0.01
157 392 0.1
157 393 0.001
157 320 0.01
157 378 0.01
157 103 0.1
157 382 0.01
157 181 0.01
157 383 0.001
157 283 0.1
157 385 0.01
157 386 0.1
157 387 0.1
157 390 0.1
157 394 0.01
157 250 0.01
157 398 0.001
157 368 0.01
157 60 0.01
157 150 0.1
157 295 0.001
157 308 0.01
157 391 0.01
157 321 0.1
157 182 0.1
157 344 0.1
157 231 0.1
157 53 0.1
157 149 0.001
157 128 0.1
157 384 0.1
157 284 0.01
157 130 0.1
157 174 0.1
157 347 0.01
157 180 0.1
157 734 0.1
157 278 0.01
158 159 0.01
158 62 0.001
158 237 0.1
158 209 0.01
158 238 0.1
158 241 0.1
158 242 0.1
158 599 0.01
158 210 0.01
158 158 0.01
158 639 0.001
158 107 0.01
158 234 0.1
158 240 0.1
158 174 0.001
158 233 0.001
158 132 0.1
158 319 0.001
158 235 0.1
158 236 0.001
158 243 0.01
158 244 0.1
158 3 0.001
158 63 0.01
158 4 0.1
158 2 0.001
158 137 0.1
158 239 0.01
158 105 0.01
158 405 0.01
158 434 0.001
158 89 0.01
158 58 0.001
158 121 0.001
158 931 0.01
158 927 0.1
158 930 0.01
158 926 0.001
158 950 0.001
158 963 0.01
159 209 0.01
159 233 0.1
159 237 0.01
159 210 0.001
159 234 0.001
159 238 0.1
159 158 0.01
159 235 0.01
159 240 0.001
159 236 0.001
159 241 0.001
159 242 0.001
159 243 0.1
159 244 0.1
159 631 0.01
159 159 0.001
159 11 0.001
159 89 0.1
159 62 0.01
159 440 0.01
159 215 0.001
159 105 0.1
159 434 0.01
159 301 0.001
159 820 0.1
159 303 0.001
159 460 0.1
159 931 0.1
159 963 0.001
159 160 0.01
159 926 0.001
159 927 0.1
159 166 0.001
160 161 0.01
160 28 0.001
160 23 0.001
160 187 0.001
160 190 0.1
160 113 0.001
160 263 0.1
160 405 0.1
160 18 0.001
160 284 0.01
160 362 0.1
160 300 0.001
160 180 0.01
160 45 0.1
160 321 0.1
160 61 0.1
160 319 0.1
160 338 0.1
160 314 0.01
160 17 0.001
160 42 0.1
160 367 0.001
160 377 0.001
160 106 0.1
160 280 0.1
160 41 0.01
160 320 0.01
160 133 0.01
160 478 0.001
160 81 0.1
160 453 0.001
160 51 0.01
160 237 0.01
160 165 0.001
160 104 0.1
160 4 0.001
160 153 0.01
160 495 0.01
160 147 0.01
160 233 0.001
160 114 0.001
160 103 0.001
160 393 0.001
160 35 0.001
160 467 0.01
160 430 0.001
160 337 0.001
160 336 0.001
160 135 0.01
160 576 0.1
160 361 0.01
160 446 0.01
160 136 0.001
160 380 0.001
160 474 0.1
160 258 0.01
160 557 0.1
160 397 0.001
160 58 0.01
160 417 0.001
160 318 0.001
160 401 0.001
160 173 0.1
160 250 0.1
160 242 0.1
160 150 0.001
160 145 0.1
160 323 0.001
160 163 0.001
160 128 0.001
160 130 0.001
160 80 0.1
160 251 0.01
160 352 0.01
160 441 0.01
160 212 0.001
160 394 0.01
160 748 0.1
160 55 0.1
160 179 0.001
160 343 0.1
160 641 0.001
160 90 0.01
160 181 0.1
160 685 0.1
160 298 0.001
160 342 0.1
160 249 0.1
160 89 0.1
160 68 0.01
160 63 0.001
160 481 0.1
160 356 0.001
160 132 0.01
160 482 0.001
160 78 0.1
160 345 0.001
160 184 0.01
160 189 0.001
160 468 0.01
160 224 0.01
160 278 0.001
160 129 0.01
160 340 0.01
160 520 0.1
160 294 0.01
160 368 0.01
160 142 0.01
160 44 0.1
160 270 0.001
160 611 0.1
160 486 0.001
160 375 0.01
160 296 0.001
160 183 0.01
160 681 0.1
160 509 0.001
160 69 0.01
160 388 0.001
160 541 0.001
160 201 0.001
160 232 0.01
160 562 0.001
160 667 0.1
160 236 0.01
160 404 0.1
160 138 0.01
160 216 0.01
160 349 0.1
160 376 0.01
160 730 0.001
160 20 0.1
160 400 0.1
160 21 0.01
160 116 0.01
160 79 0.01
160 428 0.01
160 2 0.01
160 87 0.001
160 426 0.01
160 329 0.01
160 171 0.1
160 127 0.01
160 672 0.01
160 210 0.01
160 115 0.001
160 169 0.001
160 166 0.001
160 786 0.1
160 292 0.1
160 269 0.01
160 137 0.01
160 379 0.1
160 548 0.01
160 164 0.01
160 316 0.001
160 326 0.1
160 448 0.001
160 281 0.01
160 158 0.1
160 285 0.001
160 381 0.01
160 820 0.01
160 170 0.1
160 214 0.001
160 828 0.001
160 47 0.1
160 65 0.001
160 262 0.1
160 333 0.1
160 206 0.01
160 435 0.01
160 286 0.1
160 230 0.001
160 464 0.1
160 12 0.1
160 690 0.1
160 466 0.1
160 3 0.1
160 275 0.1
160 424 0.1
160 226 0.001
160 539 0.1
160 188 0.001
160 666 0.01
160 139 0.01
160 480 0.01
160 736 0.001
160 776 0.01
160 306 0.001
160 591 0.001
160 610 0.1
160 19 0.01
160 351 0.1
160 197 0.01
160 91 0.1
160 303 0.1
160 369 0.001
160 427 0.01
160 8 0.01
160 143 0.01
160 410 0.01
160 40 0.001
160 493 0.01
160 159 0.001
160 245 0.001
160 221 0.001
160 452 0.001
160 140 0.1
160 30 0.01
160 207 0.1
160 592 0.001
160 149 0.001
160 385 0.01
160 29 0.01
160 36 0.01
160 191 0.001
160 504 0.001
160 148 0.01
160 663 0.01
160 327 0.1
160 152 0.01
160 310 0.001
160 856 0.01
160 832 0.1
160 10 0.1
160 818 0.01
160 160 0.1
160 209 0.01
160 778 0.001
160 141 0.01
160 54 0.01
160 85 0.1
160 371 0.1
160 66 0.1
160 519 0.01
160 107 0.001
160 302 0.001
160 59 0.1
160 25 0.001
160 283 0.1
160 83 0.1
160 57 0.1
160 550 0.001
160 549 0.001
160 56 0.01
160 526 0.01
160 193 0.001
160 498 0.001
160 552 0.001
160 621 0.01
160 551 0.1
160 67 0.01
160 240 0.1
160 559 0.001
160 812 0.01
160 747 0.01
160 882 0.01
160 355 0.001
160 261 0.001
160 131 0.1
160 156 0.01
160 312 0.01
160 395 0.01
160 353 0.001
160 533 0.001
160 589 0.01
160 347 0.1
160 218 0.001
160 892 0.01
160 896 0.1
160 108 0.001
160 223 0.01
160 431 0.01
160 418 0.01
160 582 0.01
160 506 0.1
160 264 0.1
160 252 0.1
160 458 0.1
160 27 0.001
160 279 0.1
160 308 0.1
160 573 0.001
160 195 0.1
160 268 0.01
160 877 0.001
160 724 0.01
160 512 0.1
160 282 0.01
160 287 0.001
160 859 0.01
160 454 0.1
160 117 0.01
160 406 0.001
160 717 0.01
160 471 0.01
160 413 0.001
160 501 0.1
160 255 0.001
160 162 0.1
160 205 0.001
160 222 0.01
160 809 0.01
160 906 0.1
160 256 0.1
160 445 0.001
160 484 0.001
160 92 0.01
160 676 0.1
160 440 0.01
160 389 0.001
160 963 0.1
160 821 0.001
160 200 0.001
160 123 0.01
160 82 0.1
160 880 0.001
160 96 0.1
160 194 0.001
160 423 0.001
160 826 0.01
160 799 0.1
160 492 0.01
160 339 0.001
160 490 0.001
160 601 0.1
160 15 0.01
160 228 0.01
160 429 0.001
160 529 0.01
160 496 0.001
160 857 0.1
160 346 0.01
161 7 0.001
161 12 0.01
161 569 0.1
161 161 0.1
161 121 0.01
161 267 0.001
161 19 0.1
161 363 0.001
161 44 0.001
161 666 0.001
161 141 0.01
161 160 0.01
161 405 0.01
161 358 0.001
161 314 0.1
161 504 0.01
161 496 0.001
161 87 0.1
161 707 0.1
161 661 0.01
161 555 0.001
161 754 0.1
161 264 0.001
161 265 0.01
161 452 0.01
161 129 0.001
162 288 0.001
162 71 0.01
162 84 0.001
162 492 0.001
162 532 0.001
162 541 0.001
162 393 0.001
162 190 0.001
162 433 0.001
162 549 0.1
162 163 0.1
162 404 0.01
162 249 0.001
162 58 0.01
162 2 0.01
162 295 0.001
162 323 0.001
162 820 0.01
162 63 0.1
162 283 0.01
162 253 0.001
162 643 0.1
162 333 0.01
162 432 0.01
162 321 0.01
162 31 0.001
162 654 0.001
162 90 0.1
162 169 0.001
162 184 0.001
162 195 0.1
162 50 0.001
162 412 0.01
162 747 0.001
162 389 0.1
162 468 0.001
162 212 0.001
162 15 0.001
162 181 0.1
162 133 0.001
162 186 0.01
162 236 0.001
163 72 0.001
163 459 0.1
163 212 0.1
163 106 0.001
163 82 0.001
163 121 0.001
163 105 0.1
163 249 0.1
163 160 0.001
163 166 0.01
163 601 0.01
163 282 0.1
163 366 0.1
163 142 0.1
163 162 0.001
163 87 0.1
163 612 0.01
163 434 0.001
163 62 0.001
163 83 0.1
163 115 0.001
163 546 0.01
163 377 0.01
163 518 0.1
163 107 0.1
163 154 0.01
163 422 0.1
163 86 0.1
163 615 0.001
163 533 0.01
163 145 0.001
163 373 0.1
163 643 0.01
163 654 0.1
163 411 0.001
163 20 0.01
163 934 0.1
163 5 0.1
163 932 0.001
163 42 0.1
163 170 0.001
163 420 0.001
164 139 0.001
164 216 0.001
164 46 0.001
164 388 0.001
164 429 0.1
164 174 0.1
164 335 0.01
164 334 0.01
164 140 0.01
164 164 0.1
164 269 0.1
164 15 0.001
164 107 0.001
164 62 0.1
164 592 0.01
164 395 0.01
164 272 0.001
164 695 0.001
164 428 0.001
164 535 0.1
164 446 0.01
164 748 0.01
164 322 0.01
164 448 0.001
164 160 0.01
164 45 0.1
164 447 0.001
164 16 0.001
164 424 0.1
164 96 0.01
164 273 0.1
164 170 0.01
164 2 0.1
164 412 0.1
164 735 0.1
164 929 0.01
164 64 0.001
164 137 0.001
164 520 0.01
164 281 0.001
164 579 0.001
165 166 0.01
165 115 0.001
165 28 0.001
165 114 0.001
165 169 0.001
165 367 0.01
165 337 0.001
165 361 0.1
165 27 0.1
165 30 0.1
165 116 0.001
165 133 0.1
165 165 0.001
165 336 0.001
165 136 0.1
165 135 0.1
165 212 0.01
165 129 0.001
165 280 0.001
165 25 0.01
165 417 0.001
165 443 0.001
165 261 0.01
165 482 0.01
165 39 0.01
165 545 0.01
165 420 0.01
165 339 0.1
165 256 0.01
165 364 0.001
165 186 0.01
165 128 0.001
165 409 0.01
165 29 0.01
165 725 0.1
165 33 0.01
165 34 0.001
165 35 0.1
165 338 0.001
165 38 0.001
165 547 0.01
165 13 0.1
165 36 0.01
165 340 0.001
165 437 0.01
165 464 0.1
165 160 0.001
165 531 0.01
165 151 0.1
165 32 0.1
165 245 0.001
165 171 0.1
165 251 0.1
165 40 0.1
165 170 0.01
165 23 0.1
165 119 0.1
165 438 0.001
165 329 0.001
165 434 0.1
165 167 0.1
165 93 0.01
165 123 0.001
165 550 0.1
165 490 0.1
165 226 0.001
165 96 0.01
165 223 0.1
165 816 0.001
165 31 0.01
165 229 0.001
165 47 0.001
165 365 0.001
165 107 0.1
165 362 0.01
165 290 0.001
165 51 0.1
165 860 0.01
165 533 0.001
165 142 0.1
165 820 0.001
165 883 0.1
165 121 0.1
165 183 0.01
165 64 0.001
165 89 0.001
165 75 0.001
165 82 0.1
165 900 0.001
165 914 0.01
165 48 0.001
165 492 0.1
165 79 0.1
165 494 0.001
165 753 0.01
165 26 0.001
165 847 0.01
165 590 0.01
165 844 0.1
165 86 0.001
165 105 0.1
166 424 0.001
166 165 0.001
166 283 0.01
166 132 0.01
166 44 0.01
166 373 0.001
166 742 0.01
166 114 0.001
166 128 0.001
166 355 0.1
166 431 0.01
166 434 0.01
166 601 0.01
166 107 0.001
166 559 0.01
166 168 0.01
166 187 0.01
166 84 0.01
166 160 0.1
166 282 0.001
166 64 0.001
166 142 0.1
166 366 0.01
166 86 0.01
166 210 0.001
166 214 0.001
166 576 0.001
166 159 0.01
166 174 0.1
166 137 0.1
166 353 0.001
166 74 0.01
166 173 0.1
166 209 0.001
166 147 0.1
166 820 0.001
166 115 0.01
166 58 0.001
166 493 0.001
166 141 0.01
166 664 0.1
166 93 0.1
166 243 0.01
166 129 0.01
166 158 0.001
166 2 0.1
166 399 0.1
166 506 0.01
166 427 0.01
166 377 0.001
166 12 0.01
166 23 0.01
166 156 0.01
166 880 0.1
166 178 0.1
166 611 0.01
166 573 0.1
166 20 0.01
166 194 0.01
166 393 0.1
166 250 0.001
166 882 0.01
166 666 0.1
166 347 0.001
166 139 0.001
166 249 0.01
166 87 0.001
166 140 0.1
166 55 0.01
166 856 0.01
166 221 0.001
166 223 0.1
166 351 0.01
166 184 0.01
166 163 0.001
166 404 0.01
166 19 0.1
166 28 0.001
166 376 0.01
166 133 0.1
166 426 0.1
166 786 0.01
166 380 0.1
166 818 0.001
166 799 0.1
166 405 0.01
166 300 0.01
166 303 0.1
166 218 0.001
166 641 0.001
166 69 0.01
166 127 0.1
166 296 0.1
166 61 0.1
166 54 0.1
166 83 0.01
166 422 0.001
166 82 0.1
166 81 0.01
166 222 0.01
166 950 0.1
166 212 0.001
166 290 0.01
166 536 0.01
166 252 0.1
166 269 0.001
166 234 0.001
166 340 0.01
166 459 0.001
166 756 0.01
166 166 0.01
166 242 0.01
166 320 0.001
166 429 0.1
166 446 0.01
166 143 0.1
166 42 0.01
166 1000 0.1
166 4 0.01
166 150 0.01
166 0 0.1
166 181 0.01
166 857 0.001
166 529 0.1
166 3 0.01
167 168 0.01
167 167 0.01
167 201 0.001
167 133 0.01
167 18 0.01
167 280 0.001
167 41 0.01
167 51 0.001
167 351 0.01
167 53 0.01
167 203 0.001
167 204 0.001
167 60 0.1
167 491 0.1
167 377 0.01
167 231 0.001
167 468 0.01
167 749 0.001
167 196 0.001
167 206 0.001
167 342 0.001
167 14 0.1
167 199 0.01
167 128 0.001
167 218 0.001
167 820 0.1
167 95 0.001
167 165 0.001
167 182 0.001
167 339 0.001
167 122 0.001
167 277 0.01
167 655 0.1
167 181 0.01
167 526 0.001
167 149 0.1
167 197 0.001
167 284 0.1
167 232 0.1
167 515 0.1
167 130 0.01
167 290 0.1
167 292 0.1
167 460 0.001
167 172 0.01
167 257 0.001
167 450 0.01
167 340 0.01
167 575 0.01
167 918 0.1
167 426 0.001
167 572 0.01
167 483 0.001
167 198 0.001
167 908 0.001
167 200 0.01
167 917 0.01
167 593 0.001
167 776 0.1
167 205 0.01
167 94 0.1
167 751 0.001
167 207 0.1
167 296 0.01
167 420 0.1
168 129 0.01
168 515 0.01
168 440 0.001
168 280 0.1
168 346 0.001
168 526 0.01
168 168 0.01
168 291 0.1
168 542 0.01
168 450 0.01
168 47 0.01
168 491 0.001
168 399 0.01
168 403 0.01
168 278 0.001
168 113 0.001
168 35 0.01
168 167 0.1
168 231 0.001
168 28 0.1
168 114 0.001
168 486 0.1
168 284 0.1
168 789 0.1
168 458 0.01
168 166 0.001
168 83 0.001
168 172 0.1
168 434 0.1
168 426 0.1
168 276 0.01
168 183 0.1
168 292 0.001
168 206 0.1
168 93 0.001
168 615 0.01
168 523 0.01
168 275 0.001
168 203 0.001
168 14 0.01
168 290 0.001
168 424 0.001
168 493 0.1
168 820 0.1
168 600 0.1
168 764 0.01
168 494 0.001
168 160 0.01
168 413 0.001
168 198 0.001
168 128 0.01
168 611 0.01
168 533 0.01
168 544 0.01
168 484 0.001
168 840 0.1
168 6 0.001
168 133 0.01
168 122 0.01
168 900 0.01
168 822 0.1
169 115 0.1
169 170 0.001
169 251 0.01
169 116 0.01
169 438 0.1
169 338 0.001
169 249 0.01
169 114 0.01
169 363 0.001
169 165 0.1
169 28 0.1
169 367 0.01
169 96 0.01
169 169 0.1
169 129 0.001
169 364 0.1
169 123 0.1
169 212 0.01
169 36 0.01
169 366 0.01
169 41 0.1
169 337 0.1
169 336 0.001
169 21 0.001
169 136 0.1
169 135 0.1
169 450 0.01
169 210 0.001
169 339 0.1
169 495 0.001
169 329 0.01
169 371 0.001
169 211 0.001
169 63 0.1
169 46 0.001
169 734 0.01
169 133 0.01
169 64 0.001
169 81 0.01
169 434 0.1
169 455 0.001
169 62 0.01
169 5 0.01
169 160 0.001
169 229 0.1
169 437 0.1
169 105 0.1
169 355 0.1
169 255 0.1
169 303 0.1
169 137 0.1
169 183 0.01
169 300 0.001
169 107 0.1
169 280 0.1
169 128 0.01
169 263 0.1
169 113 0.1
169 30 0.1
169 464 0.01
169 290 0.1
169 588 0.001
169 318 0.01
169 365 0.01
169 405 0.001
169 860 0.1
169 816 0.001
169 301 0.001
169 82 0.01
169 828 0.01
169 121 0.01
169 106 0.1
169 340 0.001
169 6 0.001
169 820 0.1
169 419 0.01
169 308 0.1
169 638 0.01
169 201 0.01
169 162 0.001
169 13 0.1
169 89 0.1
169 494 0.01
169 172 0.001
169 900 0.01
169 427 0.01
169 252 0.01
169 460 0.1
169 80 0.01
169 29 0.01
169 914 0.1
169 375 0.1
169 35 0.1
169 24 0.1
169 261 0.001
169 333 0.01
169 548 0.1
169 753 0.01
169 531 0.001
169 360 0.001
169 326 0.001
169 256 0.1
169 33 0.1
169 16 0.1
169 987 0.001
170 170 0.01
170 136 0.1
170 115 0.001
170 470 0.01
170 485 0.1
170 438 0.001
170 548 0.01
170 96 0.1
170 169 0.1
170 116 0.01
170 165 0.1
170 133 0.001
170 490 0.1
170 123 0.001
170 437 0.001
170 338 0.1
170 251 0.001
170 135 0.01
170 339 0.001
170 427 0.1
170 64 0.1
170 107 0.001
170 36 0.1
170 367 0.01
170 336 0.001
170 337 0.01
170 254 0.01
170 212 0.01
170 256 0.01
170 151 0.01
170 5 0.01
170 62 0.001
170 28 0.01
170 35 0.1
170 261 0.01
170 816 0.01
170 460 0.01
170 543 0.1
170 494 0.1
170 303 0.01
170 160 0.01
170 753 0.01
170 117 0.01
170 16 0.1
170 31 0.1
170 145 0.001
170 229 0.1
170 40 0.01
170 360 0.001
170 455 0.001
170 280 0.001
170 537 0.001
170 38 0.01
170 533 0.001
170 434 0.1
170 13 0.1
170 310 0.001
170 301 0.01
170 164 0.1
170 26 0.001
170 27 0.1
170 114 0.001
170 419 0.01
170 495 0.1
170 188 0.1
170 371 0.1
170 23 0.001
170 607 0.001
170 471 0.001
170 442 0.1
170 491 0.01
170 914 0.001
170 183 0.001
170 497 0.001
170 282 0.1
170 900 0.001
170 860 0.01
170 513 0.001
170 987 0.001
170 105 0.001
170 163 0.01
170 424 0.01
171 40 0.001
171 41 0.001
171 417 0.001
171 38 0.1
171 299 0.1
171 361 0.001
171 114 0.1
171 171 0.01
171 455 0.01
171 116 0.001
171 5 0.1
171 318 0.01
171 590 0.1
171 333 0.1
171 113 0.001
171 245 0.1
171 301 0.1
171 261 0.1
171 470 0.001
171 172 0.1
171 655 0.1
171 165 0.01
171 547 0.01
171 26 0.001
171 23 0.001
171 847 0.01
171 160 0.001
171 64 0.1
172 413 0.001
172 123 0.01
172 275 0.1
172 93 0.001
172 129 0.001
172 62 0.01
172 172 0.1
172 61 0.01
172 130 0.01
172 450 0.1
172 401 0.001
172 219 0.01
172 214 0.001
172 493 0.1
172 464 0.01
172 197 0.01
172 342 0.1
172 128 0.01
172 351 0.001
172 483 0.01
172 403 0.1
172 585 0.01
172 486 0.01
172 292 0.01
172 65 0.01
172 280 0.1
172 655 0.01
172 47 0.001
172 60 0.001
172 142 0.001
172 523 0.001
172 181 0.001
172 526 0.001
172 714 0.01
172 468 0.01
172 168 0.001
172 86 0.001
172 458 0.001
172 207 0.1
172 64 0.001
172 183 0.1
172 133 0.01
172 542 0.01
172 377 0.1
172 457 0.01
172 426 0.001
172 440 0.001
172 143 0.001
172 424 0.1
172 51 0.1
172 28 0.001
172 27 0.001
172 114 0.01
172 167 0.1
172 169 0.01
172 14 0.001
172 734 0.001
172 346 0.001
172 251 0.001
172 295 0.1
172 107 0.001
172 847 0.1
172 333 0.001
172 115 0.1
172 434 0.001
172 166 0.1
172 231 0.001
172 23 0.001
172 228 0.01
172 820 0.01
172 256 0.001
172 365 0.001
172 87 0.01
172 212 0.1
173 21 0.01
173 518 0.1
173 513 0.1
173 306 0.1
173 134 0.01
173 340 0.001
173 327 0.001
173 173 0.1
173 259 0.001
173 154 0.01
173 20 0.1
173 538 0.01
173 325 0.001
173 10 0.1
173 326 0.1
173 22 0.01
173 282 0.1
173 535 0.01
173 62 0.01
173 462 0.001
173 105 0.1
173 212 0.1
173 400 0.001
173 41 0.01
173 147 0.001
173 233 0.001
173 269 0.001
173 260 0.001
173 87 0.001
173 92 0.1
173 434 0.01
173 115 0.01
173 723 0.01
173 301 0.1
173 728 0.01
173 68 0.01
173 83 0.01
173 416 0.001
173 777 0.001
173 166 0.001
173 121 0.001
173 256 0.1
173 155 0.001
173 249 0.1
173 546 0.01
173 494 0.1
173 107 0.001
173 160 0.001
173 405 0.001
173 892 0.001
173 300 0.1
173 896 0.001
173 69 0.001
173 184 0.1
173 549 0.01
173 531 0.001
173 126 0.1
173 86 0.1
173 651 0.1
173 404 0.01
173 950 0.01
173 612 0.1
173 74 0.1
173 223 0.1
173 932 0.001
173 859 0.01
173 366 0.001
174 175 0.001
174 63 0.001
174 174 0.1
174 107 0.1
174 4 0.001
174 164 0.001
174 286 0.01
174 285 0.01
174 16 0.1
174 371 0.01
174 46 0.001
174 3 0.01
174 140 0.001
174 2 0.01
174 395 0.001
174 137 0.001
174 379 0.01
174 121 0.001
174 685 0.1
174 377 0.001
174 158 0.001
174 424 0.1
174 520 0.01
174 665 0.01
174 281 0.01
174 420 0.1
174 199 0.1
174 303 0.001
174 210 0.01
174 211 0.001
174 212 0.001
174 208 0.01
174 209 0.001
174 283 0.001
174 59 0.01
174 408 0.001
174 815 0.1
174 363 0.001
174 58 0.01
174 564 0.001
174 157 0.1
174 405 0.01
174 284 0.1
174 250 0.01
174 854 0.001
174 195 0.1
174 21 0.01
174 880 0.001
174 80 0.1
174 126 0.001
174 15 0.001
174 809 0.01
174 411 0.001
174 812 0.001
174 252 0.01
174 305 0.01
174 54 0.001
174 473 0.01
174 859 0.001
175 252 0.001
175 174 0.01
175 15 0.001
175 532 0.001
175 288 0.01
175 3 0.01
175 137 0.001
175 665 0.001
175 58 0.01
176 177 0.001
176 178 0.01
176 292 0.01
176 344 0.001
176 176 0.001
176 515 0.001
176 486 0.1
176 381 0.1
176 593 0.001
176 94 0.001
176 214 0.01
176 576 0.01
176 611 0.1
176 333 0.01
176 478 0.01
176 440 0.001
176 129 0.001
176 417 0.01
176 501 0.001
176 656 0.001
176 232 0.1
176 231 0.01
176 413 0.01
176 200 0.01
176 204 0.001
176 275 0.001
176 93 0.001
176 181 0.01
176 238 0.001
176 318 0.01
176 423 0.1
177 176 0.01
177 178 0.01
177 344 0.001
177 17 0.1
177 223 0.01
177 377 0.01
177 61 0.001
177 629 0.001
177 440 0.1
177 177 0.001
177 5 0.001
177 64 0.01
177 229 0.001
177 380 0.001
177 60 0.001
177 381 0.001
177 331 0.01
177 86 0.1
177 0 0.1
177 515 0.01
177 214 0.01
177 459 0.001
177 220 0.001
177 18 0.001
177 113 0.001
177 656 0.1
177 146 0.01
177 166 0.1
177 601 0.001
177 232 0.01
177 94 0.001
177 221 0.01
177 74 0.001
177 546 0.001
177 479 0.1
177 321 0.001
177 218 0.1
177 231 0.001
177 297 0.1
177 215 0.1
177 309 0.01
177 533 0.01
177 200 0.01
177 409 0.1
178 176 0.1
178 177 0.1
178 344 0.001
178 351 0.001
178 575 0.001
178 214 0.1
178 231 0.001
178 440 0.1
178 61 0.1
178 629 0.1
178 539 0.01
178 380 0.1
178 413 0.1
178 275 0.001
178 0 0.1
178 157 0.01
178 200 0.001
178 350 0.001
178 178 0.01
178 180 0.1
178 345 0.01
178 483 0.1
178 498 0.1
178 681 0.001
178 656 0.001
178 191 0.001
178 232 0.1
178 381 0.1
178 342 0.001
179 157 0.01
179 381 0.001
179 180 0.001
179 377 0.001
179 122 0.001
179 179 0.001
179 191 0.01
179 342 0.01
179 296 0.001
179 203 0.001
179 351 0.001
179 156 0.001
179 214 0.01
179 345 0.01
179 149 0.01
179 284 0.001
179 103 0.001
179 278 0.1
179 181 0.1
179 378 0.01
179 388 0.1
179 61 0.001
179 280 0.01
179 262 0.001
179 349 0.1
179 869 0.01
179 60 0.01
179 104 0.01
179 347 0.01
179 320 0.1
179 397 0.001
179 394 0.01
179 128 0.001
179 820 0.1
179 339 0.01
179 295 0.01
179 376 0.001
179 365 0.01
179 160 0.01
180 130 0.1
180 343 0.001
180 257 0.1
180 346 0.1
180 214 0.01
180 148 0.001
180 351 0.001
180 278 0.01
180 256 0.1
180 433 0.1
180 289 0.01
180 621 0.01
180 342 0.1
180 149 0.1
180 345 0.1
180 191 0.001
180 179 0.01
180 262 0.01
180 344 0.001
180 156 0.01
180 348 0.1
180 349 0.001
180 122 0.1
180 105 0.001
180 129 0.1
180 284 0.1
180 180 0.001
180 70 0.1
180 681 0.001
180 493 0.1
180 352 0.01
180 231 0.001
180 347 0.1
180 277 0.01
180 178 0.01
180 350 0.01
180 301 0.01
180 644 0.01
180 212 0.1
180 82 0.1
180 121 0.001
180 160 0.001
180 41 0.001
180 249 0.001
180 157 0.1
180 434 0.01
180 62 0.1
180 393 0.001
180 166 0.001
180 468 0.01
180 87 0.1
180 162 0.1
180 366 0.01
180 107 0.001
180 145 0.001
180 128 0.01
180 851 0.01
180 907 0.1
180 615 0.01
180 820 0.001
180 381 0.01
180 17 0.001
180 601 0.1
180 172 0.01
180 419 0.1
180 950 0.01
180 365 0.001
180 932 0.01
180 421 0.01
180 420 0.001
181 182 0.1
181 179 0.1
181 181 0.01
181 394 0.01
181 250 0.01
181 377 0.001
181 104 0.1
181 296 0.1
181 150 0.1
181 321 0.1
181 291 0.01
181 61 0.01
181 320 0.001
181 390 0.001
181 60 0.001
181 172 0.01
181 14 0.001
181 219 0.01
181 103 0.1
181 378 0.01
181 384 0.001
181 388 0.01
181 295 0.01
181 346 0.001
181 379 0.01
181 380 0.01
181 376 0.01
181 385 0.01
181 386 0.01
181 389 0.01
181 395 0.001
181 397 0.001
181 368 0.1
181 157 0.001
181 342 0.001
181 156 0.001
181 526 0.001
181 381 0.1
181 393 0.1
181 869 0.001
181 64 0.001
181 383 0.01
181 628 0.001
181 167 0.001
181 6 0.1
181 347 0.001
181 231 0.1
181 95 0.001
181 176 0.001
181 160 0.1
181 947 0.1
181 950 0.001
181 133 0.001
181 283 0.01
182 61 0.01
182 213 0.1
182 379 0.1
182 157 0.001
182 719 0.001
182 602 0.001
182 182 0.001
182 53 0.01
182 389 0.1
182 376 0.01
182 320 0.001
182 167 0.1
182 390 0.001
182 391 0.01
182 296 0.001
182 395 0.1
182 295 0.001
182 380 0.001
182 381 0.001
182 392 0.001
182 393 0.001
182 394 0.01
182 397 0.001
182 378 0.01
182 103 0.001
182 181 0.001
182 384 0.01
182 283 0.001
182 385 0.01
182 387 0.1
182 388 0.1
182 250 0.1
182 396 0.01
182 377 0.01
182 368 0.001
182 104 0.1
182 321 0.1
182 60 0.1
182 150 0.001
182 351 0.001
182 308 0.1
182 869 0.1
182 18 0.1
182 872 0.001
183 257 0.01
183 198 0.1
183 258 0.1
183 183 0.01
183 282 0.001
183 303 0.1
183 129 0.001
183 365 0.001
183 106 0.01
183 64 0.1
183 543 0.01
183 486 0.1
183 88 0.1
183 63 0.01
183 209 0.01
183 362 0.001
183 19 0.1
183 187 0.001
183 44 0.1
183 168 0.001
183 401 0.01
183 62 0.01
183 113 0.001
183 114 0.1
183 353 0.1
183 301 0.01
183 356 0.001
183 80 0.1
183 375 0.001
183 184 0.001
183 357 0.01
183 329 0.001
183 249 0.1
183 655 0.1
183 286 0.001
183 478 0.001
183 81 0.001
183 223 0.01
183 142 0.1
183 93 0.01
183 410 0.001
183 172 0.001
183 280 0.001
183 526 0.01
183 203 0.001
183 291 0.001
183 568 0.01
183 714 0.001
183 450 0.01
183 434 0.001
183 256 0.001
183 121 0.001
183 82 0.1
183 5 0.001
183 309 0.001
183 152 0.01
183 518 0.001
183 21 0.001
183 107 0.1
183 108 0.001
183 493 0.1
183 418 0.001
183 133 0.1
183 278 0.1
183 366 0.1
183 695 0.1
183 28 0.001
183 128 0.001
183 16 0.01
183 292 0.01
183 3 0.01
183 29 0.1
183 169 0.1
183 820 0.01
183 413 0.01
183 159 0.01
183 210 0.001
183 89 0.1
183 520 0.1
183 165 0.1
183 338 0.1
183 460 0.1
183 473 0.1
183 544 0.1
183 419 0.1
183 458 0.001
183 290 0.1
183 426 0.01
183 480 0.1
183 509 0.001
183 318 0.01
183 20 0.01
183 188 0.1
183 68 0.001
183 137 0.001
183 602 0.1
183 91 0.01
183 155 0.1
183 245 0.01
183 69 0.1
183 90 0.01
183 87 0.01
183 270 0.1
183 611 0.01
183 154 0.1
183 212 0.1
183 513 0.1
183 308 0.01
183 145 0.001
183 845 0.1
183 371 0.1
183 36 0.001
183 218 0.1
183 756 0.01
183 464 0.001
183 351 0.1
183 160 0.1
183 302 0.01
183 58 0.1
183 236 0.001
183 430 0.001
183 854 0.01
183 343 0.01
183 705 0.01
183 405 0.1
183 272 0.1
183 116 0.01
183 545 0.001
183 285 0.01
183 367 0.001
183 252 0.001
183 215 0.01
183 355 0.01
183 271 0.01
183 909 0.01
183 229 0.001
183 12 0.001
183 411 0.01
183 95 0.01
183 859 0.01
183 35 0.01
183 326 0.1
183 4 0.1
183 900 0.1
183 211 0.001
183 956 0.1
183 207 0.001
183 201 0.001
183 53 0.001
183 913 0.01
183 399 0.01
183 281 0.001
183 504 0.1
183 424 0.001
183 400 0.1
183 822 0.001
183 11 0.001
183 562 0.001
183 170 0.1
184 184 0.1
184 190 0.1
184 298 0.1
184 299 0.001
184 418 0.1
184 81 0.001
184 473 0.1
184 42 0.1
184 287 0.01
184 173 0.001
184 68 0.01
184 509 0.01
184 357 0.1
184 627 0.001
184 329 0.01
184 69 0.1
184 6 0.01
184 540 0.001
184 536 0.001
184 409 0.1
184 107 0.1
184 549 0.001
184 115 0.01
184 301 0.001
184 314 0.1
184 667 0.1
184 80 0.001
184 187 0.01
184 434 0.1
184 249 0.001
184 365 0.001
184 183 0.1
184 160 0.01
184 747 0.1
184 121 0.1
184 189 0.01
184 62 0.1
184 422 0.1
184 508 0.001
184 162 0.001
184 486 0.01
184 256 0.01
184 13 0.001
184 678 0.001
184 166 0.01
184 546 0.01
184 877 0.1
184 86 0.01
184 582 0.01
184 127 0.01
184 5 0.001
184 405 0.001
184 64 0.1
184 710 0.001
184 311 0.001
184 968 0.01
184 969 0.001
184 19 0.001
184 105 0.001
184 82 0.1
184 420 0.01
185 52 0.01
185 354 0.01
185 353 0.1
185 533 0.001
185 323 0.001
185 97 0.001
185 708 0.1
185 124 0.1
185 98 0.01
185 687 0.01
185 371 0.01
185 618 0.01
185 640 0.001
185 768 0.01
185 99 0.001
185 404 0.001
185 100 0.001
185 662 0.1
185 125 0.1
185 101 0.01
185 709 0.1
185 800 0.1
186 121 0.01
186 152 0.001
186 165 0.01
186 70 0.001
186 254 0.001
186 82 0.1
186 129 0.01
186 283 0.001
186 363 0.001
186 531 0.01
186 186 0.001
186 654 0.1
186 433 0.01
186 62 0.01
186 345 0.01
186 31 0.001
186 420 0.1
186 932 0.1
186 450 0.1
186 490 0.01
187 329 0.001
187 106 0.001
187 142 0.001
187 189 0.001
187 434 0.001
187 671 0.01
187 183 0.1
187 222 0.01
187 667 0.1
187 473 0.1
187 550 0.001
187 80 0.01
187 663 0.1
187 549 0.1
187 69 0.01
187 418 0.01
187 184 0.001
187 679 0.01
187 710 0.001
187 166 0.001
187 365 0.001
187 405 0.001
187 62 0.001
187 21 0.1
187 363 0.001
187 215 0.001
187 74 0.001
187 459 0.1
187 107 0.1
187 20 0.01
187 87 0.1
187 1 0.01
187 533 0.001
187 249 0.001
187 518 0.1
187 160 0.1
187 546 0.1
187 121 0.001
187 129 0.1
187 283 0.1
187 256 0.1
187 316 0.1
187 105 0.001
187 155 0.001
187 16 0.001
187 300 0.01
187 152 0.001
187 932 0.001
187 42 0.1
188 189 0.001
188 459 0.001
188 282 0.001
188 106 0.001
188 155 0.1
188 20 0.01
188 222 0.001
188 311 0.1
188 667 0.1
188 473 0.01
188 80 0.01
188 663 0.01
188 549 0.1
188 69 0.001
188 418 0.01
188 184 0.1
188 508 0.1
188 679 0.01
188 671 0.01
188 710 0.01
188 42 0.01
188 495 0.1
188 363 0.1
188 366 0.01
188 533 0.01
188 145 0.01
188 518 0.001
188 183 0.001
188 74 0.1
188 215 0.01
188 129 0.001
188 21 0.001
188 170 0.001
188 420 0.001
189 106 0.01
189 434 0.001
189 473 0.1
189 459 0.001
189 667 0.01
189 550 0.1
189 80 0.1
189 663 0.01
189 215 0.001
189 549 0.001
189 69 0.1
189 82 0.01
189 418 0.01
189 121 0.1
189 86 0.001
189 311 0.01
189 225 0.001
189 184 0.01
189 508 0.01
189 679 0.1
189 671 0.1
189 710 0.1
189 62 0.001
189 533 0.001
189 5 0.01
189 21 0.001
189 20 0.001
189 1 0.01
189 377 0.001
189 420 0.1
189 911 0.1
189 188 0.01
189 222 0.01
189 81 0.1
189 189 0.1
189 467 0.01
189 301 0.001
189 966 0.01
190 184 0.1
190 106 0.001
190 42 0.1
190 62 0.001
190 509 0.001
190 160 0.01
190 296 0.01
190 418 0.1
190 420 0.01
190 105 0.001
190 162 0.001
190 86 0.001
190 459 0.1
190 189 0.01
190 87 0.1
190 69 0.1
190 13 0.1
190 299 0.001
190 533 0.1
190 473 0.001
190 108 0.1
190 16 0.001
190 121 0.1
190 366 0.001
190 311 0.01
190 282 0.1
191 157 0.001
191 191 0.001
191 342 0.01
191 277 0.1
191 149 0.001
191 262 0.1
191 343 0.001
191 344 0.01
191 345 0.1
191 346 0.1
191 214 0.001
191 347 0.01
191 348 0.001
191 349 0.001
191 350 0.001
191 284 0.1
191 351 0.01
191 231 0.001
191 278 0.001
191 130 0.1
191 178 0.01
191 122 0.1
191 179 0.001
191 352 0.001
191 207 0.1
191 511 0.001
191 6 0.001
191 681 0.01
191 682 0.001
191 148 0.001
191 180 0.01
191 156 0.001
191 528 0.01
191 64 0.001
191 5 0.01
191 365 0.01
191 256 0.001
191 283 0.001
191 824 0.1
191 166 0.01
191 434 0.1
191 851 0.01
191 420 0.01
191 379 0.01
191 160 0.01
191 150 0.01
191 857 0.001
191 83 0.01
191 601 0.001
191 903 0.001
191 282 0.1
191 907 0.001
191 142 0.1
191 86 0.001
191 645 0.1
191 212 0.1
192 193 0.01
192 194 0.001
192 195 0.1
192 2 0.001
192 192 0.01
192 412 0.001
192 3 0.01
192 4 0.01
192 58 0.001
192 411 0.1
192 323 0.1
192 516 0.001
192 517 0.01
192 807 0.01
192 102 0.001
192 271 0.001
192 132 0.01
192 59 0.001
193 193 0.001
193 2 0.001
193 4 0.1
193 194 0.01
193 58 0.1
193 832 0.001
193 826 0.1
193 195 0.1
193 412 0.1
193 59 0.1
193 411 0.1
193 63 0.1
193 160 0.1
193 3 0.01
193 55 0.01
193 57 0.01
193 6 0.001
193 859 0.1
193 408 0.01
193 990 0.01
193 845 0.1
193 812 0.001
193 252 0.1
193 803 0.1
194 194 0.001
194 195 0.001
194 2 0.1
194 192 0.001
194 587 0.01
194 4 0.1
194 54 0.001
194 193 0.01
194 412 0.1
194 5 0.001
194 55 0.01
194 63 0.01
194 411 0.001
194 238 0.1
194 685 0.001
194 3 0.01
194 826 0.001
194 832 0.1
194 59 0.01
194 803 0.01
194 586 0.01
194 208 0.1
194 137 0.01
194 6 0.01
194 58 0.001
194 865 0.01
194 305 0.1
194 815 0.001
194 56 0.1
194 132 0.01
194 698 0.01
194 990 0.1
194 859 0.001
194 252 0.01
195 194 0.01
195 2 0.01
195 195 0.001
195 4 0.001
195 192 0.1
195 58 0.1
195 6 0.1
195 412 0.001
195 63 0.1
195 208 0.001
195 533 0.01
195 305 0.001
195 738 0.01
195 3 0.01
195 826 0.001
195 832 0.001
195 5 0.1
195 803 0.001
195 193 0.001
195 286 0.01
195 520 0.01
195 809 0.1
195 586 0.1
195 516 0.01
195 517 0.01
195 552 0.1
195 174 0.001
195 57 0.001
195 160 0.01
195 162 0.1
195 59 0.1
195 252 0.01
195 859 0.1
196 41 0.001
196 95 0.1
196 128 0.001
196 280 0.01
196 167 0.1
196 203 0.01
196 218 0.1
196 204 0.01
196 196 0.01
196 51 0.001
196 197 0.001
196 199 0.01
196 200 0.1
196 201 0.001
196 206 0.1
196 94 0.01
196 207 0.1
196 143 0.01
196 16 0.1
196 820 0.01
196 231 0.1
196 908 0.01
196 64 0.1
196 86 0.001
196 918 0.001
196 593 0.1
196 776 0.1
196 205 0.1
197 128 0.001
197 197 0.001
197 41 0.1
197 201 0.001
197 51 0.01
197 86 0.01
197 65 0.001
197 95 0.01
197 143 0.1
197 27 0.1
197 13 0.01
197 205 0.1
197 64 0.1
197 207 0.01
197 172 0.001
197 908 0.001
197 215 0.01
197 601 0.01
197 820 0.01
197 199 0.1
197 196 0.1
197 457 0.001
197 955 0.1
197 52 0.1
198 183 0.001
198 387 0.01
198 41 0.001
198 229 0.001
198 434 0.001
198 165 0.01
198 129 0.001
198 820 0.01
198 258 0.01
198 5 0.1
198 419 0.01
198 128 0.01
198 196 0.001
198 51 0.01
198 197 0.01
198 199 0.1
198 200 0.1
198 167 0.1
198 201 0.01
198 202 0.01
198 593 0.01
198 203 0.1
198 204 0.001
198 776 0.1
198 205 0.001
198 206 0.01
198 94 0.001
198 95 0.1
198 207 0.001
198 485 0.1
198 329 0.001
198 31 0.001
198 198 0.001
198 168 0.001
198 64 0.001
199 196 0.01
199 51 0.01
199 197 0.1
199 199 0.01
199 200 0.01
199 128 0.01
199 167 0.001
199 203 0.1
199 204 0.001
199 206 0.001
199 41 0.001
199 94 0.001
199 95 0.01
199 207 0.01
199 201 0.1
199 677 0.1
199 174 0.001
199 65 0.1
199 526 0.1
199 776 0.01
199 218 0.01
199 377 0.001
199 296 0.001
199 342 0.001
199 399 0.1
199 434 0.01
199 820 0.1
199 64 0.001
199 105 0.01
199 850 0.1
199 593 0.001
199 1 0.01
199 338 0.1
199 121 0.01
199 53 0.001
199 205 0.01
199 258 0.1
199 288 0.1
199 82 0.001
199 280 0.01
199 278 0.001
199 917 0.1
199 918 0.1
199 908 0.01
199 42 0.01
200 94 0.1
200 204 0.1
200 440 0.1
200 128 0.001
200 593 0.1
200 498 0.001
200 65 0.1
200 562 0.01
200 201 0.01
200 51 0.1
200 199 0.01
200 776 0.001
200 413 0.01
200 207 0.1
200 820 0.001
200 200 0.01
200 344 0.1
200 908 0.1
200 777 0.01
200 918 0.01
200 581 0.1
200 917 0.01
201 94 0.1
201 486 0.1
201 207 0.01
201 133 0.01
201 18 0.1
201 41 0.01
201 201 0.01
201 199 0.01
201 128 0.001
201 342 0.001
201 95 0.001
201 197 0.01
201 352 0.01
201 62 0.001
201 200 0.001
201 51 0.001
201 420 0.01
201 820 0.001
201 143 0.1
201 218 0.001
201 395 0.01
201 93 0.001
201 160 0.1
201 166 0.001
201 196 0.001
201 167 0.001
201 203 0.1
201 206 0.001
201 5 0.001
201 64 0.001
201 198 0.01
201 202 0.1
201 593 0.1
201 204 0.001
201 776 0.01
201 205 0.01
201 215 0.01
201 557 0.01
201 82 0.001
201 121 0.01
201 533 0.001
201 86 0.1
201 169 0.001
201 283 0.001
201 249 0.01
201 103 0.1
201 280 0.001
201 232 0.1
201 908 0.001
201 183 0.001
201 278 0.001
202 623 0.1
204 377 0.001
204 41 0.001
204 232 0.1
204 204 0.1
204 94 0.01
204 51 0.1
204 593 0.01
204 93 0.1
204 200 0.1
204 283 0.001
204 172 0.1
204 776 0.1
204 218 0.1
204 205 0.001
204 167 0.01
204 581 0.001
204 196 0.1
204 820 0.1
204 141 0.001
204 203 0.001
205 128 0.01
205 593 0.001
205 820 0.01
205 847 0.1
205 483 0.01
205 86 0.1
205 94 0.001
205 172 0.001
205 14 0.001
205 93 0.001
205 908 0.01
205 79 0.01
205 955 0.01
205 917 0.1
206 346 0.01
206 546 0.001
206 206 0.01
206 294 0.01
206 196 0.1
206 203 0.001
206 352 0.01
206 167 0.001
206 280 0.001
206 41 0.001
206 820 0.01
206 168 0.01
206 51 0.001
206 197 0.001
206 198 0.1
206 199 0.01
206 200 0.01
206 128 0.01
206 201 0.01
206 202 0.01
206 593 0.001
206 204 0.01
206 776 0.01
206 205 0.1
206 94 0.001
206 95 0.1
206 207 0.001
206 852 0.001
206 440 0.1
206 149 0.1
206 231 0.001
206 14 0.1
206 342 0.01
206 290 0.001
206 291 0.01
206 515 0.001
206 232 0.001
206 292 0.001
206 786 0.1
206 284 0.01
206 588 0.1
206 62 0.1
206 214 0.1
206 307 0.001
206 751 0.001
206 908 0.01
206 917 0.01
206 918 0.01
206 426 0.001
206 65 0.1
206 107 0.001
206 277 0.1
206 86 0.01
206 575 0.1
206 1000 0.01
207 41 0.01
207 207 0.01
207 201 0.01
207 95 0.001
207 128 0.1
207 820 0.1
207 172 0.001
207 199 0.01
207 197 0.1
207 5 0.001
207 183 0.01
207 343 0.001
207 107 0.1
207 160 0.01
208 208 0.001
208 285 0.001
208 195 0.1
208 137 0.001
208 211 0.001
208 194 0.1
208 4 0.01
208 63 0.001
208 155 0.01
209 210 0.1
209 236 0.1
209 233 0.001
209 58 0.1
209 11 0.1
209 209 0.01
209 121 0.01
209 159 0.001
209 237 0.001
209 234 0.001
209 238 0.001
209 158 0.001
209 235 0.001
209 240 0.1
209 241 0.01
209 242 0.1
209 243 0.01
209 244 0.001
209 183 0.01
209 211 0.01
209 303 0.01
209 283 0.1
209 319 0.01
209 96 0.001
209 490 0.1
209 63 0.001
209 174 0.01
209 155 0.001
209 494 0.001
209 301 0.01
209 631 0.1
209 365 0.001
209 71 0.1
209 84 0.001
209 282 0.001
209 62 0.1
209 83 0.1
209 166 0.1
209 273 0.01
209 160 0.01
209 5 0.01
209 420 0.001
209 13 0.001
209 56 0.001
209 543 0.001
209 128 0.01
209 16 0.001
209 64 0.1
209 546 0.01
209 637 0.001
209 639 0.001
209 587 0.001
209 271 0.1
209 411 0.001
209 424 0.001
209 812 0.001
209 541 0.1
209 140 0.001
209 139 0.001
209 15 0.001
209 131 0.1
209 126 0.001
209 518 0.001
209 154 0.01
209 252 0.001
209 137 0.01
209 285 0.001
209 371 0.001
209 88 0.1
209 286 0.001
209 601 0.1
209 909 0.001
209 249 0.01
209 845 0.01
209 924 0.01
209 107 0.001
209 963 0.01
209 977 0.1
209 42 0.01
210 210 0.01
210 159 0.001
210 158 0.001
210 240 0.001
210 420 0.001
210 371 0.01
210 236 0.01
210 303 0.001
210 283 0.1
210 365 0.001
210 62 0.001
210 269 0.01
210 209 0.001
210 363 0.001
210 242 0.01
210 256 0.01
210 83 0.01
210 489 0.01
210 129 0.1
210 234 0.001
210 241 0.01
210 245 0.001
210 169 0.01
210 212 0.01
210 174 0.1
210 16 0.001
210 233 0.1
210 434 0.01
210 45 0.01
210 211 0.01
210 63 0.01
210 208 0.1
210 46 0.001
210 243 0.001
210 132 0.01
210 121 0.001
210 87 0.001
210 249 0.001
210 424 0.001
210 405 0.001
210 107 0.001
210 128 0.1
210 290 0.01
210 271 0.01
210 513 0.01
210 235 0.1
210 137 0.001
210 142 0.01
210 305 0.1
210 183 0.001
210 82 0.01
210 927 0.1
210 106 0.1
210 114 0.1
210 88 0.01
210 963 0.1
210 105 0.1
210 252 0.01
210 926 0.01
210 931 0.1
210 160 0.01
210 282 0.1
210 244 0.01
210 3 0.01
211 54 0.1
211 285 0.1
211 305 0.01
211 481 0.1
211 208 0.01
211 286 0.01
211 96 0.1
211 55 0.001
211 371 0.1
211 211 0.001
211 63 0.1
211 552 0.001
211 281 0.1
211 103 0.001
211 117 0.1
211 611 0.001
211 612 0.001
211 560 0.1
211 338 0.1
211 107 0.001
211 62 0.1
211 126 0.1
211 209 0.001
211 301 0.01
211 57 0.1
211 129 0.1
211 58 0.1
211 303 0.01
211 249 0.001
211 256 0.001
211 132 0.01
211 2 0.01
211 411 0.1
211 4 0.001
211 5 0.001
211 138 0.1
211 661 0.001
211 82 0.01
211 304 0.1
211 137 0.1
211 363 0.1
211 66 0.1
211 252 0.001
211 121 0.001
211 48 0.01
211 480 0.001
211 236 0.01
211 155 0.1
211 212 0.01
211 738 0.1
211 131 0.1
211 56 0.1
211 636 0.1
211 106 0.001
211 809 0.01
211 419 0.1
211 586 0.001
211 546 0.01
211 434 0.1
211 698 0.01
211 532 0.001
211 195 0.01
211 271 0.001
211 408 0.01
211 210 0.001
211 365 0.001
211 3 0.001
211 152 0.01
211 389 0.01
211 364 0.001
211 340 0.001
211 582 0.1
211 842 0.001
211 518 0.001
211 604 0.001
211 46 0.001
211 174 0.01
211 450 0.001
211 355 0.1
211 169 0.1
211 11 0.1
211 329 0.1
211 255 0.01
211 114 0.001
211 81 0.001
211 464 0.001
211 424 0.01
211 506 0.1
211 16 0.01
211 646 0.1
211 238 0.001
211 571 0.1
211 215 0.01
211 214 0.01
211 308 0.001
211 462 0.1
211 455 0.1
211 283 0.001
211 83 0.001
211 402 0.1
211 420 0.01
211 64 0.001
211 683 0.001
211 489 0.01
211 695 0.001
211 240 0.01
211 734 0.1
211 764 0.001
211 194 0.001
211 258 0.01
211 405 0.001
211 430 0.001
211 705 0.01
211 807 0.1
211 754 0.01
211 654 0.001
211 84 0.001
211 88 0.1
211 44 0.01
211 473 0.1
211 15 0.001
211 460 0.001
211 412 0.01
211 859 0.001
211 928 0.1
211 183 0.1
211 21 0.001
211 13 0.01
211 375 0.001
211 45 0.01
211 153 0.01
211 290 0.01
211 949 0.01
211 513 0.1
211 6 0.1
211 333 0.1
211 495 0.001
211 469 0.1
211 845 0.01
211 924 0.001
211 243 0.01
211 87 0.01
211 932 0.01
211 990 0.1
211 128 0.1
212 115 0.1
212 249 0.001
212 69 0.01
212 282 0.1
212 145 0.01
212 21 0.001
212 121 0.01
212 256 0.001
212 252 0.1
212 509 0.01
212 147 0.01
212 165 0.01
212 364 0.1
212 508 0.01
212 105 0.1
212 462 0.1
212 329 0.001
212 28 0.001
212 128 0.001
212 114 0.1
212 81 0.1
212 355 0.1
212 367 0.01
212 169 0.001
212 144 0.001
212 233 0.01
212 283 0.1
212 393 0.1
212 82 0.01
212 152 0.01
212 226 0.001
212 58 0.01
212 340 0.1
212 170 0.1
212 269 0.01
212 550 0.1
212 459 0.001
212 576 0.1
212 589 0.1
212 296 0.001
212 490 0.01
212 223 0.1
212 544 0.001
212 106 0.01
212 174 0.1
212 255 0.1
212 450 0.01
212 408 0.1
212 489 0.01
212 493 0.01
212 180 0.1
212 303 0.1
212 642 0.1
212 163 0.1
212 41 0.001
212 549 0.1
212 420 0.001
212 91 0.01
212 492 0.1
212 268 0.001
212 173 0.1
212 129 0.001
212 63 0.001
212 48 0.1
212 531 0.1
212 365 0.01
212 44 0.001
212 87 0.01
212 612 0.1
212 405 0.001
212 211 0.01
212 210 0.001
212 160 0.1
212 83 0.001
212 288 0.001
212 363 0.1
212 404 0.01
212 820 0.01
212 183 0.1
212 518 0.1
212 546 0.1
212 74 0.001
212 162 0.1
212 166 0.1
212 494 0.01
212 431 0.01
212 422 0.1
212 86 0.1
212 434 0.001
212 142 0.001
212 453 0.001
212 17 0.001
212 253 0.01
212 427 0.001
212 932 0.001
212 77 0.001
212 64 0.1
212 333 0.01
212 131 0.1
212 411 0.001
212 70 0.01
212 191 0.1
212 856 0.001
212 68 0.001
212 212 0.1
212 726 0.1
212 641 0.1
212 7 0.1
213 155 0.1
213 61 0.1
213 320 0.01
213 360 0.1
213 473 0.001
213 247 0.1
213 499 0.1
213 608 0.1
213 246 0.001
213 529 0.01
213 182 0.01
213 359 0.001
213 466 0.1
213 407 0.001
213 707 0.1
213 498 0.001
213 11 0.001
213 9 0.01
213 7 0.1
213 141 0.1
213 358 0.01
213 213 0.01
213 441 0.001
213 487 0.001
213 558 0.1
213 265 0.001
213 264 0.001
213 496 0.01
213 533 0.1
213 951 0.01
213 957 0.1
213 44 0.1
213 720 0.1
213 573 0.01
213 602 0.01
213 266 0.1
213 332 0.001
213 525 0.1
213 452 0.001
213 700 0.01
213 823 0.001
213 8 0.001
213 503 0.01
213 956 0.001
213 913 0.1
214 180 0.001
214 345 0.001
214 351 0.001
214 214 0.001
214 178 0.001
214 413 0.001
214 483 0.1
214 377 0.001
214 434 0.01
214 172 0.01
214 21 0.1
214 176 0.01
214 83 0.01
214 157 0.1
214 191 0.01
214 681 0.1
214 460 0.01
214 342 0.01
214 343 0.01
214 346 0.001
214 278 0.1
214 352 0.001
214 301 0.01
214 177 0.001
214 94 0.001
214 128 0.01
214 280 0.001
214 211 0.1
214 207 0.001
214 536 0.001
214 206 0.1
214 124 0.1
214 232 0.01
214 179 0.01
214 284 0.01
214 215 0.1
215 295 0.01
215 5 0.001
215 215 0.1
215 222 0.001
215 650 0.1
215 311 0.1
215 268 0.001
215 42 0.1
215 223 0.001
215 1 0.1
215 74 0.001
215 309 0.001
215 248 0.01
215 313 0.001
215 297 0.1
215 227 0.001
215 73 0.1
215 17 0.001
215 341 0.001
215 128 0.1
215 756 0.1
215 400 0.01
215 690 0.001
215 434 0.001
215 589 0.001
215 541 0.1
215 316 0.1
215 60 0.001
215 221 0.1
215 549 0.001
215 314 0.01
215 459 0.01
215 187 0.1
215 560 0.001
215 188 0.1
215 283 0.1
215 296 0.1
215 511 0.1
215 159 0.01
215 53 0.1
215 747 0.001
215 717 0.1
215 0 0.001
215 201 0.001
215 220 0.01
215 155 0.001
215 366 0.01
215 58 0.01
215 820 0.001
215 64 0.001
215 87 0.1
215 183 0.001
215 82 0.001
215 306 0.001
215 301 0.001
215 331 0.1
215 197 0.001
215 460 0.01
215 150 0.001
215 218 0.001
215 121 0.1
215 114 0.01
215 81 0.001
215 411 0.01
215 66 0.01
215 177 0.001
215 18 0.01
215 812 0.01
215 214 0.1
215 340 0.001
215 347 0.001
215 440 0.1
215 249 0.01
216 15 0.01
216 164 0.1
216 216 0.1
216 579 0.001
216 269 0.01
216 446 0.1
216 429 0.1
216 140 0.1
216 139 0.001
216 428 0.1
216 272 0.01
216 274 0.001
216 448 0.01
216 46 0.001
216 45 0.01
216 64 0.1
216 254 0.1
216 107 0.001
216 62 0.001
216 592 0.01
216 509 0.001
216 273 0.1
216 301 0.1
216 142 0.01
217 432 0.01
217 433 0.001
217 366 0.01
217 84 0.001
217 70 0.1
217 71 0.001
217 288 0.01
217 162 0.01
217 612 0.01
217 643 0.1
217 654 0.01
217 50 0.01
217 282 0.1
217 431 0.01
217 160 0.001
217 142 0.001
217 121 0.1
217 49 0.01
217 404 0.001
218 74 0.01
218 196 0.1
218 459 0.001
218 95 0.01
218 218 0.01
218 17 0.01
218 133 0.01
218 482 0.1
218 340 0.001
218 1 0.001
218 18 0.01
218 307 0.001
218 308 0.1
218 177 0.1
218 309 0.01
218 215 0.01
218 248 0.1
218 120 0.1
218 220 0.01
218 310 0.01
218 85 0.1
218 311 0.01
218 221 0.001
218 312 0.01
218 222 0.01
218 313 0.001
218 223 0.01
218 0 0.1
218 224 0.01
218 314 0.1
218 225 0.001
218 315 0.01
218 226 0.001
218 73 0.1
218 316 0.001
218 317 0.001
218 228 0.01
218 199 0.1
218 82 0.1
218 36 0.01
218 5 0.01
218 183 0.001
218 549 0.1
218 513 0.01
218 166 0.1
218 341 0.01
218 366 0.01
218 696 0.1
218 297 0.001
218 872 0.001
218 219 0.1
218 288 0.01
218 86 0.001
218 268 0.1
219 79 0.001
219 60 0.1
220 177 0.1
220 223 0.01
220 17 0.01
220 47 0.001
220 215 0.1
220 128 0.1
220 434 0.01
220 23 0.001
220 165 0.001
220 220 0.1
221 316 0.1
221 268 0.01
221 403 0.01
221 226 0.01
221 549 0.1
221 0 0.01
221 215 0.1
221 283 0.1
221 314 0.01
221 310 0.1
221 224 0.001
221 468 0.1
221 74 0.1
221 223 0.001
221 18 0.1
221 17 0.1
221 222 0.1
221 1 0.001
221 85 0.1
221 121 0.01
221 218 0.001
221 647 0.01
221 248 0.1
221 116 0.01
221 313 0.01
221 73 0.01
221 485 0.1
221 317 0.001
221 107 0.01
221 16 0.01
221 546 0.01
221 14 0.001
221 52 0.01
221 256 0.001
221 493 0.1
221 129 0.1
221 249 0.1
221 177 0.001
221 280 0.001
221 282 0.01
221 106 0.001
221 225 0.1
221 560 0.1
222 74 0.001
222 513 0.1
222 215 0.001
222 268 0.01
222 188 0.01
222 316 0.001
222 459 0.1
222 221 0.01
222 560 0.1
222 187 0.1
222 227 0.001
222 17 0.001
222 218 0.1
222 219 0.1
222 310 0.001
222 85 0.01
222 312 0.001
222 223 0.001
222 18 0.001
222 314 0.01
222 225 0.001
222 226 0.001
222 365 0.1
222 222 0.01
222 467 0.001
222 106 0.01
222 86 0.1
222 311 0.1
222 400 0.001
222 255 0.01
222 309 0.1
222 142 0.001
222 282 0.1
222 1 0.1
222 543 0.001
222 911 0.001
222 81 0.1
222 189 0.001
222 0 0.01
222 315 0.001
222 256 0.01
222 20 0.1
222 21 0.1
222 107 0.001
222 301 0.01
222 690 0.01
222 607 0.001
223 459 0.001
223 86 0.01
223 223 0.01
223 74 0.001
223 18 0.01
223 105 0.001
223 183 0.001
223 117 0.001
223 309 0.001
223 560 0.001
223 212 0.1
223 106 0.1
223 366 0.001
223 166 0.1
223 215 0.01
223 282 0.1
223 331 0.1
223 221 0.01
223 64 0.01
223 17 0.01
223 314 0.001
223 256 0.001
223 624 0.1
223 330 0.01
223 225 0.001
223 152 0.1
223 87 0.001
223 83 0.001
223 268 0.001
223 20 0.1
223 317 0.001
223 758 0.01
223 222 0.001
223 121 0.001
223 313 0.001
223 0 0.01
223 612 0.01
223 518 0.01
223 365 0.1
223 228 0.1
223 160 0.01
223 468 0.01
223 218 0.01
223 177 0.1
223 311 0.01
223 73 0.01
223 142 0.01
224 468 0.01
224 1 0.01
224 256 0.01
224 221 0.001
224 365 0.1
224 160 0.001
224 224 0.1
224 309 0.01
224 64 0.01
225 311 0.01
225 282 0.01
225 17 0.1
225 1 0.1
225 189 0.1
225 225 0.001
225 409 0.01
225 331 0.001
225 283 0.001
225 221 0.1
225 459 0.1
225 301 0.001
225 18 0.1
225 74 0.1
225 86 0.01
225 460 0.01
225 312 0.001
225 494 0.1
225 226 0.1
225 215 0.01
226 440 0.1
226 459 0.1
226 42 0.001
226 106 0.1
226 282 0.1
226 85 0.001
226 317 0.1
226 17 0.1
226 212 0.1
226 82 0.1
226 221 0.01
226 340 0.1
226 371 0.001
226 114 0.001
226 128 0.1
226 256 0.001
226 365 0.1
226 142 0.01
226 62 0.001
226 313 0.01
226 434 0.001
226 366 0.01
226 218 0.01
226 696 0.01
226 283 0.01
226 165 0.001
226 443 0.001
226 227 0.001
226 74 0.01
226 121 0.001
226 107 0.1
226 223 0.01
226 86 0.001
226 892 0.01
226 232 0.001
226 275 0.1
226 483 0.1
226 228 0.01
226 186 0.1
226 518 0.001
226 166 0.001
226 105 0.1
226 301 0.001
226 419 0.1
226 513 0.001
226 225 0.1
226 533 0.01
227 227 0.01
228 377 0.1
229 64 0.001
229 229 0.1
229 37 0.001
229 48 0.01
229 177 0.01
229 119 0.001
229 115 0.1
229 28 0.1
229 31 0.1
229 114 0.1
229 39 0.001
229 387 0.01
229 30 0.1
229 489 0.001
229 721 0.001
229 434 0.001
229 513 0.001
229 170 0.01
229 536 0.001
229 198 0.01
229 366 0.001
229 165 0.01
229 494 0.01
229 143 0.01
229 338 0.001
229 84 0.001
229 183 0.1
230 21 0.1
230 20 0.001
230 230 0.1
230 62 0.01
230 107 0.001
230 82 0.01
230 121 0.1
230 80 0.001
230 375 0.001
230 74 0.1
230 424 0.1
230 282 0.001
230 898 0.001
230 420 0.001
230 333 0.001
230 283 0.1
230 366 0.001
230 533 0.001
230 5 0.001
231 232 0.1
231 280 0.01
231 172 0.1
231 231 0.1
231 290 0.01
231 191 0.01
231 692 0.001
231 122 0.01
231 60 0.1
231 645 0.001
231 203 0.01
231 180 0.1
231 434 0.01
231 168 0.001
231 167 0.01
231 277 0.1
231 292 0.01
231 624 0.01
231 284 0.1
231 621 0.1
231 289 0.1
231 257 0.01
231 377 0.001
231 342 0.001
231 74 0.01
231 262 0.1
231 575 0.1
231 53 0.1
231 249 0.001
231 526 0.1
231 14 0.001
231 343 0.1
231 206 0.1
231 797 0.001
231 196 0.001
231 385 0.1
231 871 0.01
231 730 0.01
231 841 0.001
231 656 0.001
231 440 0.001
231 655 0.01
231 178 0.1
231 65 0.001
231 129 0.01
231 426 0.01
231 351 0.01
231 278 0.001
231 181 0.1
231 347 0.001
231 466 0.001
231 176 0.001
231 201 0.1
231 177 0.1
231 537 0.001
231 214 0.1
231 457 0.1
231 179 0.001
232 231 0.001
232 103 0.01
232 52 0.001
232 232 0.001
232 537 0.01
232 321 0.01
232 556 0.1
232 284 0.001
232 133 0.001
232 557 0.01
232 61 0.01
232 53 0.001
232 41 0.1
232 60 0.01
232 51 0.01
232 368 0.01
232 204 0.01
232 277 0.01
232 14 0.01
232 280 0.01
232 219 0.1
232 380 0.1
232 440 0.001
232 483 0.001
232 320 0.1
232 515 0.01
232 705 0.001
232 312 0.01
232 141 0.001
232 473 0.01
232 65 0.01
232 707 0.001
232 426 0.001
232 265 0.001
232 266 0.01
232 264 0.1
232 501 0.01
232 358 0.001
232 167 0.01
232 608 0.001
232 804 0.1
232 484 0.01
232 498 0.1
232 525 0.001
232 263 0.1
232 820 0.01
232 575 0.01
232 611 0.1
232 1 0.01
232 526 0.001
232 113 0.1
232 115 0.001
232 177 0.01
232 176 0.001
232 156 0.01
232 201 0.01
232 562 0.001
232 226 0.001
232 120 0.001
232 5 0.001
232 206 0.01
232 872 0.001
232 18 0.01
232 178 0.01
232 939 0.1
232 397 0.1
232 121 0.01
232 292 0.1
232 457 0.001
232 291 0.1
232 64 0.1
232 214 0.1
232 576 0.1
232 6 0.01
232 241 0.001
232 499 0.1
232 486 0.1
232 294 0.01
232 1000 0.01
233 209 0.001
233 234 0.01
233 235 0.001
233 236 0.01
233 159 0.1
233 237 0.1
233 210 0.1
233 238 0.001
233 239 0.001
233 240 0.001
233 241 0.001
233 242 0.001
233 243 0.01
233 244 0.1
233 252 0.1
233 404 0.1
233 532 0.1
233 115 0.001
233 434 0.001
233 145 0.1
233 637 0.1
233 288 0.1
233 546 0.01
233 121 0.01
233 160 0.01
233 460 0.1
233 83 0.1
233 212 0.01
233 82 0.01
233 88 0.1
233 586 0.001
233 612 0.1
233 105 0.001
233 366 0.001
233 166 0.001
233 282 0.001
233 494 0.1
233 601 0.01
233 433 0.1
233 86 0.1
233 84 0.01
233 142 0.1
233 70 0.001
233 62 0.01
233 654 0.1
233 158 0.01
233 233 0.001
233 63 0.001
233 474 0.01
233 124 0.1
233 58 0.1
233 101 0.01
233 828 0.001
233 174 0.1
234 234 0.001
234 210 0.01
234 236 0.1
234 209 0.001
234 242 0.1
234 654 0.1
234 235 0.001
234 269 0.01
234 159 0.1
234 233 0.1
234 237 0.001
234 319 0.1
234 238 0.001
234 637 0.01
234 158 0.001
234 240 0.1
234 241 0.1
234 243 0.01
234 639 0.1
234 587 0.1
234 244 0.001
234 6 0.1
234 828 0.001
234 121 0.1
234 404 0.001
234 239 0.001
234 160 0.01
234 58 0.1
234 474 0.1
234 145 0.1
234 282 0.1
234 96 0.1
234 82 0.1
234 494 0.1
234 930 0.01
234 926 0.001
234 283 0.01
234 5 0.1
234 931 0.001
234 86 0.001
234 256 0.1
234 963 0.1
234 166 0.01
235 233 0.01
235 238 0.1
235 234 0.01
235 610 0.01
235 96 0.001
235 209 0.01
235 236 0.01
235 319 0.1
235 303 0.01
235 244 0.01
235 159 0.001
235 210 0.1
235 158 0.001
235 240 0.001
235 242 0.01
235 420 0.001
235 243 0.1
235 930 0.001
235 963 0.1
235 360 0.1
236 209 0.1
236 238 0.001
236 235 0.1
236 243 0.1
236 244 0.1
236 319 0.01
236 363 0.001
236 159 0.001
236 210 0.01
236 269 0.001
236 234 0.001
236 3 0.01
236 587 0.001
236 240 0.1
236 211 0.001
236 62 0.1
236 236 0.001
236 132 0.1
236 233 0.001
236 241 0.01
236 63 0.001
236 303 0.001
236 371 0.01
236 434 0.01
236 46 0.01
236 249 0.1
236 96 0.01
236 208 0.01
236 158 0.1
236 121 0.001
236 5 0.01
236 930 0.01
236 107 0.001
236 963 0.01
236 155 0.1
237 237 0.1
237 234 0.01
237 210 0.1
237 162 0.01
237 244 0.01
237 62 0.001
237 319 0.001
237 158 0.01
237 587 0.001
237 159 0.001
237 238 0.001
237 241 0.1
237 242 0.1
237 209 0.1
237 6 0.1
237 424 0.001
237 243 0.01
237 174 0.001
237 5 0.01
237 107 0.01
237 932 0.1
237 253 0.01
237 927 0.01
237 963 0.001
237 926 0.01
237 236 0.001
238 236 0.001
238 244 0.1
238 587 0.01
238 622 0.001
238 239 0.001
238 238 0.1
238 241 0.001
238 159 0.001
238 2 0.001
238 158 0.01
238 412 0.01
238 506 0.001
238 86 0.1
238 194 0.1
238 234 0.1
238 210 0.01
238 64 0.1
238 440 0.1
238 758 0.01
238 457 0.01
238 211 0.1
238 302 0.1
238 243 0.001
238 62 0.001
238 0 0.1
238 209 0.001
238 242 0.01
238 601 0.01
238 89 0.01
238 930 0.01
238 237 0.001
238 963 0.01
238 498 0.1
238 499 0.01
238 176 0.01
238 700 0.001
238 525 0.001
238 92 0.001
238 602 0.01
240 210 0.01
240 236 0.1
240 240 0.1
240 237 0.1
240 209 0.1
240 11 0.001
240 211 0.1
240 160 0.1
240 158 0.01
240 242 0.1
240 424 0.1
240 241 0.01
240 57 0.01
240 159 0.001
240 234 0.1
240 931 0.001
240 963 0.001
241 242 0.01
241 236 0.1
241 234 0.1
241 158 0.01
241 159 0.01
241 238 0.1
241 440 0.001
241 499 0.01
241 592 0.01
241 209 0.1
241 237 0.001
241 498 0.001
241 210 0.001
241 244 0.1
241 240 0.1
241 241 0.01
241 232 0.01
242 158 0.001
242 234 0.1
242 210 0.01
242 159 0.01
242 209 0.1
242 242 0.1
242 106 0.01
242 241 0.001
242 237 0.01
242 105 0.001
242 13 0.1
242 132 0.1
242 243 0.001
242 236 0.001
242 62 0.1
242 238 0.001
242 121 0.001
242 240 0.01
242 5 0.001
242 303 0.1
242 599 0.001
242 977 0.01
242 926 0.1
243 271 0.01
243 375 0.1
243 80 0.1
243 507 0.1
243 434 0.1
243 233 0.1
243 243 0.1
243 158 0.1
243 411 0.1
243 64 0.001
243 58 0.001
243 210 0.1
243 234 0.1
243 166 0.01
243 57 0.01
243 319 0.001
243 242 0.01
243 209 0.001
243 132 0.1
243 236 0.001
243 820 0.1
243 613 0.01
243 235 0.001
243 244 0.1
243 159 0.001
243 237 0.01
243 238 0.1
243 239 0.01
243 240 0.01
243 241 0.01
243 305 0.001
243 412 0.01
243 63 0.1
243 963 0.1
243 615 0.1
243 950 0.1
243 859 0.01
243 87 0.1
243 252 0.01
243 373 0.01
243 930 0.001
243 42 0.001
244 236 0.01
244 238 0.1
244 244 0.01
244 301 0.001
244 234 0.01
244 235 0.01
244 409 0.1
244 233 0.01
244 237 0.01
244 615 0.001
244 460 0.001
244 210 0.001
244 158 0.1
244 243 0.001
244 209 0.1
244 252 0.01
244 420 0.1
244 810 0.1
244 963 0.1
244 422 0.001
245 115 0.001
245 318 0.001
245 113 0.1
245 114 0.01
245 48 0.001
245 263 0.1
245 245 0.01
245 62 0.1
245 116 0.01
245 443 0.001
245 455 0.01
245 40 0.01
245 326 0.001
245 76 0.001
245 96 0.1
245 338 0.1
245 82 0.1
245 165 0.001
245 361 0.001
245 417 0.001
245 444 0.001
245 442 0.1
245 547 0.001
245 423 0.001
245 47 0.01
245 485 0.001
245 183 0.001
245 333 0.01
245 160 0.01
245 171 0.1
245 486 0.001
245 301 0.001
245 337 0.1
245 365 0.1
245 367 0.1
245 981 0.01
245 329 0.01
246 247 0.1
246 530 0.001
246 430 0.001
246 266 0.1
246 608 0.001
246 498 0.01
246 7 0.001
246 246 0.001
246 856 0.1
246 765 0.1
246 649 0.001
246 44 0.001
246 499 0.01
246 421 0.01
246 141 0.1
247 246 0.001
247 19 0.001
247 506 0.1
247 267 0.01
247 661 0.001
247 700 0.01
247 11 0.001
247 7 0.01
247 707 0.001
247 498 0.01
248 74 0.1
248 142 0.1
248 612 0.01
248 297 0.01
248 696 0.001
248 366 0.1
248 260 0.001
248 259 0.001
248 73 0.1
248 0 0.01
248 17 0.1
248 459 0.01
248 330 0.1
248 309 0.01
248 221 0.01
248 372 0.01
249 212 0.001
249 255 0.01
249 256 0.1
249 105 0.1
249 115 0.01
249 169 0.01
249 62 0.1
249 355 0.001
249 129 0.01
249 363 0.01
249 434 0.01
249 42 0.001
249 106 0.01
249 430 0.01
249 283 0.01
249 607 0.01
249 424 0.1
249 155 0.1
249 441 0.01
249 81 0.01
249 160 0.01
249 82 0.01
249 210 0.01
249 506 0.001
249 301 0.1
249 128 0.01
249 365 0.1
249 147 0.1
249 141 0.01
249 222 0.001
249 569 0.01
249 44 0.001
249 183 0.01
249 371 0.001
249 404 0.001
249 493 0.1
249 153 0.01
249 107 0.1
249 405 0.001
249 7 0.1
249 474 0.1
249 495 0.001
249 114 0.001
249 83 0.1
249 462 0.001
249 577 0.1
249 162 0.001
249 530 0.1
249 518 0.001
249 63 0.01
249 327 0.001
249 58 0.01
249 473 0.1
249 16 0.1
249 21 0.01
249 28 0.001
249 280 0.1
249 672 0.1
249 438 0.001
249 152 0.1
249 145 0.01
249 166 0.01
249 546 0.1
249 121 0.1
249 5 0.01
249 211 0.1
249 17 0.001
249 221 0.1
249 661 0.001
249 427 0.01
249 243 0.01
249 460 0.1
249 420 0.1
249 602 0.01
249 820 0.01
249 362 0.1
249 419 0.01
249 84 0.001
249 533 0.1
249 856 0.001
249 353 0.001
249 282 0.1
249 142 0.01
249 303 0.01
249 236 0.01
249 46 0.01
249 310 0.001
249 356 0.01
249 329 0.01
249 80 0.01
249 490 0.01
249 671 0.001
249 54 0.001
249 543 0.1
249 440 0.01
249 531 0.01
249 377 0.01
249 87 0.1
249 208 0.1
249 367 0.001
249 401 0.1
249 165 0.001
249 184 0.1
249 550 0.01
249 489 0.01
249 464 0.001
249 218 0.01
249 180 0.001
249 278 0.1
249 64 0.001
249 695 0.01
249 2 0.001
249 12 0.001
249 19 0.01
249 187 0.001
249 589 0.001
249 159 0.01
249 431 0.001
249 23 0.1
249 340 0.001
249 173 0.001
249 333 0.01
249 357 0.1
249 366 0.01
249 215 0.1
249 201 0.001
249 132 0.1
249 642 0.001
249 163 0.001
249 18 0.1
249 253 0.1
249 137 0.01
249 249 0.001
249 505 0.1
249 296 0.1
249 393 0.001
249 407 0.01
249 203 0.001
249 131 0.001
249 154 0.001
249 654 0.01
249 954 0.01
249 765 0.01
249 161 0.01
249 747 0.1
249 615 0.1
249 3 0.001
249 252 0.001
249 286 0.01
249 859 0.001
249 541 0.01
249 179 0.01
249 513 0.1
249 172 0.001
249 548 0.001
249 833 0.01
249 421 0.1
249 170 0.001
249 388 0.001
249 950 0.001
250 150 0.001
250 181 0.1
250 394 0.1
250 250 0.01
250 377 0.1
250 104 0.01
250 103 0.001
250 395 0.01
250 0 0.001
250 1 0.001
250 495 0.1
250 526 0.1
250 296 0.01
250 351 0.01
250 60 0.1
250 160 0.001
250 113 0.001
250 320 0.01
250 741 0.001
250 174 0.1
250 157 0.001
250 393 0.01
250 321 0.01
250 368 0.1
251 169 0.001
251 336 0.01
251 251 0.1
251 116 0.01
251 40 0.01
251 23 0.01
251 438 0.1
251 32 0.001
251 340 0.1
251 123 0.001
251 339 0.01
251 26 0.01
251 135 0.001
251 136 0.01
251 437 0.1
251 455 0.1
251 160 0.01
251 115 0.01
251 96 0.001
251 417 0.01
251 170 0.001
251 338 0.001
251 62 0.001
251 370 0.001
251 30 0.1
251 151 0.001
251 860 0.001
251 27 0.01
251 172 0.01
251 361 0.1
251 47 0.1
251 914 0.001
251 900 0.001
252 233 0.01
252 166 0.1
252 121 0.001
252 145 0.1
252 115 0.01
252 212 0.001
252 288 0.01
252 58 0.01
252 175 0.001
252 305 0.001
252 48 0.001
252 105 0.1
252 304 0.01
252 96 0.001
252 89 0.001
252 88 0.1
252 302 0.01
252 369 0.001
252 408 0.1
252 132 0.01
252 2 0.001
252 269 0.001
252 412 0.1
252 303 0.001
252 59 0.1
252 63 0.1
252 281 0.001
252 183 0.01
252 107 0.1
252 137 0.1
252 211 0.001
252 84 0.001
252 4 0.1
252 54 0.001
252 546 0.001
252 82 0.001
252 154 0.001
252 520 0.01
252 160 0.001
252 57 0.001
252 56 0.01
252 114 0.001
252 81 0.01
252 169 0.1
252 845 0.1
252 533 0.1
252 55 0.1
252 159 0.001
252 685 0.01
252 285 0.01
252 625 0.1
252 237 0.1
252 209 0.1
252 854 0.1
252 273 0.001
252 210 0.01
252 234 0.01
252 272 0.001
252 252 0.01
252 404 0.001
252 238 0.1
252 286 0.001
252 880 0.1
252 411 0.001
252 481 0.01
252 271 0.001
252 241 0.1
252 46 0.1
252 174 0.001
252 244 0.1
252 235 0.1
252 243 0.01
252 859 0.01
252 571 0.01
252 924 0.001
252 832 0.1
252 138 0.1
252 738 0.1
252 193 0.01
252 333 0.01
252 812 0.001
252 5 0.001
252 518 0.1
252 826 0.01
252 195 0.01
252 6 0.1
252 809 0.001
252 131 0.01
252 194 0.01
252 3 0.001
252 283 0.001
252 601 0.01
252 117 0.1
252 611 0.001
252 66 0.01
252 389 0.01
252 661 0.001
252 153 0.001
252 338 0.1
252 480 0.1
252 83 0.01
252 654 0.01
252 803 0.1
252 162 0.01
252 552 0.01
252 740 0.01
252 282 0.001
252 932 0.01
252 87 0.1
252 236 0.01
252 419 0.01
252 427 0.001
252 849 0.001
253 75 0.1
253 282 0.01
253 373 0.1
253 459 0.001
253 80 0.1
253 21 0.1
253 20 0.01
253 222 0.1
253 405 0.1
253 434 0.01
253 106 0.01
253 259 0.01
253 315 0.001
253 189 0.1
253 227 0.1
253 671 0.01
253 316 0.001
253 258 0.001
253 607 0.1
253 228 0.1
253 62 0.01
253 162 0.001
253 166 0.01
253 366 0.1
253 615 0.01
253 107 0.001
253 87 0.001
253 237 0.01
253 418 0.01
253 184 0.001
253 212 0.001
253 509 0.01
253 932 0.1
253 142 0.001
253 121 0.01
254 137 0.01
254 226 0.001
254 62 0.1
254 186 0.001
254 107 0.001
254 282 0.001
254 142 0.01
254 115 0.001
254 31 0.01
254 152 0.01
254 665 0.001
254 256 0.01
254 492 0.001
254 651 0.1
254 58 0.1
254 74 0.001
254 170 0.01
254 144 0.1
254 345 0.001
254 180 0.1
254 1 0.001
254 227 0.1
254 17 0.1
254 340 0.01
254 173 0.001
254 531 0.001
254 77 0.1
254 493 0.001
254 129 0.1
254 128 0.01
254 41 0.1
254 642 0.001
254 453 0.01
254 393 0.1
254 296 0.1
254 329 0.01
254 474 0.01
254 21 0.01
254 114 0.01
254 427 0.01
254 367 0.001
254 169 0.01
254 28 0.01
254 23 0.1
254 441 0.001
254 44 0.1
254 371 0.01
254 404 0.01
254 269 0.01
254 46 0.001
254 233 0.01
254 210 0.01
254 303 0.1
254 252 0.01
254 63 0.01
254 495 0.1
254 147 0.01
254 81 0.01
254 420 0.001
254 490 0.01
254 462 0.001
254 174 0.1
254 153 0.001
254 355 0.001
254 255 0.1
254 165 0.1
254 106 0.01
254 458 0.1
254 84 0.001
254 290 0.1
254 445 0.1
254 285 0.1
254 216 0.01
254 283 0.01
254 366 0.001
254 254 0.1
254 859 0.1
254 820 0.001
254 932 0.001
254 121 0.01
254 518 0.001
254 433 0.1
254 211 0.01
255 249 0.001
255 363 0.1
255 255 0.001
255 256 0.001
255 712 0.001
255 16 0.1
255 212 0.1
255 62 0.01
255 152 0.1
255 107 0.001
255 607 0.1
255 282 0.01
255 106 0.01
255 434 0.1
255 5 0.001
255 329 0.001
255 114 0.01
255 46 0.01
255 211 0.001
255 371 0.001
255 63 0.01
255 169 0.1
255 303 0.01
255 170 0.1
255 137 0.01
255 1 0.1
255 189 0.1
255 316 0.01
255 215 0.1
255 295 0.1
255 365 0.001
255 366 0.01
255 222 0.01
255 210 0.1
255 405 0.01
255 545 0.1
255 424 0.01
255 105 0.01
255 419 0.001
255 83 0.001
255 284 0.001
255 283 0.001
255 160 0.1
255 472 0.001
255 42 0.001
255 421 0.01
256 212 0.1
256 357 0.001
256 211 0.01
256 296 0.001
256 81 0.1
256 82 0.001
256 132 0.01
256 107 0.001
256 425 0.01
256 495 0.001
256 106 0.01
256 114 0.001
256 170 0.1
256 493 0.001
256 105 0.1
256 191 0.1
256 283 0.001
256 186 0.01
256 365 0.1
256 518 0.01
256 531 0.001
256 557 0.01
256 154 0.001
256 355 0.01
256 249 0.01
256 705 0.01
256 304 0.1
256 4 0.001
256 121 0.1
256 183 0.01
256 280 0.001
256 128 0.01
256 62 0.1
256 405 0.01
256 51 0.001
256 356 0.1
256 263 0.1
256 30 0.01
256 210 0.01
256 234 0.01
256 318 0.001
256 165 0.01
256 115 0.1
256 338 0.1
256 169 0.01
256 820 0.001
256 474 0.1
256 133 0.1
256 152 0.001
256 256 0.1
256 489 0.001
256 87 0.1
257 278 0.001
257 180 0.1
257 544 0.001
257 426 0.001
257 284 0.01
257 231 0.001
257 183 0.01
257 450 0.1
257 401 0.01
257 130 0.1
257 167 0.01
257 526 0.001
257 568 0.001
257 543 0.1
258 183 0.01
258 329 0.1
258 62 0.001
258 474 0.1
258 258 0.001
258 402 0.001
258 469 0.01
258 410 0.01
258 107 0.001
258 357 0.1
258 105 0.1
258 434 0.1
258 365 0.01
258 22 0.01
258 108 0.001
258 143 0.1
258 356 0.1
258 66 0.1
258 110 0.01
258 375 0.01
258 91 0.001
258 476 0.1
258 111 0.1
258 112 0.01
258 328 0.01
258 477 0.1
258 478 0.001
258 90 0.1
258 559 0.001
258 142 0.01
258 421 0.1
258 831 0.01
258 454 0.01
258 198 0.001
258 468 0.001
258 16 0.001
258 249 0.001
258 424 0.001
258 211 0.1
258 18 0.001
258 160 0.1
258 199 0.1
258 132 0.001
258 256 0.001
258 282 0.01
258 165 0.01
258 27 0.001
258 417 0.01
258 152 0.1
258 347 0.001
258 1003 0.01
259 72 0.01
259 260 0.001
259 20 0.01
259 74 0.1
259 248 0.01
259 92 0.01
259 400 0.1
259 173 0.01
259 259 0.1
259 106 0.01
259 21 0.1
259 73 0.1
259 297 0.001
259 69 0.001
259 728 0.1
259 327 0.01
259 127 0.1
259 86 0.1
259 89 0.01
259 818 0.01
259 536 0.001
259 508 0.001
259 83 0.001
259 777 0.01
259 509 0.01
260 74 0.1
260 248 0.01
260 297 0.01
260 259 0.001
260 400 0.01
260 69 0.1
260 325 0.1
260 336 0.001
260 508 0.1
260 311 0.01
260 331 0.01
260 89 0.01
260 728 0.01
260 93 0.001
260 173 0.001
260 950 0.001
260 509 0.1
260 260 0.001
261 32 0.01
261 30 0.001
261 438 0.1
261 116 0.01
261 28 0.1
261 48 0.001
261 151 0.1
261 27 0.1
261 367 0.001
261 115 0.001
261 753 0.1
261 96 0.1
261 170 0.1
261 261 0.1
261 455 0.1
261 119 0.001
261 655 0.1
261 427 0.001
261 470 0.001
261 121 0.01
261 51 0.1
261 160 0.1
261 171 0.1
261 35 0.001
261 75 0.1
261 494 0.001
261 980 0.1
261 165 0.001
261 82 0.001
261 29 0.1
261 986 0.001
262 262 0.001
262 215 0.001
262 656 0.01
262 180 0.1
262 402 0.1
262 191 0.001
262 122 0.1
262 231 0.01
262 62 0.001
262 179 0.1
262 349 0.01
262 278 0.1
262 160 0.001
262 814 0.001
262 347 0.1
262 100 0.01
262 377 0.1
262 148 0.001
262 376 0.01
262 907 0.001
262 344 0.01
262 903 0.01
262 301 0.001
263 263 0.001
263 114 0.001
263 160 0.01
263 417 0.1
263 444 0.01
263 423 0.01
263 245 0.01
263 76 0.1
263 485 0.001
263 527 0.1
263 361 0.001
263 113 0.1
263 443 0.01
263 318 0.001
263 442 0.001
263 47 0.1
263 48 0.001
263 171 0.1
263 333 0.001
263 96 0.01
263 62 0.01
263 455 0.001
263 16 0.1
263 86 0.1
263 419 0.001
263 547 0.1
263 151 0.1
263 367 0.001
263 438 0.1
263 486 0.001
263 115 0.01
263 280 0.1
263 426 0.01
263 338 0.1
263 169 0.1
263 168 0.01
263 290 0.01
263 405 0.01
263 82 0.1
263 116 0.001
263 897 0.01
263 686 0.1
263 531 0.1
263 301 0.1
263 847 0.1
263 232 0.1
263 283 0.01
263 303 0.001
263 274 0.1
263 121 0.1
263 925 0.01
263 919 0.01
263 976 0.001
263 411 0.001
263 981 0.01
263 29 0.1
264 265 0.001
264 266 0.001
264 267 0.001
264 498 0.001
264 500 0.001
264 440 0.1
264 452 0.01
264 264 0.01
264 441 0.01
264 608 0.1
264 213 0.1
264 61 0.01
264 161 0.1
264 661 0.001
264 533 0.01
264 499 0.001
264 804 0.001
264 12 0.001
264 247 0.001
264 570 0.001
264 700 0.001
264 7 0.1
264 141 0.001
264 19 0.001
264 9 0.1
264 406 0.01
264 359 0.01
264 707 0.01
264 232 0.01
264 823 0.001
264 358 0.1
264 569 0.01
264 160 0.001
264 856 0.01
264 510 0.01
265 264 0.01
265 19 0.1
265 267 0.01
265 12 0.001
265 451 0.001
265 525 0.001
265 266 0.01
265 608 0.1
265 11 0.01
265 265 0.1
265 213 0.001
265 407 0.001
265 360 0.01
265 498 0.01
265 570 0.001
265 359 0.01
265 533 0.001
265 9 0.001
265 61 0.01
265 8 0.01
265 141 0.001
265 7 0.01
265 500 0.001
265 674 0.001
265 452 0.01
265 232 0.01
265 529 0.1
265 804 0.001
265 707 0.1
265 661 0.001
265 823 0.1
265 555 0.1
265 957 0.01
265 503 0.001
265 161 0.01
265 856 0.1
266 266 0.1
266 267 0.1
266 608 0.1
266 265 0.001
266 264 0.01
266 440 0.01
266 7 0.01
266 61 0.001
266 498 0.01
266 565 0.1
266 804 0.1
266 141 0.001
266 466 0.01
266 720 0.001
266 441 0.1
266 11 0.1
266 9 0.01
266 358 0.001
266 555 0.01
266 324 0.1
266 754 0.001
266 232 0.1
266 525 0.1
266 407 0.1
266 500 0.001
266 12 0.1
266 533 0.1
266 950 0.01
266 213 0.1
267 19 0.1
267 265 0.001
267 498 0.1
267 267 0.01
267 570 0.1
267 608 0.001
267 12 0.001
267 266 0.01
267 61 0.001
267 264 0.001
268 106 0.01
268 459 0.001
268 222 0.1
268 1 0.01
268 215 0.1
268 221 0.1
268 311 0.001
268 227 0.001
268 212 0.001
268 295 0.01
268 74 0.1
268 223 0.001
268 316 0.001
268 248 0.001
268 301 0.1
268 537 0.1
268 160 0.1
268 309 0.01
268 73 0.001
268 494 0.01
268 549 0.01
268 313 0.01
268 19 0.001
268 218 0.001
268 419 0.01
268 421 0.1
268 405 0.1
268 300 0.1
268 934 0.01
268 340 0.01
269 45 0.01
269 46 0.01
269 140 0.01
269 288 0.001
269 256 0.1
269 216 0.01
269 269 0.001
269 139 0.01
269 448 0.1
269 434 0.01
269 15 0.01
269 273 0.01
269 272 0.1
269 274 0.01
269 164 0.1
269 657 0.1
269 303 0.001
269 210 0.01
269 371 0.001
269 63 0.01
269 236 0.001
269 211 0.01
269 174 0.1
269 365 0.01
269 533 0.001
269 5 0.1
269 212 0.01
269 301 0.001
269 461 0.001
269 429 0.01
269 592 0.1
269 428 0.001
269 154 0.001
269 105 0.1
269 420 0.01
269 145 0.1
269 820 0.1
269 166 0.1
269 121 0.1
269 579 0.001
269 335 0.1
269 615 0.001
269 142 0.01
269 617 0.01
269 155 0.001
269 424 0.001
269 64 0.1
269 16 0.01
269 446 0.1
269 404 0.1
269 644 0.01
269 322 0.01
269 933 0.01
269 929 0.1
269 447 0.01
269 107 0.001
269 513 0.1
269 643 0.1
269 334 0.1
269 422 0.1
269 473 0.1
269 282 0.1
269 932 0.01
269 254 0.001
270 129 0.01
270 280 0.001
270 611 0.01
270 28 0.1
270 486 0.001
270 278 0.01
270 183 0.001
271 272 0.001
271 243 0.1
271 132 0.01
271 131 0.001
271 411 0.01
271 366 0.001
271 64 0.001
271 717 0.01
271 271 0.01
271 737 0.01
271 211 0.1
271 58 0.1
271 448 0.01
271 192 0.001
271 305 0.01
271 273 0.001
271 412 0.001
271 809 0.001
271 698 0.1
271 738 0.001
271 303 0.01
271 145 0.001
271 137 0.1
271 285 0.01
271 408 0.1
271 528 0.1
271 55 0.001
271 209 0.1
271 210 0.001
271 183 0.1
271 54 0.1
271 552 0.001
271 63 0.1
271 13 0.1
271 481 0.01
271 152 0.1
271 57 0.1
271 46 0.01
271 45 0.1
271 142 0.01
271 252 0.001
271 4 0.1
271 2 0.1
271 301 0.01
271 3 0.001
271 518 0.1
271 859 0.1
271 283 0.001
271 949 0.01
271 281 0.01
271 282 0.01
271 470 0.1
271 56 0.001
271 80 0.1
271 400 0.001
271 10 0.001
271 323 0.01
271 513 0.01
271 256 0.1
272 290 0.001
272 584 0.001
272 46 0.01
272 271 0.01
272 15 0.001
272 273 0.01
272 274 0.01
272 272 0.01
272 592 0.01
272 269 0.1
272 462 0.01
272 164 0.01
272 409 0.01
272 448 0.1
272 45 0.01
272 186 0.1
272 140 0.001
272 63 0.01
272 3 0.001
272 651 0.001
272 309 0.1
272 612 0.1
272 21 0.01
272 563 0.01
272 84 0.001
272 310 0.1
272 428 0.1
272 429 0.01
272 447 0.1
272 183 0.01
272 617 0.01
272 216 0.1
272 6 0.01
272 137 0.1
272 334 0.001
272 710 0.001
272 446 0.001
272 812 0.001
273 269 0.01
273 322 0.1
273 46 0.1
273 139 0.001
273 273 0.01
273 429 0.01
273 461 0.01
273 274 0.001
273 140 0.001
273 447 0.01
273 448 0.1
273 45 0.01
273 4 0.001
273 2 0.1
273 819 0.001
273 15 0.01
273 272 0.1
273 164 0.01
273 216 0.001
273 271 0.001
273 209 0.001
273 428 0.001
273 812 0.01
273 579 0.01
273 301 0.01
274 269 0.1
274 592 0.1
274 15 0.01
274 46 0.1
274 45 0.1
274 140 0.1
274 21 0.1
274 139 0.01
275 276 0.01
275 172 0.1
275 542 0.1
275 515 0.001
275 413 0.1
275 440 0.01
275 562 0.1
275 450 0.1
275 275 0.01
275 493 0.01
275 458 0.1
275 129 0.001
275 178 0.001
275 168 0.1
275 813 0.001
275 60 0.1
275 511 0.01
275 232 0.001
275 368 0.01
275 226 0.001
275 176 0.1
275 123 0.001
275 789 0.01
275 177 0.001
275 200 0.001
275 526 0.1
275 840 0.01
275 426 0.1
275 479 0.01
275 65 0.1
275 160 0.001
275 86 0.01
276 426 0.01
276 276 0.001
277 277 0.01
277 284 0.1
277 296 0.1
277 232 0.01
277 231 0.001
277 289 0.01
277 280 0.001
277 214 0.1
277 180 0.001
277 167 0.1
277 14 0.001
277 515 0.1
277 203 0.01
277 206 0.001
277 130 0.001
277 621 0.1
278 257 0.1
278 256 0.01
278 180 0.01
278 343 0.1
278 183 0.1
278 121 0.01
278 493 0.001
278 168 0.1
278 129 0.1
278 278 0.1
278 130 0.1
278 214 0.001
278 611 0.01
278 179 0.001
278 351 0.1
278 191 0.1
278 420 0.01
278 13 0.1
278 486 0.001
278 284 0.01
278 301 0.1
278 128 0.1
278 28 0.001
278 722 0.01
278 345 0.001
278 621 0.1
278 363 0.01
278 681 0.1
278 365 0.001
278 157 0.1
278 342 0.1
278 149 0.01
278 262 0.01
278 106 0.01
278 908 0.001
278 292 0.01
278 160 0.001
278 789 0.1
278 495 0.1
278 347 0.1
279 107 0.1
279 62 0.1
279 279 0.1
279 160 0.001
279 118 0.01
279 333 0.01
279 82 0.1
280 231 0.001
280 289 0.001
280 270 0.01
280 196 0.001
280 168 0.1
280 167 0.01
280 290 0.01
280 203 0.1
280 14 0.1
280 291 0.001
280 284 0.001
280 129 0.01
280 130 0.1
280 292 0.001
280 464 0.01
280 133 0.001
280 574 0.001
280 53 0.001
280 280 0.01
280 165 0.001
280 377 0.001
280 115 0.1
280 107 0.1
280 493 0.001
280 232 0.1
280 494 0.001
280 409 0.1
280 83 0.01
280 172 0.1
280 41 0.001
280 434 0.01
280 450 0.1
280 342 0.1
280 206 0.01
280 424 0.001
280 363 0.01
280 655 0.001
280 813 0.1
280 62 0.1
280 95 0.1
280 181 0.1
280 228 0.01
280 114 0.001
280 367 0.001
280 426 0.1
280 179 0.001
280 214 0.01
280 296 0.01
280 18 0.001
280 169 0.001
280 128 0.001
280 820 0.01
280 340 0.01
280 51 0.001
280 170 0.001
280 47 0.001
280 219 0.01
280 116 0.001
280 263 0.001
280 294 0.01
280 483 0.1
280 160 0.1
280 113 0.01
280 572 0.1
280 515 0.1
280 204 0.1
280 13 0.001
280 121 0.001
280 734 0.001
280 1 0.1
280 148 0.01
280 351 0.001
280 575 0.1
280 256 0.001
280 82 0.001
280 249 0.001
280 201 0.01
280 303 0.1
280 81 0.001
280 21 0.1
280 388 0.01
280 333 0.1
280 523 0.001
280 199 0.1
280 419 0.1
280 86 0.001
280 42 0.1
280 440 0.1
280 922 0.001
280 278 0.1
280 221 0.01
280 87 0.01
280 283 0.001
280 473 0.001
280 420 0.01
281 281 0.001
281 137 0.01
281 2 0.001
281 211 0.1
281 552 0.001
281 58 0.01
281 63 0.1
281 208 0.001
281 4 0.1
281 520 0.1
281 56 0.1
281 5 0.1
281 64 0.001
281 408 0.1
281 3 0.001
281 174 0.01
281 698 0.001
281 194 0.01
281 195 0.001
281 286 0.001
281 571 0.01
281 301 0.1
281 54 0.001
281 160 0.1
281 685 0.01
281 13 0.01
281 738 0.1
281 121 0.001
281 412 0.01
281 411 0.1
281 845 0.001
281 6 0.01
281 305 0.001
281 683 0.01
281 615 0.01
281 57 0.001
281 718 0.1
281 252 0.01
281 131 0.01
281 16 0.1
281 424 0.01
281 82 0.001
281 107 0.001
281 62 0.1
281 494 0.001
281 481 0.1
281 949 0.01
281 333 0.01
281 880 0.1
281 859 0.001
281 183 0.01
281 932 0.01
281 59 0.01
281 271 0.01
281 105 0.01
281 990 0.001
281 164 0.001
282 283 0.1
282 212 0.1
282 121 0.1
282 83 0.01
282 424 0.1
282 62 0.01
282 16 0.001
282 254 0.001
282 226 0.1
282 74 0.1
282 589 0.01
282 559 0.01
282 142 0.01
282 493 0.001
282 115 0.001
282 188 0.001
282 166 0.1
282 355 0.1
282 64 0.001
282 518 0.1
282 225 0.001
282 17 0.1
282 427 0.001
282 366 0.1
282 586 0.01
282 58 0.1
282 474 0.1
282 84 0.1
282 318 0.1
282 371 0.01
282 132 0.001
282 509 0.01
282 253 0.1
282 546 0.001
282 183 0.1
282 269 0.01
282 173 0.01
282 288 0.01
282 662 0.001
282 373 0.001
282 375 0.1
282 153 0.001
282 401 0.001
282 4 0.001
282 290 0.01
282 357 0.001
282 441 0.1
282 196 0.01
282 184 0.1
282 163 0.001
282 80 0.001
282 665 0.1
282 139 0.001
282 77 0.1
282 10 0.001
282 131 0.01
282 531 0.01
282 223 0.001
282 20 0.001
282 41 0.001
282 160 0.01
282 233 0.01
282 393 0.001
282 105 0.001
282 31 0.001
282 255 0.001
282 333 0.1
282 87 0.01
282 572 0.01
282 280 0.01
282 174 0.01
282 405 0.01
282 404 0.001
282 340 0.1
282 434 0.01
282 209 0.01
282 612 0.01
282 222 0.01
282 560 0.01
282 494 0.1
282 248 0.001
282 687 0.01
282 234 0.001
282 641 0.001
282 106 0.1
282 65 0.1
282 880 0.001
282 249 0.1
282 107 0.001
282 45 0.01
282 311 0.01
282 35 0.1
282 191 0.1
282 420 0.01
282 597 0.001
282 258 0.01
282 464 0.01
282 210 0.001
282 820 0.1
282 68 0.1
282 856 0.001
282 356 0.1
282 268 0.1
282 411 0.01
282 218 0.001
282 812 0.01
282 588 0.1
282 79 0.01
282 28 0.01
282 221 0.001
282 252 0.01
282 256 0.01
282 533 0.1
282 129 0.01
282 190 0.001
282 932 0.001
282 170 0.1
283 308 0.1
283 282 0.1
283 82 0.01
283 121 0.1
283 62 0.01
283 256 0.001
283 365 0.01
283 107 0.1
283 142 0.001
283 5 0.01
283 105 0.01
283 103 0.001
283 283 0.001
283 132 0.1
283 373 0.1
283 166 0.1
283 210 0.01
283 366 0.01
283 16 0.001
283 589 0.01
283 83 0.001
283 288 0.001
283 106 0.01
283 303 0.1
283 372 0.01
283 60 0.001
283 495 0.001
283 601 0.1
283 380 0.01
283 181 0.001
283 215 0.1
283 389 0.01
283 390 0.01
283 61 0.001
283 392 0.001
283 394 0.1
283 296 0.1
283 395 0.01
283 14 0.01
283 377 0.01
283 368 0.01
283 104 0.01
283 321 0.01
283 295 0.001
283 693 0.001
283 494 0.001
283 752 0.001
283 86 0.01
283 160 0.001
283 594 0.1
283 21 0.001
283 249 0.1
283 388 0.01
283 125 0.001
283 518 0.1
283 162 0.1
283 174 0.01
283 152 0.01
283 492 0.001
283 420 0.01
283 577 0.01
283 221 0.01
283 405 0.001
283 4 0.1
283 411 0.001
283 376 0.01
283 153 0.1
283 355 0.01
283 314 0.1
283 81 0.001
283 58 0.001
283 424 0.01
283 434 0.1
283 114 0.001
283 379 0.001
283 46 0.01
283 820 0.01
283 758 0.01
283 333 0.01
283 378 0.001
283 211 0.1
283 128 0.001
283 371 0.001
283 393 0.01
283 320 0.1
283 44 0.001
283 2 0.1
283 28 0.01
283 169 0.01
283 367 0.01
283 201 0.1
283 426 0.001
283 51 0.01
283 356 0.1
283 263 0.01
283 318 0.1
283 290 0.01
283 329 0.001
283 187 0.1
283 548 0.001
283 932 0.001
283 453 0.001
283 63 0.1
283 129 0.01
283 0 0.001
283 131 0.1
283 255 0.001
283 493 0.001
283 253 0.001
283 560 0.1
283 234 0.01
283 252 0.001
283 133 0.001
283 254 0.01
283 280 0.1
283 726 0.01
283 137 0.1
283 3 0.1
284 155 0.001
284 160 0.001
284 149 0.1
284 377 0.01
284 232 0.001
284 351 0.001
284 277 0.001
284 280 0.1
284 231 0.1
284 284 0.01
284 301 0.1
284 5 0.01
284 749 0.01
284 180 0.01
284 14 0.01
284 133 0.001
284 734 0.01
284 1 0.1
284 296 0.001
284 6 0.01
284 257 0.1
284 168 0.1
284 191 0.001
284 157 0.001
284 278 0.1
284 292 0.01
284 342 0.1
284 621 0.01
284 681 0.1
284 214 0.01
284 174 0.01
284 167 0.01
284 511 0.01
284 206 0.1
284 107 0.001
284 203 0.001
284 642 0.01
284 255 0.01
284 472 0.001
284 130 0.01
285 286 0.1
285 211 0.001
285 305 0.01
285 208 0.1
285 552 0.01
285 174 0.01
285 155 0.1
285 303 0.01
285 533 0.01
285 2 0.1
285 408 0.01
285 520 0.1
285 63 0.1
285 281 0.001
285 532 0.001
285 285 0.1
285 132 0.001
285 58 0.1
285 4 0.01
285 137 0.01
285 683 0.01
285 57 0.01
285 774 0.001
285 698 0.001
285 412 0.1
285 54 0.001
285 426 0.001
285 55 0.1
285 738 0.001
285 481 0.1
285 411 0.01
285 89 0.1
285 88 0.1
285 809 0.1
285 83 0.1
285 96 0.001
285 301 0.001
285 254 0.01
285 302 0.01
285 183 0.01
285 271 0.01
285 371 0.01
285 586 0.1
285 164 0.1
285 15 0.01
285 304 0.1
285 5 0.001
285 160 0.1
285 138 0.001
285 571 0.1
285 625 0.01
285 129 0.001
285 65 0.1
285 806 0.01
285 166 0.001
285 107 0.1
285 62 0.1
285 812 0.01
285 854 0.1
285 379 0.1
285 252 0.01
285 105 0.1
285 209 0.01
285 949 0.1
285 131 0.01
285 168 0.01
285 172 0.001
285 840 0.001
285 425 0.001
285 401 0.1
285 562 0.001
285 458 0.1
285 457 0.001
285 990 0.1
285 921 0.001
285 420 0.1
286 4 0.001
286 174 0.1
286 286 0.1
286 58 0.01
286 137 0.1
286 303 0.1
286 57 0.001
286 63 0.1
286 3 0.1
286 285 0.1
286 211 0.1
286 138 0.1
286 126 0.01
286 56 0.01
286 571 0.1
286 183 0.001
286 305 0.1
286 2 0.1
286 532 0.01
286 80 0.001
286 408 0.01
286 329 0.001
286 815 0.1
286 520 0.01
286 6 0.001
286 880 0.1
286 481 0.001
286 738 0.1
286 411 0.1
286 129 0.01
286 412 0.1
286 410 0.01
286 252 0.001
286 859 0.001
286 59 0.001
287 69 0.001
287 80 0.01
287 184 0.001
287 189 0.001
287 92 0.1
287 20 0.001
287 81 0.001
287 106 0.1
287 68 0.001
287 298 0.1
287 536 0.001
287 418 0.001
287 21 0.001
287 160 0.01
287 162 0.001
287 494 0.1
287 299 0.001
288 233 0.1
288 162 0.01
288 217 0.01
288 84 0.01
288 252 0.01
288 71 0.01
288 70 0.01
288 433 0.1
288 104 0.001
288 283 0.1
288 282 0.1
288 432 0.001
288 654 0.001
288 105 0.1
288 152 0.1
288 212 0.001
288 549 0.01
288 756 0.1
288 431 0.001
288 613 0.001
288 434 0.1
288 333 0.01
288 288 0.1
288 58 0.01
288 19 0.001
288 758 0.01
288 295 0.1
288 83 0.01
288 571 0.001
288 199 0.01
288 371 0.01
288 296 0.1
290 290 0.001
290 484 0.1
290 567 0.01
290 568 0.001
290 572 0.01
290 620 0.1
290 198 0.001
290 584 0.01
290 231 0.01
290 329 0.01
290 357 0.001
290 706 0.001
290 86 0.01
290 108 0.1
290 62 0.01
290 282 0.001
290 16 0.1
290 114 0.01
290 272 0.001
290 6 0.1
290 64 0.01
290 107 0.1
290 160 0.001
290 494 0.001
290 143 0.1
290 280 0.01
290 99 0.001
290 694 0.01
290 424 0.001
290 256 0.01
290 340 0.01
290 493 0.001
290 822 0.1
290 563 0.1
290 121 0.001
290 129 0.001
290 83 0.1
290 356 0.1
290 106 0.1
290 65 0.1
290 531 0.1
290 437 0.01
290 419 0.1
290 168 0.01
290 295 0.1
290 206 0.1
290 426 0.01
290 14 0.001
290 263 0.001
290 643 0.001
290 167 0.1
290 79 0.1
290 165 0.01
290 210 0.1
290 405 0.1
290 145 0.001
290 128 0.01
290 283 0.001
290 546 0.001
290 301 0.001
290 294 0.001
290 130 0.1
290 166 0.001
290 87 0.001
290 211 0.001
290 184 0.01
291 291 0.1
291 181 0.01
291 346 0.01
291 206 0.001
291 280 0.01
291 203 0.1
291 257 0.01
291 142 0.01
291 168 0.01
291 450 0.1
291 294 0.01
291 458 0.1
291 420 0.001
291 256 0.001
291 543 0.01
291 542 0.1
291 493 0.001
291 129 0.001
291 232 0.001
291 464 0.01
291 290 0.01
291 133 0.001
291 14 0.001
291 93 0.001
292 176 0.1
292 543 0.01
292 62 0.001
292 377 0.001
292 284 0.01
292 611 0.01
292 83 0.1
292 231 0.01
292 280 0.01
292 133 0.1
292 523 0.1
292 493 0.001
292 426 0.01
292 168 0.01
292 515 0.001
292 129 0.001
292 292 0.1
292 450 0.1
292 232 0.1
292 486 0.01
292 950 0.01
292 484 0.1
292 822 0.1
292 1000 0.1
293 19 0.01
293 293 0.001
293 504 0.01
293 506 0.1
293 530 0.1
293 8 0.01
293 374 0.01
293 754 0.1
293 365 0.001
293 141 0.001
293 44 0.1
293 11 0.1
293 360 0.01
293 525 0.001
293 765 0.01
293 661 0.1
293 856 0.01
294 346 0.01
294 206 0.01
294 203 0.1
294 294 0.01
294 493 0.01
294 342 0.01
294 214 0.1
294 526 0.01
294 301 0.1
294 129 0.1
294 280 0.001
294 377 0.01
294 291 0.01
294 232 0.01
294 290 0.1
294 543 0.01
294 457 0.01
294 572 0.1
295 296 0.01
295 378 0.001
295 379 0.01
295 103 0.01
295 380 0.1
295 381 0.1
295 382 0.1
295 376 0.001
295 181 0.1
295 383 0.01
295 384 0.01
295 283 0.01
295 157 0.001
295 385 0.001
295 386 0.001
295 387 0.01
295 388 0.1
295 389 0.01
295 390 0.1
295 61 0.01
295 391 0.1
295 392 0.1
295 393 0.001
295 394 0.001
295 250 0.1
295 395 0.01
295 396 0.1
295 397 0.01
295 398 0.01
295 377 0.01
295 368 0.01
295 104 0.001
295 321 0.1
295 60 0.1
295 150 0.001
295 320 0.001
295 295 0.01
295 86 0.01
295 459 0.001
295 18 0.001
295 434 0.01
295 215 0.1
295 308 0.01
295 107 0.1
295 331 0.001
295 268 0.001
295 276 0.01
295 162 0.1
295 62 0.001
295 314 0.01
295 182 0.01
295 472 0.1
295 255 0.001
295 576 0.001
295 290 0.01
295 288 0.1
295 560 0.01
295 179 0.01
295 471 0.001
295 82 0.01
295 486 0.1
295 311 0.001
295 172 0.1
295 16 0.01
295 210 0.01
295 628 0.01
295 521 0.01
295 585 0.01
295 292 0.1
295 317 0.01
295 341 0.1
295 106 0.01
295 313 0.001
295 450 0.001
295 424 0.01
295 142 0.01
295 947 0.1
295 717 0.01
296 296 0.01
296 393 0.001
296 377 0.001
296 181 0.1
296 295 0.01
296 385 0.001
296 387 0.1
296 342 0.01
296 203 0.001
296 351 0.01
296 179 0.001
296 379 0.001
296 397 0.01
296 256 0.1
296 380 0.01
296 105 0.1
296 107 0.1
296 62 0.001
296 395 0.01
296 103 0.1
296 376 0.01
297 49 0.01
297 696 0.01
297 248 0.001
297 260 0.1
297 73 0.001
297 17 0.1
297 341 0.01
297 74 0.01
297 177 0.001
297 905 0.1
297 311 0.1
297 309 0.1
297 86 0.1
298 299 0.01
298 184 0.01
298 246 0.1
298 106 0.1
298 685 0.001
298 536 0.001
298 507 0.001
298 287 0.001
298 551 0.001
298 42 0.1
298 473 0.001
298 137 0.01
298 549 0.01
298 301 0.1
299 184 0.001
299 171 0.01
299 473 0.01
299 146 0.1
299 551 0.01
299 190 0.001
299 81 0.001
299 855 0.001
299 590 0.1
299 700 0.01
299 299 0.1
299 6 0.01
299 418 0.01
299 710 0.1
299 546 0.1
299 509 0.001
299 80 0.1
299 287 0.1
299 968 0.1
300 97 0.01
300 160 0.01
300 107 0.01
300 62 0.01
300 355 0.01
300 108 0.001
300 419 0.1
300 405 0.001
300 102 0.1
300 444 0.001
300 126 0.01
300 128 0.001
300 312 0.1
300 314 0.1
300 145 0.001
300 226 0.1
300 300 0.001
300 828 0.01
300 124 0.1
300 46 0.01
300 169 0.001
300 329 0.001
300 158 0.01
300 64 0.01
300 45 0.001
300 531 0.1
300 2 0.1
300 434 0.01
300 87 0.001
300 106 0.01
300 323 0.001
300 892 0.001
300 889 0.001
300 183 0.01
300 475 0.1
300 642 0.001
300 44 0.001
300 495 0.1
300 739 0.1
300 263 0.01
300 218 0.1
300 283 0.001
300 209 0.1
300 161 0.001
300 303 0.1
300 210 0.01
300 255 0.01
300 638 0.001
300 21 0.001
300 371 0.1
300 10 0.1
300 367 0.01
300 173 0.001
300 896 0.01
300 100 0.1
300 142 0.001
300 81 0.1
300 269 0.001
300 68 0.001
300 101 0.1
300 460 0.1
300 187 0.01
300 194 0.01
300 282 0.01
300 12 0.1
300 11 0.1
300 118 0.1
300 662 0.1
300 268 0.01
300 42 0.001
301 248 0.001
301 211 0.01
301 420 0.01
301 244 0.01
301 362 0.01
301 137 0.001
301 651 0.001
301 511 0.1
301 118 0.1
301 624 0.01
301 13 0.1
301 284 0.01
301 183 0.1
301 113 0.001
301 301 0.001
301 155 0.01
301 337 0.01
301 428 0.001
301 269 0.01
301 474 0.01
301 321 0.001
301 147 0.001
301 655 0.01
301 4 0.1
301 281 0.01
301 173 0.1
301 285 0.01
301 209 0.001
301 597 0.01
301 276 0.001
301 157 0.001
301 63 0.001
301 214 0.1
301 502 0.001
301 473 0.001
301 159 0.001
301 225 0.01
301 294 0.01
301 228 0.01
301 857 0.01
301 445 0.01
301 818 0.001
301 25 0.001
301 581 0.01
301 81 0.1
301 100 0.01
301 61 0.01
301 268 0.01
301 641 0.1
301 327 0.01
301 29 0.01
301 199 0.01
301 314 0.01
301 166 0.001
301 482 0.01
301 52 0.01
301 393 0.001
301 184 0.001
301 312 0.01
301 290 0.01
301 368 0.1
301 170 0.01
301 809 0.1
301 596 0.001
301 747 0.1
301 132 0.001
301 22 0.01
301 169 0.01
301 93 0.001
301 35 0.1
301 930 0.1
301 963 0.01
301 262 0.001
301 108 0.1
301 138 0.001
301 168 0.1
301 216 0.1
301 340 0.001
301 21 0.01
301 856 0.01
301 189 0.1
301 180 0.01
301 36 0.01
301 931 0.1
301 28 0.01
301 423 0.01
301 8 0.01
302 303 0.001
302 89 0.01
302 455 0.1
302 333 0.01
302 96 0.01
302 88 0.01
302 438 0.1
302 304 0.1
302 419 0.001
302 5 0.001
302 302 0.001
302 238 0.01
302 160 0.01
302 183 0.01
302 285 0.001
302 809 0.1
302 123 0.1
302 252 0.01
303 302 0.01
303 304 0.001
303 183 0.01
303 13 0.01
303 62 0.01
303 89 0.1
303 209 0.001
303 96 0.01
303 56 0.01
303 57 0.001
303 610 0.001
303 619 0.001
303 285 0.1
303 15 0.001
303 210 0.001
303 371 0.01
303 286 0.001
303 211 0.001
303 63 0.001
303 137 0.01
303 630 0.001
303 369 0.001
303 363 0.01
303 212 0.1
303 88 0.1
303 303 0.001
303 434 0.1
303 59 0.01
303 423 0.001
303 170 0.01
303 129 0.1
303 4 0.1
303 520 0.1
303 3 0.001
303 281 0.01
303 174 0.01
303 80 0.1
303 28 0.01
303 21 0.001
303 114 0.1
303 340 0.001
303 169 0.001
303 367 0.01
303 329 0.001
303 159 0.1
303 46 0.001
303 283 0.01
303 355 0.01
303 249 0.01
303 58 0.1
303 166 0.1
303 121 0.01
303 236 0.1
303 271 0.001
303 738 0.01
303 424 0.1
303 5 0.01
303 235 0.01
303 551 0.1
303 845 0.01
303 571 0.1
303 252 0.1
303 301 0.1
303 300 0.1
303 365 0.001
303 256 0.1
303 412 0.1
303 909 0.1
303 807 0.001
303 280 0.1
303 87 0.01
303 544 0.1
303 128 0.1
303 362 0.001
303 81 0.01
303 106 0.01
303 924 0.1
303 356 0.01
303 411 0.1
303 244 0.01
303 405 0.1
303 950 0.01
303 105 0.001
303 242 0.001
303 896 0.1
303 859 0.1
303 82 0.001
304 303 0.001
304 304 0.01
304 96 0.001
304 211 0.01
304 420 0.1
304 89 0.1
304 369 0.001
304 88 0.01
304 302 0.01
304 285 0.1
304 82 0.001
304 54 0.1
304 809 0.1
304 256 0.01
304 252 0.001
304 16 0.01
304 87 0.01
304 86 0.001
304 424 0.1
304 455 0.1
304 271 0.01
304 58 0.001
305 2 0.01
305 63 0.1
305 285 0.001
305 58 0.001
305 211 0.1
305 57 0.1
305 552 0.001
305 412 0.1
305 305 0.01
305 408 0.1
305 55 0.1
305 698 0.01
305 5 0.1
305 6 0.001
305 54 0.001
305 132 0.01
305 286 0.01
305 195 0.1
305 738 0.1
305 411 0.1
305 56 0.001
305 685 0.1
305 809 0.1
305 64 0.001
305 4 0.1
305 137 0.001
305 481 0.001
305 84 0.01
305 138 0.1
305 243 0.001
305 59 0.01
305 281 0.001
305 718 0.01
305 845 0.1
305 271 0.1
305 520 0.001
305 865 0.1
305 516 0.001
305 517 0.1
305 683 0.1
305 194 0.01
305 16 0.01
305 489 0.001
305 252 0.1
305 210 0.1
305 604 0.1
305 208 0.01
305 494 0.1
305 483 0.001
305 131 0.001
305 949 0.1
305 880 0.01
305 990 0.01
305 420 0.1
306 62 0.01
306 69 0.1
306 306 0.001
306 107 0.1
306 723 0.1
306 733 0.01
306 326 0.1
306 728 0.1
306 173 0.1
306 825 0.001
306 141 0.01
306 20 0.01
306 511 0.1
306 91 0.1
306 160 0.001
306 21 0.1
306 538 0.001
306 64 0.001
306 509 0.01
306 68 0.001
306 215 0.001
306 434 0.001
306 325 0.01
306 10 0.1
306 400 0.01
306 327 0.01
306 113 0.001
306 329 0.01
306 28 0.01
306 128 0.01
306 81 0.01
306 169 0.01
306 51 0.01
306 550 0.001
306 549 0.001
306 93 0.001
306 256 0.01
306 366 0.01
306 478 0.1
306 86 0.1
307 376 0.01
307 307 0.001
307 347 0.001
307 588 0.1
307 74 0.001
307 17 0.1
307 226 0.01
307 18 0.001
307 114 0.01
307 537 0.1
307 310 0.01
307 317 0.01
307 206 0.1
307 314 0.001
307 85 0.1
307 872 0.1
307 301 0.01
307 177 0.001
307 696 0.001
307 218 0.01
308 283 0.1
308 308 0.1
308 320 0.001
308 21 0.1
308 133 0.01
308 438 0.01
308 434 0.01
308 396 0.1
308 129 0.01
308 17 0.1
308 256 0.01
308 424 0.01
308 295 0.001
308 6 0.1
308 494 0.001
308 16 0.001
308 166 0.01
308 430 0.001
308 211 0.001
308 462 0.1
308 169 0.1
308 411 0.01
308 532 0.01
308 121 0.01
309 215 0.01
309 222 0.01
309 74 0.01
309 272 0.001
309 223 0.01
309 309 0.1
309 221 0.001
309 297 0.01
309 316 0.001
309 17 0.001
309 5 0.1
309 183 0.01
309 133 0.01
309 95 0.01
309 42 0.01
309 612 0.01
309 400 0.1
309 311 0.01
309 0 0.1
309 511 0.001
309 268 0.1
309 248 0.001
309 18 0.001
309 226 0.01
309 73 0.001
309 615 0.01
309 177 0.001
309 218 0.001
309 120 0.01
309 310 0.001
309 85 0.1
309 312 0.1
309 313 0.1
309 224 0.01
309 314 0.01
309 225 0.01
309 872 0.001
309 317 0.01
309 228 0.01
309 341 0.1
309 219 0.1
310 62 0.01
310 78 0.1
310 1 0.001
310 17 0.01
310 340 0.01
310 445 0.1
310 317 0.1
310 221 0.001
310 313 0.1
310 82 0.001
310 105 0.01
310 365 0.001
310 249 0.1
310 494 0.01
310 18 0.001
310 170 0.1
310 366 0.1
310 160 0.001
310 85 0.1
310 107 0.01
310 932 0.1
310 272 0.001
310 581 0.1
311 459 0.1
311 215 0.01
311 188 0.1
311 268 0.1
311 16 0.01
311 420 0.01
311 260 0.001
311 17 0.01
311 74 0.01
311 309 0.01
311 494 0.1
311 222 0.001
311 190 0.001
311 218 0.01
311 424 0.01
311 184 0.01
311 225 0.01
311 106 0.1
311 297 0.01
311 248 0.1
311 73 0.1
311 301 0.1
311 756 0.001
312 377 0.1
312 366 0.1
312 85 0.01
312 62 0.001
312 17 0.01
312 225 0.01
312 221 0.01
312 311 0.1
312 189 0.1
312 317 0.01
312 256 0.001
312 74 0.01
312 228 0.1
312 255 0.01
312 232 0.001
312 301 0.001
312 841 0.1
312 177 0.01
312 494 0.001
312 420 0.001
313 17 0.01
313 313 0.001
313 73 0.01
313 215 0.01
313 560 0.1
313 623 0.001
314 17 0.1
314 62 0.001
314 85 0.1
314 317 0.001
314 226 0.001
314 160 0.01
314 107 0.001
314 21 0.001
314 105 0.1
314 189 0.01
314 225 0.001
314 184 0.1
314 418 0.1
314 221 0.01
314 301 0.001
314 312 0.01
314 255 0.001
314 314 0.01
314 405 0.1
314 222 0.1
314 215 0.01
314 218 0.001
314 219 0.01
314 223 0.001
314 363 0.001
314 283 0.001
314 166 0.1
314 256 0.1
314 161 0.001
314 295 0.01
314 340 0.1
314 365 0.01
314 434 0.001
314 52 0.001
314 310 0.01
314 726 0.1
314 106 0.1
314 18 0.001
314 228 0.01
314 764 0.001
314 495 0.1
314 165 0.001
314 507 0.001
314 872 0.01
314 307 0.001
314 420 0.1
314 74 0.01
316 1 0.001
316 379 0.01
316 0 0.001
316 221 0.01
316 222 0.01
316 309 0.01
316 459 0.001
316 17 0.1
316 223 0.1
316 316 0.001
316 160 0.1
316 215 0.001
316 758 0.01
316 297 0.01
316 268 0.001
316 560 0.01
316 146 0.01
316 468 0.1
316 121 0.01
316 231 0.01
316 187 0.1
316 6 0.01
316 465 0.01
316 420 0.1
317 85 0.001
317 312 0.1
317 366 0.01
317 310 0.01
317 226 0.001
317 314 0.001
317 74 0.001
317 248 0.01
317 116 0.001
317 221 0.1
317 313 0.001
317 223 0.01
317 18 0.01
317 73 0.01
317 485 0.01
317 17 0.01
317 1 0.01
317 309 0.01
318 486 0.001
318 527 0.01
318 127 0.001
318 48 0.1
318 113 0.1
318 114 0.1
318 455 0.01
318 361 0.1
318 417 0.1
318 443 0.01
318 263 0.01
318 444 0.001
318 318 0.01
318 442 0.1
318 547 0.001
318 423 0.001
318 245 0.001
318 47 0.01
318 76 0.1
318 485 0.01
318 171 0.1
318 64 0.001
318 420 0.001
318 326 0.01
318 333 0.1
318 338 0.01
318 107 0.01
318 494 0.1
318 424 0.1
318 183 0.01
318 482 0.001
318 426 0.01
318 170 0.1
318 160 0.01
318 36 0.1
318 169 0.001
318 82 0.1
318 86 0.001
318 409 0.1
318 121 0.1
318 115 0.1
318 283 0.001
318 615 0.1
318 725 0.1
318 5 0.01
318 40 0.1
319 319 0.001
320 321 0.01
320 381 0.001
320 394 0.001
320 160 0.1
320 351 0.1
320 616 0.1
320 628 0.001
320 213 0.01
320 379 0.1
320 104 0.001
320 389 0.001
320 393 0.01
320 320 0.01
320 397 0.001
320 181 0.1
320 377 0.1
320 295 0.01
320 60 0.001
320 232 0.1
320 250 0.1
320 156 0.1
320 61 0.001
320 593 0.001
320 350 0.001
320 483 0.1
320 182 0.01
320 434 0.001
320 391 0.001
320 734 0.001
320 296 0.001
320 103 0.1
320 868 0.01
320 157 0.1
320 283 0.1
320 94 0.001
320 349 0.001
320 179 0.001
320 368 0.1
320 333 0.01
320 380 0.001
320 947 0.1
320 396 0.01
321 320 0.1
321 104 0.001
321 103 0.001
321 394 0.01
321 232 0.001
321 181 0.01
321 377 0.01
321 380 0.01
321 368 0.1
321 546 0.1
321 321 0.1
321 61 0.1
321 393 0.1
321 160 0.01
321 697 0.001
321 295 0.01
321 810 0.1
321 483 0.1
321 250 0.1
321 351 0.1
321 440 0.001
321 391 0.01
321 283 0.1
321 381 0.01
321 60 0.1
321 904 0.01
321 379 0.01
321 296 0.1
321 156 0.001
321 182 0.1
321 560 0.01
321 579 0.01
321 592 0.01
321 38 0.1
321 533 0.1
321 947 0.1
321 177 0.001
321 390 0.1
321 376 0.001
321 349 0.01
321 179 0.001
321 157 0.01
321 389 0.001
321 392 0.01
321 397 0.001
321 378 0.001
321 384 0.001
321 385 0.001
321 387 0.01
321 388 0.01
321 395 0.001
321 396 0.001
321 150 0.001
322 45 0.1
322 139 0.001
322 140 0.001
322 335 0.001
322 273 0.1
322 334 0.001
322 269 0.001
322 735 0.01
322 533 0.1
322 592 0.1
322 272 0.001
322 322 0.1
322 794 0.1
322 461 0.001
322 434 0.01
322 446 0.01
322 448 0.001
322 447 0.001
322 676 0.1
322 15 0.01
322 428 0.001
322 429 0.1
322 933 0.001
322 929 0.1
323 97 0.01
323 102 0.001
323 100 0.01
323 323 0.01
323 404 0.1
323 98 0.001
323 185 0.001
323 101 0.01
323 2 0.001
323 160 0.01
323 354 0.01
323 124 0.01
323 353 0.01
323 371 0.01
323 99 0.01
323 125 0.01
323 447 0.1
323 192 0.01
323 768 0.01
323 162 0.001
323 5 0.01
323 618 0.1
323 640 0.001
323 662 0.1
323 64 0.01
323 300 0.001
323 708 0.1
323 3 0.01
323 6 0.001
323 4 0.1
323 271 0.01
323 654 0.01
324 11 0.001
324 555 0.01
324 43 0.001
324 19 0.01
324 44 0.01
324 666 0.01
324 63 0.001
324 10 0.001
324 466 0.1
324 558 0.01
324 720 0.1
325 69 0.1
325 10 0.1
325 327 0.01
325 96 0.01
325 82 0.01
325 173 0.001
325 65 0.1
325 143 0.01
325 325 0.001
325 21 0.01
325 509 0.1
325 962 0.001
325 945 0.1
325 260 0.001
326 420 0.001
326 173 0.001
326 306 0.001
326 155 0.1
326 543 0.001
326 245 0.01
326 86 0.01
326 121 0.01
326 733 0.001
326 96 0.01
326 143 0.01
326 21 0.1
326 107 0.01
326 64 0.01
326 923 0.1
326 326 0.1
326 13 0.1
326 10 0.01
326 20 0.001
326 87 0.1
326 118 0.1
326 325 0.01
326 327 0.001
327 21 0.001
327 416 0.01
327 173 0.01
327 5 0.1
327 6 0.01
327 325 0.1
327 10 0.001
327 473 0.1
327 327 0.01
327 249 0.1
327 20 0.1
327 105 0.01
327 141 0.1
327 259 0.1
327 733 0.001
327 820 0.1
327 486 0.001
327 128 0.1
327 160 0.01
327 728 0.001
327 107 0.001
327 894 0.001
327 301 0.001
327 328 0.01
327 11 0.1
327 945 0.1
327 306 0.001
327 326 0.1
328 329 0.1
328 459 0.1
328 90 0.1
328 494 0.001
328 108 0.01
328 91 0.001
328 474 0.1
328 478 0.001
328 331 0.1
328 328 0.1
328 143 0.001
328 66 0.01
328 514 0.001
328 375 0.001
328 357 0.1
329 187 0.01
329 410 0.001
329 66 0.1
329 328 0.01
329 143 0.1
329 356 0.001
329 108 0.1
329 375 0.001
329 357 0.1
329 478 0.1
329 90 0.1
329 474 0.01
329 208 0.001
329 62 0.1
329 129 0.001
329 258 0.001
329 81 0.01
329 42 0.01
329 419 0.001
329 363 0.01
329 13 0.001
329 568 0.01
329 91 0.1
329 183 0.1
329 367 0.001
329 290 0.001
329 184 0.01
329 107 0.01
329 351 0.01
329 106 0.01
329 105 0.001
329 434 0.1
329 114 0.01
329 495 0.01
329 371 0.01
329 211 0.001
329 63 0.001
329 169 0.001
329 46 0.01
329 329 0.1
329 80 0.1
329 286 0.1
329 652 0.1
329 477 0.001
329 476 0.01
329 21 0.1
329 480 0.01
329 69 0.001
329 68 0.1
329 28 0.1
329 210 0.001
329 137 0.001
329 113 0.1
329 283 0.01
329 355 0.1
329 255 0.01
329 469 0.001
329 300 0.01
329 160 0.1
329 87 0.1
329 96 0.01
329 576 0.001
329 198 0.001
329 514 0.001
329 340 0.01
329 303 0.001
329 671 0.1
329 128 0.01
329 83 0.1
329 190 0.01
329 4 0.01
329 365 0.1
329 249 0.001
329 989 0.1
329 20 0.001
329 245 0.1
329 486 0.001
330 223 0.1
330 64 0.1
330 73 0.01
330 330 0.1
330 74 0.01
330 438 0.001
331 73 0.1
331 459 0.1
331 166 0.001
331 358 0.1
331 19 0.01
331 362 0.1
331 222 0.01
331 764 0.1
331 225 0.1
331 223 0.001
331 464 0.001
331 295 0.01
331 328 0.001
331 260 0.01
331 29 0.01
331 707 0.1
331 482 0.1
331 340 0.001
331 74 0.001
331 44 0.01
332 406 0.001
332 699 0.01
332 358 0.001
332 499 0.001
332 213 0.01
332 44 0.1
332 500 0.01
332 502 0.1
332 407 0.01
332 504 0.001
332 505 0.1
332 506 0.001
332 525 0.1
332 707 0.001
332 487 0.001
332 700 0.1
332 836 0.01
332 608 0.01
332 421 0.01
332 359 0.01
332 523 0.1
332 720 0.001
332 529 0.001
333 114 0.1
333 62 0.1
333 263 0.001
333 113 0.01
333 455 0.1
333 333 0.01
333 443 0.1
333 361 0.01
333 417 0.1
333 444 0.01
333 318 0.01
333 442 0.01
333 423 0.001
333 245 0.01
333 47 0.001
333 76 0.1
333 48 0.1
333 485 0.1
333 107 0.01
333 152 0.01
333 527 0.001
333 547 0.1
333 171 0.01
333 288 0.01
333 460 0.01
333 434 0.001
333 87 0.001
333 282 0.01
333 115 0.001
333 128 0.1
333 133 0.1
333 23 0.01
333 393 0.001
333 609 0.001
333 427 0.01
333 474 0.001
333 180 0.01
333 41 0.01
333 340 0.1
333 77 0.001
333 17 0.01
333 173 0.1
333 531 0.1
333 176 0.01
333 601 0.001
333 492 0.1
333 847 0.01
333 166 0.001
333 302 0.01
333 160 0.1
333 654 0.1
333 162 0.01
333 163 0.1
333 493 0.01
333 820 0.001
333 142 0.001
333 366 0.001
333 58 0.1
333 121 0.01
333 546 0.01
333 283 0.01
333 84 0.01
333 280 0.1
333 129 0.001
333 533 0.1
333 441 0.001
333 233 0.1
333 269 0.01
333 404 0.001
333 96 0.01
333 83 0.1
333 256 0.01
333 36 0.01
333 89 0.01
333 82 0.01
333 28 0.1
333 261 0.1
333 486 0.001
333 438 0.1
333 172 0.01
333 518 0.01
333 925 0.1
333 422 0.001
333 252 0.01
333 919 0.1
333 165 0.001
333 950 0.1
333 5 0.1
333 419 0.1
333 895 0.01
333 641 0.01
333 471 0.1
333 516 0.1
333 517 0.1
333 279 0.01
333 577 0.1
333 355 0.1
333 627 0.001
333 281 0.01
333 230 0.1
333 736 0.001
333 153 0.001
333 253 0.001
333 320 0.01
333 976 0.1
333 932 0.001
333 105 0.01
333 211 0.01
333 411 0.01
333 271 0.01
333 154 0.1
333 145 0.01
333 981 0.001
333 155 0.001
333 984 0.01
333 473 0.01
333 212 0.1
333 169 0.001
333 367 0.001
333 329 0.1
333 21 0.001
333 81 0.1
333 983 0.001
333 421 0.001
333 249 0.01
334 335 0.001
334 15 0.01
334 269 0.01
334 164 0.001
334 139 0.001
334 592 0.1
334 334 0.1
334 140 0.1
334 448 0.1
334 274 0.001
334 929 0.001
334 46 0.001
334 579 0.01
334 322 0.1
334 933 0.1
335 334 0.01
335 15 0.001
335 322 0.1
335 139 0.001
335 269 0.001
335 164 0.1
335 97 0.1
335 760 0.01
335 447 0.01
335 794 0.1
335 592 0.1
335 274 0.1
335 124 0.001
335 335 0.01
335 448 0.001
335 429 0.1
335 533 0.01
335 929 0.01
335 933 0.01
335 45 0.01
336 337 0.01
336 116 0.001
336 165 0.01
336 115 0.001
336 136 0.001
336 338 0.1
336 169 0.01
336 251 0.1
336 135 0.1
336 339 0.1
336 41 0.001
336 27 0.001
336 400 0.001
336 260 0.1
336 84 0.001
336 170 0.01
336 438 0.001
336 485 0.001
336 280 0.001
336 92 0.1
336 336 0.1
336 883 0.1
337 336 0.001
337 337 0.01
337 96 0.1
337 135 0.001
337 169 0.01
337 420 0.1
337 338 0.001
337 123 0.1
337 116 0.01
337 170 0.01
337 115 0.1
337 136 0.01
337 301 0.01
337 160 0.01
337 437 0.1
337 438 0.1
337 5 0.01
337 82 0.01
337 16 0.001
337 511 0.001
337 548 0.1
337 6 0.001
337 245 0.1
337 165 0.1
337 367 0.001
337 30 0.01
337 883 0.001
337 27 0.001
337 424 0.001
337 23 0.001
338 116 0.01
338 123 0.1
338 115 0.1
338 28 0.01
338 160 0.001
338 337 0.01
338 438 0.01
338 169 0.001
338 724 0.001
338 437 0.1
338 336 0.01
338 136 0.1
338 439 0.001
338 135 0.1
338 252 0.001
338 256 0.001
338 365 0.001
338 170 0.01
338 211 0.01
338 62 0.1
338 229 0.1
338 165 0.1
338 339 0.1
338 367 0.001
338 318 0.1
338 32 0.1
338 485 0.001
338 434 0.001
338 113 0.01
338 245 0.001
338 31 0.01
338 455 0.001
338 263 0.01
338 107 0.1
338 183 0.001
338 37 0.001
338 96 0.01
338 114 0.01
338 48 0.01
338 35 0.001
338 900 0.1
338 860 0.01
338 338 0.001
338 914 0.01
338 121 0.001
338 987 0.01
338 16 0.1
338 420 0.1
339 455 0.1
339 10 0.001
339 96 0.1
339 27 0.001
339 165 0.1
339 339 0.001
339 251 0.001
339 361 0.01
339 417 0.001
339 547 0.01
339 169 0.001
339 79 0.1
339 116 0.1
339 38 0.1
339 337 0.001
339 151 0.1
339 443 0.001
339 30 0.01
339 32 0.01
339 725 0.001
339 261 0.1
339 245 0.01
339 34 0.01
339 35 0.001
339 336 0.01
339 136 0.001
339 338 0.001
339 39 0.001
339 171 0.01
339 40 0.001
339 135 0.1
339 115 0.1
339 370 0.001
339 170 0.001
339 14 0.01
339 167 0.01
339 340 0.1
339 438 0.001
339 464 0.01
339 437 0.1
339 25 0.001
339 26 0.001
339 29 0.001
339 33 0.1
339 113 0.01
339 818 0.01
339 987 0.1
339 883 0.001
339 179 0.1
340 134 0.1
340 114 0.01
340 340 0.1
340 10 0.01
340 531 0.01
340 521 0.001
340 482 0.01
340 464 0.001
340 553 0.01
340 173 0.001
340 74 0.01
340 78 0.1
340 86 0.01
340 598 0.1
340 554 0.1
340 371 0.1
340 251 0.1
340 218 0.1
340 62 0.1
340 107 0.001
340 165 0.001
340 339 0.1
340 212 0.001
340 419 0.01
340 535 0.001
340 450 0.01
340 179 0.1
340 166 0.001
340 310 0.001
340 547 0.001
340 497 0.001
340 160 0.1
340 83 0.01
340 79 0.001
340 434 0.1
340 290 0.1
340 82 0.01
340 256 0.001
340 314 0.001
340 438 0.01
340 133 0.01
340 16 0.01
340 848 0.01
340 593 0.01
340 143 0.001
340 142 0.1
340 325 0.01
340 121 0.01
340 128 0.01
340 280 0.1
340 129 0.01
340 811 0.1
340 274 0.01
340 777 0.001
340 249 0.1
340 217 0.01
340 405 0.1
340 282 0.001
340 867 0.001
340 654 0.1
340 546 0.1
340 494 0.001
340 167 0.1
340 934 0.001
340 375 0.1
340 105 0.001
340 46 0.001
340 922 0.001
340 333 0.1
340 28 0.001
340 473 0.001
340 932 0.001
341 74 0.1
341 309 0.01
341 215 0.1
341 311 0.001
341 222 0.1
341 316 0.001
341 248 0.01
341 297 0.01
342 139 0.1
342 352 0.01
342 377 0.01
342 191 0.1
342 199 0.001
342 167 0.1
342 495 0.001
342 103 0.01
342 342 0.1
342 277 0.01
342 376 0.001
342 181 0.01
342 219 0.1
342 280 0.1
342 214 0.1
342 450 0.001
342 296 0.001
342 203 0.001
342 351 0.01
342 231 0.001
342 122 0.1
342 468 0.01
342 179 0.001
342 95 0.001
342 60 0.01
342 575 0.1
342 776 0.1
342 294 0.01
342 797 0.01
342 180 0.001
342 157 0.01
342 62 0.001
342 593 0.1
342 851 0.1
342 350 0.001
342 681 0.1
342 130 0.001
342 94 0.1
342 284 0.01
342 172 0.001
342 511 0.1
342 345 0.001
342 228 0.01
342 483 0.1
342 107 0.1
342 17 0.1
342 340 0.01
342 173 0.01
342 493 0.1
342 41 0.001
342 621 0.01
342 381 0.1
342 149 0.01
342 262 0.01
342 343 0.1
342 346 0.01
342 156 0.01
342 348 0.01
342 349 0.01
342 907 0.01
342 278 0.001
342 178 0.001
342 257 0.001
342 129 0.001
342 393 0.01
342 147 0.001
343 278 0.01
343 191 0.01
343 343 0.01
343 345 0.1
343 681 0.1
343 180 0.001
343 107 0.001
343 183 0.001
343 129 0.1
343 157 0.01
343 128 0.001
343 820 0.1
343 160 0.1
343 214 0.001
343 207 0.001
344 149 0.001
344 148 0.1
344 180 0.01
344 177 0.1
344 344 0.01
344 178 0.01
344 349 0.1
344 176 0.01
344 231 0.01
344 814 0.01
344 191 0.001
344 156 0.01
344 656 0.1
344 262 0.001
344 200 0.001
344 377 0.01
345 180 0.1
345 483 0.1
345 214 0.01
345 351 0.001
345 256 0.1
345 346 0.1
345 681 0.01
345 352 0.1
345 342 0.001
345 343 0.01
345 130 0.001
345 157 0.1
345 179 0.001
345 191 0.001
345 61 0.001
345 345 0.001
345 178 0.001
345 152 0.1
345 262 0.01
345 350 0.1
346 157 0.001
346 294 0.001
346 168 0.001
346 180 0.001
346 342 0.001
346 191 0.1
346 345 0.01
346 206 0.1
346 291 0.001
346 181 0.001
346 346 0.01
346 214 0.01
346 51 0.001
346 128 0.1
346 133 0.01
346 511 0.01
346 351 0.001
346 5 0.1
346 172 0.001
346 6 0.001
346 105 0.001
346 820 0.001
346 21 0.01
346 409 0.01
347 347 0.1
347 262 0.001
347 179 0.1
347 307 0.01
347 157 0.001
347 61 0.001
347 180 0.1
347 681 0.01
347 160 0.001
347 181 0.01
347 191 0.1
347 122 0.01
347 349 0.1
348 180 0.1
348 191 0.01
349 402 0.01
349 180 0.001
349 191 0.001
349 5 0.001
349 349 0.01
349 149 0.01
349 262 0.01
349 344 0.001
349 348 0.1
349 148 0.01
349 122 0.1
349 179 0.1
349 156 0.1
349 347 0.01
349 160 0.001
349 320 0.1
349 64 0.01
349 907 0.001
350 572 0.01
350 352 0.01
350 350 0.1
350 593 0.001
350 204 0.001
350 94 0.1
350 342 0.01
350 681 0.1
350 157 0.001
350 377 0.1
350 345 0.01
350 861 0.1
350 343 0.1
350 351 0.01
350 320 0.001
350 180 0.1
350 191 0.1
350 851 0.1
351 180 0.001
351 178 0.001
351 167 0.1
351 284 0.1
351 320 0.01
351 342 0.01
351 214 0.1
351 351 0.001
351 345 0.01
351 122 0.001
351 191 0.01
351 377 0.1
351 179 0.1
351 157 0.01
351 350 0.1
351 363 0.01
351 329 0.001
351 495 0.1
351 161 0.01
351 371 0.01
351 296 0.001
351 203 0.001
351 28 0.01
351 303 0.001
351 210 0.01
351 81 0.01
351 283 0.1
351 256 0.1
351 364 0.1
351 106 0.001
351 129 0.1
351 365 0.1
351 249 0.01
351 155 0.001
351 278 0.1
351 321 0.001
351 352 0.1
351 575 0.01
351 280 0.1
351 87 0.01
351 734 0.01
351 1 0.001
351 130 0.001
351 181 0.001
351 95 0.1
351 419 0.01
351 420 0.001
351 5 0.01
352 41 0.01
352 350 0.1
352 180 0.1
352 345 0.01
352 546 0.01
352 60 0.1
352 351 0.1
352 342 0.001
352 347 0.01
352 214 0.001
352 681 0.001
352 789 0.001
352 206 0.1
352 656 0.1
352 352 0.01
352 178 0.001
352 483 0.1
352 851 0.1
352 346 0.1
353 354 0.001
353 185 0.001
353 371 0.001
353 404 0.01
353 125 0.001
353 100 0.01
353 99 0.001
353 183 0.001
353 708 0.01
353 124 0.01
353 98 0.001
353 97 0.1
353 687 0.1
353 323 0.1
353 618 0.1
353 770 0.01
353 662 0.01
353 101 0.01
353 709 0.01
353 353 0.01
353 15 0.1
353 640 0.01
353 86 0.1
353 796 0.01
353 87 0.001
353 249 0.1
353 121 0.1
353 129 0.1
353 365 0.001
353 434 0.01
353 592 0.1
353 935 0.1
353 768 0.01
353 937 0.1
353 106 0.01
353 160 0.1
353 142 0.1
354 353 0.01
354 185 0.1
354 100 0.1
354 64 0.1
354 354 0.1
354 101 0.01
354 323 0.1
354 97 0.001
355 256 0.001
355 365 0.1
355 282 0.001
355 518 0.1
355 355 0.001
355 128 0.001
355 249 0.1
355 166 0.01
355 62 0.001
355 212 0.1
355 16 0.001
355 142 0.01
355 283 0.001
355 152 0.1
355 329 0.001
355 303 0.1
355 114 0.001
355 472 0.01
355 46 0.01
355 255 0.01
355 211 0.01
355 371 0.1
355 63 0.001
355 169 0.01
355 170 0.1
355 137 0.1
355 184 0.1
355 107 0.01
355 210 0.001
355 546 0.1
355 300 0.01
355 405 0.001
355 420 0.1
355 356 0.01
355 83 0.1
355 160 0.1
355 183 0.01
355 654 0.001
355 105 0.001
355 333 0.1
355 513 0.001
355 106 0.001
355 473 0.01
356 357 0.001
356 329 0.01
356 356 0.1
356 107 0.001
356 81 0.01
356 612 0.1
356 375 0.1
356 183 0.1
356 106 0.1
356 108 0.01
356 160 0.001
356 474 0.001
356 91 0.1
356 405 0.1
356 258 0.01
356 16 0.01
356 62 0.01
356 480 0.1
356 509 0.01
356 362 0.1
356 69 0.1
356 366 0.01
356 549 0.01
356 424 0.001
356 121 0.001
356 828 0.1
356 896 0.001
356 142 0.01
356 282 0.01
356 301 0.01
357 357 0.01
357 356 0.001
357 107 0.001
357 474 0.01
357 256 0.1
357 454 0.1
357 258 0.01
357 212 0.1
357 5 0.001
357 64 0.001
357 62 0.001
357 290 0.001
357 589 0.01
357 568 0.001
357 329 0.001
357 81 0.1
357 143 0.01
357 375 0.001
357 671 0.1
357 112 0.01
357 478 0.1
357 91 0.1
357 80 0.1
357 108 0.01
357 282 0.01
357 16 0.001
357 424 0.001
357 21 0.01
357 183 0.1
357 68 0.1
357 106 0.001
357 480 0.001
357 142 0.01
357 121 0.001
357 82 0.01
357 615 0.1
357 184 0.1
357 486 0.01
357 301 0.001
357 105 0.01
358 43 0.001
358 406 0.01
358 44 0.01
358 566 0.001
358 573 0.001
358 499 0.1
358 500 0.01
358 805 0.1
358 502 0.1
358 503 0.01
358 7 0.001
358 407 0.01
358 729 0.001
358 504 0.001
358 505 0.01
358 332 0.001
358 358 0.1
358 73 0.001
358 331 0.1
358 8 0.01
358 707 0.1
358 498 0.1
358 161 0.1
358 213 0.1
358 525 0.001
358 9 0.1
358 12 0.01
358 530 0.01
358 141 0.001
358 510 0.1
358 608 0.1
358 602 0.001
358 266 0.001
358 452 0.01
358 700 0.1
358 459 0.01
358 247 0.001
358 232 0.01
358 466 0.001
358 765 0.001
358 105 0.01
358 264 0.1
358 506 0.1
358 11 0.1
358 699 0.01
358 501 0.01
358 856 0.1
358 913 0.01
359 360 0.01
359 452 0.1
359 558 0.1
359 529 0.1
359 141 0.01
359 421 0.001
359 496 0.1
359 213 0.01
359 533 0.001
359 11 0.1
359 359 0.001
359 498 0.001
359 466 0.001
359 699 0.001
359 502 0.01
359 608 0.01
359 265 0.001
359 267 0.01
359 570 0.01
359 754 0.001
359 707 0.1
359 672 0.1
359 499 0.1
359 9 0.01
359 569 0.01
359 525 0.1
359 7 0.1
359 332 0.1
359 700 0.01
359 504 0.001
359 44 0.001
359 951 0.01
360 213 0.001
360 359 0.001
360 498 0.001
360 371 0.1
360 11 0.01
360 360 0.01
360 265 0.01
360 569 0.001
360 7 0.01
360 19 0.01
360 105 0.1
360 570 0.01
360 141 0.01
360 293 0.001
360 533 0.01
360 170 0.001
360 235 0.001
361 113 0.1
361 443 0.01
361 263 0.01
361 114 0.01
361 245 0.1
361 47 0.001
361 116 0.001
361 136 0.01
361 34 0.001
361 417 0.001
361 370 0.001
361 318 0.01
361 547 0.001
361 171 0.01
361 107 0.01
361 62 0.01
361 339 0.001
361 361 0.1
361 455 0.01
361 29 0.1
361 32 0.001
361 165 0.01
361 333 0.01
361 135 0.001
361 27 0.01
361 96 0.01
361 151 0.001
361 25 0.001
361 367 0.1
361 438 0.1
361 261 0.01
361 981 0.01
362 44 0.001
362 293 0.001
362 498 0.01
362 86 0.1
362 362 0.01
362 441 0.01
362 7 0.1
362 666 0.001
362 11 0.01
362 365 0.01
362 301 0.1
362 183 0.1
362 506 0.1
362 421 0.1
362 141 0.001
362 602 0.01
362 6 0.001
362 19 0.1
362 331 0.1
362 529 0.1
362 128 0.001
362 434 0.001
362 256 0.1
362 496 0.1
362 15 0.01
362 283 0.01
362 420 0.01
362 81 0.1
362 16 0.1
362 62 0.01
362 165 0.01
362 107 0.001
362 356 0.1
362 69 0.1
362 28 0.1
362 280 0.1
362 129 0.001
362 820 0.01
362 51 0.1
362 856 0.1
362 160 0.1
362 466 0.001
362 661 0.01
362 401 0.01
362 430 0.01
362 121 0.001
362 483 0.001
362 5 0.1
362 12 0.01
363 283 0.001
363 161 0.1
363 280 0.001
363 256 0.1
363 211 0.01
363 364 0.01
363 106 0.1
363 236 0.001
363 365 0.001
363 249 0.001
363 154 0.1
363 63 0.001
363 165 0.001
363 329 0.1
363 495 0.01
363 28 0.01
363 303 0.001
363 210 0.1
363 371 0.1
363 296 0.001
363 81 0.001
363 351 0.001
363 129 0.1
363 215 0.1
363 114 0.001
363 169 0.01
363 367 0.01
363 531 0.1
363 384 0.001
363 152 0.001
363 661 0.1
363 155 0.01
363 518 0.001
363 208 0.01
363 128 0.001
363 16 0.1
363 314 0.01
363 434 0.1
363 278 0.001
363 87 0.1
363 664 0.01
363 508 0.01
363 422 0.1
363 577 0.001
364 21 0.01
364 152 0.1
365 365 0.01
365 451 0.01
366 366 0.001
366 58 0.1
366 441 0.01
366 282 0.01
366 105 0.1
366 312 0.001
366 283 0.1
366 142 0.01
366 367 0.1
366 74 0.001
366 372 0.1
366 317 0.1
366 169 0.01
366 758 0.001
366 253 0.01
366 233 0.01
366 662 0.1
366 147 0.001
366 474 0.001
366 184 0.001
366 226 0.01
366 531 0.1
366 78 0.01
366 445 0.001
366 19 0.1
366 18 0.1
366 160 0.01
366 518 0.01
366 183 0.01
366 115 0.001
366 188 0.01
366 368 0.1
366 166 0.001
366 165 0.001
366 187 0.001
366 82 0.001
366 255 0.01
366 229 0.001
366 521 0.1
366 65 0.001
366 10 0.001
366 107 0.01
366 494 0.01
366 62 0.001
366 305 0.001
366 333 0.1
366 215 0.1
366 443 0.001
366 440 0.1
366 356 0.1
366 68 0.001
366 424 0.001
366 512 0.001
366 109 0.1
366 190 0.1
366 180 0.01
366 152 0.1
366 310 0.01
366 63 0.001
366 174 0.1
366 285 0.01
366 30 0.01
366 20 0.1
366 218 0.1
366 256 0.001
366 859 0.001
366 290 0.1
366 134 0.1
366 83 0.01
366 950 0.001
366 311 0.1
366 234 0.01
366 856 0.001
366 131 0.01
366 230 0.001
366 596 0.1
366 693 0.001
366 812 0.01
366 121 0.1
367 28 0.1
367 114 0.001
367 165 0.01
367 169 0.01
367 151 0.01
367 261 0.01
367 438 0.1
367 62 0.01
367 655 0.1
367 256 0.01
367 16 0.01
367 36 0.1
367 170 0.01
367 329 0.001
367 424 0.01
367 434 0.001
367 757 0.001
367 495 0.1
367 212 0.1
367 338 0.001
367 128 0.001
367 133 0.01
367 340 0.1
367 129 0.001
367 160 0.1
367 427 0.1
367 44 0.01
367 81 0.01
367 21 0.1
367 35 0.001
367 367 0.01
367 366 0.001
367 280 0.001
367 748 0.01
367 64 0.01
367 121 0.001
367 105 0.01
367 361 0.01
367 470 0.001
367 419 0.1
367 115 0.001
367 892 0.1
367 531 0.001
367 405 0.1
367 116 0.001
367 245 0.01
367 23 0.1
367 375 0.01
367 24 0.001
367 80 0.001
367 318 0.01
367 113 0.001
367 417 0.1
367 107 0.1
367 75 0.1
367 155 0.1
367 32 0.1
367 337 0.01
367 30 0.1
367 31 0.1
367 39 0.01
367 333 0.001
367 82 0.01
367 106 0.1
367 420 0.1
368 368 0.001
368 52 0.01
368 321 0.001
368 103 0.01
368 377 0.001
368 104 0.1
368 320 0.1
368 387 0.1
368 393 0.1
368 86 0.1
368 83 0.01
368 394 0.01
368 440 0.01
368 232 0.1
368 397 0.01
368 379 0.01
368 366 0.01
368 537 0.001
368 14 0.01
368 375 0.001
368 112 0.001
368 295 0.01
368 250 0.001
368 392 0.001
368 160 0.001
368 275 0.01
368 181 0.1
368 301 0.001
368 146 0.01
368 376 0.001
368 841 0.1
368 150 0.01
368 1 0.01
368 896 0.001
369 630 0.1
369 303 0.01
369 96 0.01
369 89 0.1
369 88 0.1
369 304 0.001
370 417 0.1
370 40 0.01
370 47 0.1
370 41 0.01
370 38 0.01
370 27 0.001
370 48 0.01
370 455 0.001
370 85 0.1
370 333 0.001
370 547 0.001
370 361 0.001
370 33 0.1
370 113 0.01
370 423 0.1
370 725 0.1
370 318 0.1
370 442 0.001
370 245 0.01
370 171 0.001
370 427 0.001
370 115 0.1
370 39 0.001
370 226 0.01
370 116 0.1
370 25 0.1
370 92 0.001
370 26 0.01
370 443 0.001
370 37 0.1
370 135 0.01
370 339 0.001
370 151 0.001
370 414 0.1
371 211 0.001
371 63 0.001
371 495 0.01
371 114 0.1
371 210 0.01
371 129 0.001
371 490 0.1
371 303 0.001
371 128 0.1
371 360 0.01
371 371 0.01
371 404 0.01
371 340 0.1
371 282 0.1
371 100 0.1
371 101 0.001
371 249 0.01
371 434 0.001
371 99 0.1
371 106 0.001
371 365 0.001
371 212 0.01
371 518 0.001
371 62 0.001
371 98 0.1
371 132 0.1
371 51 0.01
371 323 0.01
371 363 0.01
371 21 0.01
371 124 0.1
371 285 0.01
371 355 0.1
371 236 0.01
371 46 0.01
371 121 0.1
371 353 0.01
371 708 0.1
371 640 0.1
371 160 0.01
371 97 0.1
371 208 0.001
371 174 0.01
371 405 0.01
371 256 0.01
371 155 0.001
371 137 0.001
371 288 0.1
371 3 0.01
371 87 0.001
371 419 0.001
371 768 0.01
371 105 0.1
371 170 0.001
371 169 0.01
371 13 0.1
371 183 0.1
371 329 0.001
371 28 0.1
371 161 0.01
371 81 0.001
371 351 0.001
371 473 0.01
371 424 0.01
372 373 0.001
372 433 0.001
372 86 0.01
372 134 0.1
372 83 0.1
372 282 0.1
372 431 0.001
372 594 0.01
372 70 0.01
372 107 0.01
372 366 0.1
372 32 0.001
372 62 0.001
372 372 0.1
372 513 0.1
372 64 0.01
372 58 0.001
372 115 0.1
372 283 0.001
372 121 0.001
372 87 0.1
372 494 0.001
372 42 0.1
373 283 0.001
373 372 0.01
373 714 0.001
373 373 0.1
373 706 0.001
373 282 0.01
373 420 0.01
373 180 0.1
373 253 0.01
373 571 0.1
373 115 0.001
373 166 0.001
373 411 0.01
373 83 0.1
373 280 0.001
373 508 0.1
373 243 0.001
373 528 0.01
373 240 0.01
373 552 0.1
373 93 0.1
373 133 0.001
373 515 0.01
373 184 0.01
373 194 0.001
373 481 0.001
373 239 0.1
373 92 0.1
373 58 0.01
373 197 0.1
373 134 0.001
373 812 0.001
373 121 0.01
373 82 0.1
373 311 0.001
373 131 0.1
373 964 0.01
373 306 0.1
373 112 0.01
374 44 0.01
374 7 0.001
374 374 0.01
374 529 0.001
374 502 0.01
374 441 0.01
374 499 0.01
374 500 0.001
374 501 0.1
374 503 0.01
374 406 0.001
374 407 0.01
374 504 0.1
374 505 0.01
374 358 0.1
374 506 0.1
374 5 0.001
374 166 0.001
375 455 0.01
375 143 0.1
375 475 0.1
375 356 0.01
375 329 0.01
375 66 0.001
375 469 0.1
375 108 0.1
375 110 0.1
375 375 0.1
375 91 0.01
375 476 0.001
375 111 0.01
375 474 0.001
375 112 0.001
375 328 0.001
375 357 0.001
375 477 0.01
375 258 0.01
375 478 0.01
375 90 0.01
375 80 0.01
375 96 0.001
375 663 0.001
375 282 0.1
375 89 0.1
375 6 0.001
375 494 0.1
375 107 0.001
375 679 0.1
375 424 0.001
375 160 0.001
375 183 0.1
375 480 0.001
375 81 0.001
375 121 0.1
375 368 0.1
375 142 0.001
375 62 0.01
375 889 0.01
375 860 0.1
375 243 0.01
375 16 0.001
375 154 0.1
375 21 0.1
375 28 0.1
375 114 0.01
375 340 0.1
375 169 0.1
375 367 0.001
375 318 0.01
375 211 0.001
375 301 0.1
375 411 0.001
375 105 0.001
375 230 0.01
375 514 0.1
375 756 0.001
376 377 0.001
376 103 0.1
376 397 0.001
376 296 0.001
376 60 0.001
376 6 0.1
376 64 0.001
376 203 0.001
376 393 0.001
376 380 0.1
376 122 0.001
376 376 0.1
376 379 0.001
376 654 0.1
376 283 0.1
376 157 0.1
376 295 0.001
376 181 0.1
376 389 0.001
376 394 0.1
376 719 0.1
376 841 0.1
376 18 0.01
376 179 0.001
376 320 0.01
376 160 0.1
376 182 0.1
376 378 0.1
376 308 0.01
376 387 0.001
376 388 0.01
376 390 0.01
376 61 0.1
376 391 0.1
376 392 0.1
376 250 0.001
376 368 0.01
376 104 0.1
376 150 0.1
376 262 0.01
376 395 0.001
376 632 0.01
376 985 0.01
376 321 0.001
377 376 0.1
377 103 0.001
377 61 0.1
377 377 0.1
377 378 0.1
377 250 0.1
377 368 0.01
377 104 0.1
377 150 0.001
377 157 0.001
377 181 0.1
377 296 0.001
377 60 0.001
377 394 0.001
377 160 0.001
377 295 0.1
377 284 0.001
377 321 0.001
377 177 0.001
377 483 0.001
377 86 0.1
377 572 0.1
377 156 0.01
377 593 0.1
377 204 0.01
377 350 0.1
377 94 0.001
377 320 0.01
377 342 0.01
377 203 0.01
377 351 0.01
377 179 0.1
377 1 0.01
377 174 0.01
377 280 0.01
377 95 0.001
377 390 0.01
377 734 0.001
377 495 0.1
377 219 0.01
377 167 0.1
377 214 0.1
377 450 0.1
377 148 0.1
377 402 0.01
377 129 0.001
377 468 0.01
377 228 0.01
377 385 0.001
377 526 0.1
377 312 0.001
377 548 0.01
377 491 0.001
377 292 0.01
377 379 0.1
377 380 0.001
377 381 0.1
377 382 0.001
377 383 0.001
377 384 0.01
377 283 0.01
377 386 0.1
377 387 0.01
377 388 0.01
377 389 0.1
377 391 0.001
377 392 0.01
377 393 0.01
377 395 0.001
377 396 0.001
377 397 0.1
377 398 0.01
377 277 0.1
377 231 0.01
377 122 0.1
377 575 0.01
377 352 0.01
377 741 0.001
377 659 0.1
377 106 0.01
377 62 0.1
377 172 0.1
377 764 0.01
377 199 0.1
377 189 0.01
377 149 0.01
377 0 0.001
377 490 0.001
377 464 0.1
377 347 0.01
377 128 0.001
377 365 0.001
377 249 0.1
377 227 0.1
377 458 0.01
377 220 0.001
377 782 0.001
377 166 0.001
377 294 0.01
377 262 0.1
377 130 0.1
377 133 0.01
377 748 0.001
377 127 0.001
377 182 0.01
377 907 0.001
377 872 0.1
377 120 0.001
377 851 0.1
377 147 0.01
377 163 0.01
377 918 0.1
377 776 0.001
377 215 0.001
377 344 0.001
377 656 0.01
377 52 0.1
377 959 0.01
377 316 0.1
377 960 0.001
377 745 0.1
377 403 0.1
377 961 0.1
377 486 0.1
377 839 0.01
377 562 0.1
377 207 0.01
377 65 0.1
377 257 0.1
377 278 0.1
377 546 0.001
378 377 0.01
378 378 0.01
378 393 0.001
378 103 0.001
378 128 0.1
378 296 0.01
378 157 0.001
378 150 0.001
378 283 0.01
379 157 0.01
379 316 0.001
379 6 0.001
379 396 0.1
379 389 0.01
379 379 0.001
379 397 0.001
379 174 0.01
379 296 0.1
379 395 0.1
379 394 0.001
379 376 0.1
379 295 0.01
379 308 0.01
379 380 0.001
379 381 0.01
379 61 0.1
379 392 0.001
379 393 0.01
379 320 0.01
379 378 0.1
379 103 0.1
379 382 0.1
379 181 0.1
379 383 0.01
379 283 0.001
379 385 0.01
379 386 0.01
379 387 0.001
379 388 0.01
379 390 0.001
379 391 0.01
379 250 0.001
379 398 0.1
379 377 0.001
379 368 0.1
379 104 0.1
379 321 0.1
379 60 0.001
379 150 0.001
379 64 0.001
379 719 0.01
379 16 0.001
379 80 0.01
379 164 0.001
379 63 0.01
379 628 0.01
379 191 0.001
379 182 0.001
379 5 0.01
379 384 0.01
379 285 0.1
380 380 0.01
380 321 0.01
380 296 0.01
380 295 0.001
380 177 0.1
380 680 0.1
380 61 0.001
380 440 0.1
380 178 0.01
380 539 0.01
380 391 0.01
380 157 0.01
380 120 0.01
380 101 0.1
380 65 0.001
380 232 0.1
380 379 0.1
380 396 0.1
380 376 0.1
380 397 0.01
380 385 0.01
380 387 0.01
380 14 0.01
380 182 0.01
380 390 0.001
380 160 0.01
380 393 0.001
380 200 0.01
380 562 0.01
380 283 0.1
380 656 0.01
380 103 0.1
381 177 0.001
381 176 0.1
381 344 0.01
381 479 0.001
381 320 0.01
381 179 0.01
381 60 0.001
381 397 0.01
381 377 0.01
381 178 0.01
381 381 0.01
381 160 0.1
381 181 0.001
381 150 0.1
381 61 0.001
381 156 0.001
381 321 0.1
381 393 0.1
381 149 0.01
381 548 0.01
381 380 0.01
381 515 0.001
381 391 0.1
381 394 0.1
381 948 0.001
381 180 0.001
381 686 0.001
383 383 0.01
385 296 0.01
385 385 0.01
385 295 0.01
385 380 0.001
385 387 0.01
385 377 0.1
385 390 0.1
385 395 0.01
385 393 0.01
385 389 0.1
385 376 0.01
385 378 0.01
385 103 0.001
385 160 0.1
385 231 0.001
387 296 0.001
387 295 0.1
387 198 0.01
387 385 0.01
387 380 0.1
387 229 0.1
387 378 0.001
387 368 0.001
387 387 0.1
387 377 0.1
387 389 0.1
387 485 0.01
387 157 0.1
387 393 0.01
387 390 0.1
387 394 0.001
387 379 0.01
387 250 0.001
387 395 0.001
387 104 0.01
387 388 0.001
387 523 0.1
387 392 0.001
387 60 0.1
387 182 0.1
387 381 0.1
387 118 0.1
387 667 0.01
387 384 0.001
387 283 0.001
387 42 0.1
387 366 0.01
387 849 0.001
387 41 0.1
387 115 0.1
387 150 0.1
387 950 0.1
388 164 0.001
388 388 0.01
388 384 0.1
388 104 0.001
388 379 0.1
388 376 0.1
388 157 0.01
388 60 0.001
388 179 0.1
388 296 0.001
388 378 0.001
388 128 0.1
388 150 0.001
388 387 0.01
388 280 0.1
388 283 0.01
388 130 0.01
388 249 0.1
389 389 0.001
389 295 0.1
389 394 0.001
389 486 0.001
389 64 0.01
389 379 0.1
389 296 0.01
389 157 0.001
389 385 0.01
389 390 0.001
389 391 0.01
389 395 0.01
389 182 0.01
389 60 0.1
389 377 0.01
389 104 0.001
389 393 0.001
389 376 0.001
389 397 0.1
389 387 0.001
389 611 0.001
389 521 0.01
389 585 0.01
389 292 0.001
389 317 0.01
389 341 0.1
389 103 0.001
389 628 0.1
389 326 0.01
389 14 0.1
390 14 0.1
390 296 0.001
390 395 0.1
390 295 0.001
390 181 0.01
390 389 0.1
390 390 0.01
390 377 0.1
390 385 0.01
390 491 0.01
390 526 0.1
390 226 0.001
390 62 0.1
390 391 0.1
390 182 0.001
390 103 0.1
390 438 0.001
390 380 0.001
390 756 0.001
390 268 0.01
390 379 0.1
390 394 0.001
390 459 0.1
390 381 0.1
390 376 0.01
390 157 0.1
390 61 0.1
390 392 0.1
390 393 0.1
390 397 0.001
390 320 0.001
390 378 0.001
390 384 0.01
390 283 0.1
390 387 0.001
390 388 0.1
390 250 0.001
390 396 0.1
390 368 0.01
390 104 0.001
390 321 0.01
390 60 0.001
390 150 0.001
390 308 0.1
391 368 0.01
391 776 0.001
391 182 0.1
391 320 0.1
391 295 0.1
391 389 0.01
391 390 0.01
391 61 0.001
391 380 0.1
391 321 0.01
391 391 0.1
392 86 0.001
392 104 0.01
392 392 0.001
392 296 0.001
392 387 0.001
392 588 0.1
392 368 0.1
392 393 0.01
392 283 0.001
393 378 0.1
393 379 0.1
393 103 0.1
393 381 0.1
393 376 0.001
393 181 0.1
393 385 0.001
393 388 0.001
393 390 0.001
393 61 0.1
393 392 0.001
393 393 0.001
393 394 0.1
393 296 0.1
393 250 0.01
393 395 0.1
393 397 0.001
393 377 0.1
393 368 0.01
393 104 0.001
393 321 0.01
393 60 0.001
393 150 0.1
393 320 0.01
393 295 0.1
393 154 0.001
393 162 0.1
393 155 0.1
393 546 0.1
393 82 0.001
393 121 0.1
393 612 0.001
393 105 0.001
393 83 0.001
393 180 0.001
393 643 0.01
393 17 0.1
393 308 0.001
393 380 0.001
393 384 0.001
393 386 0.001
393 387 0.1
393 389 0.01
393 391 0.001
393 212 0.01
393 533 0.01
393 157 0.1
393 396 0.01
393 382 0.001
393 283 0.1
393 761 0.1
393 719 0.1
393 434 0.001
393 166 0.1
393 433 0.1
393 145 0.1
393 71 0.001
393 84 0.1
393 424 0.01
393 142 0.01
393 282 0.001
393 87 0.1
393 86 0.001
393 182 0.1
393 249 0.01
393 301 0.1
393 160 0.01
393 950 0.01
393 107 0.1
393 947 0.1
393 422 0.1
393 152 0.001
393 932 0.001
393 421 0.001
393 607 0.1
394 104 0.1
394 321 0.1
394 320 0.1
394 181 0.1
394 628 0.01
394 394 0.01
394 377 0.001
394 61 0.001
394 486 0.001
394 14 0.1
394 385 0.001
394 250 0.1
394 379 0.001
394 103 0.001
394 389 0.1
394 160 0.1
394 397 0.1
394 60 0.001
394 368 0.01
394 376 0.001
394 393 0.01
394 295 0.01
394 388 0.001
394 53 0.001
394 179 0.001
394 182 0.001
394 390 0.01
394 381 0.01
394 947 0.001
395 395 0.01
395 157 0.01
395 390 0.1
395 295 0.01
395 174 0.001
395 389 0.001
395 379 0.01
395 494 0.1
395 385 0.1
395 296 0.001
395 396 0.1
395 104 0.01
395 181 0.001
395 201 0.01
395 393 0.001
395 164 0.001
395 16 0.01
395 719 0.01
395 121 0.01
395 82 0.01
395 250 0.01
395 86 0.1
395 368 0.1
395 376 0.1
395 80 0.01
395 64 0.1
395 908 0.001
396 379 0.001
397 53 0.1
397 376 0.001
397 390 0.001
397 295 0.01
397 296 0.1
397 320 0.01
397 719 0.001
397 379 0.001
397 632 0.001
397 6 0.001
397 64 0.01
397 397 0.01
397 157 0.01
397 393 0.01
397 380 0.1
397 381 0.001
397 458 0.1
397 181 0.01
397 394 0.01
397 389 0.1
397 368 0.001
397 869 0.01
397 122 0.001
397 103 0.01
397 841 0.001
397 378 0.001
397 52 0.01
397 546 0.001
397 179 0.001
399 493 0.001
399 183 0.001
399 168 0.1
399 93 0.01
399 199 0.001
399 526 0.1
399 129 0.1
399 457 0.01
400 260 0.1
400 560 0.001
400 86 0.01
400 336 0.01
400 215 0.01
400 259 0.1
400 20 0.001
400 173 0.001
400 21 0.01
400 400 0.001
400 309 0.1
400 728 0.1
400 106 0.001
400 64 0.1
400 160 0.01
400 222 0.001
400 96 0.01
400 107 0.01
400 105 0.001
400 74 0.01
400 678 0.001
400 11 0.1
400 327 0.1
400 69 0.1
400 325 0.01
400 10 0.1
400 92 0.1
400 81 0.1
400 68 0.1
400 509 0.001
400 411 0.1
401 621 0.1
401 457 0.01
401 425 0.1
401 434 0.01
401 493 0.01
401 172 0.001
401 526 0.1
401 401 0.1
401 160 0.01
401 426 0.001
401 183 0.01
401 714 0.01
401 562 0.001
401 44 0.1
401 362 0.001
401 256 0.1
401 129 0.1
401 365 0.001
401 568 0.001
401 65 0.01
401 542 0.001
401 399 0.1
401 130 0.01
401 257 0.01
401 148 0.1
401 249 0.01
401 430 0.001
401 543 0.1
401 664 0.01
401 870 0.1
401 835 0.01
401 712 0.01
401 289 0.01
401 873 0.1
401 294 0.01
401 874 0.01
401 705 0.001
401 574 0.001
401 791 0.1
401 82 0.001
401 276 0.1
402 402 0.1
403 129 0.001
403 221 0.01
403 168 0.1
403 403 0.001
403 291 0.1
403 473 0.1
403 526 0.001
403 493 0.1
404 166 0.01
404 58 0.001
404 107 0.001
404 100 0.1
404 404 0.1
404 654 0.001
404 101 0.001
404 84 0.01
404 474 0.01
404 124 0.001
404 98 0.01
404 640 0.001
404 99 0.1
404 357 0.1
404 371 0.01
404 434 0.001
404 185 0.1
404 97 0.001
404 323 0.1
404 708 0.1
404 353 0.001
404 618 0.01
404 662 0.001
404 709 0.001
404 233 0.1
404 125 0.01
404 612 0.1
404 62 0.01
404 152 0.01
404 269 0.001
404 87 0.1
404 115 0.001
404 212 0.001
404 162 0.01
404 615 0.001
404 254 0.1
404 249 0.1
404 105 0.01
404 160 0.001
404 82 0.001
404 412 0.1
404 142 0.1
404 768 0.1
404 154 0.01
404 533 0.001
404 601 0.01
404 532 0.1
404 372 0.1
404 282 0.01
404 366 0.001
404 121 0.001
404 86 0.001
404 546 0.01
404 586 0.001
404 301 0.001
404 45 0.001
404 494 0.01
404 422 0.001
404 354 0.1
404 83 0.1
404 937 0.001
404 173 0.1
404 424 0.001
404 15 0.001
404 643 0.1
404 145 0.001
404 963 0.001
404 518 0.1
404 687 0.01
404 16 0.001
404 896 0.1
404 950 0.001
404 932 0.1
404 421 0.001
404 217 0.01
404 373 0.01
404 420 0.001
405 106 0.1
405 160 0.1
405 42 0.1
405 300 0.1
405 365 0.001
405 107 0.001
405 495 0.01
405 748 0.001
405 102 0.001
405 249 0.001
405 489 0.001
405 642 0.001
405 44 0.001
405 329 0.01
405 28 0.001
405 128 0.01
405 303 0.1
405 210 0.1
405 21 0.1
405 371 0.1
405 114 0.1
405 296 0.01
405 490 0.001
405 81 0.01
405 340 0.1
405 226 0.01
405 227 0.1
405 278 0.01
405 129 0.001
405 169 0.1
405 796 0.01
405 174 0.01
405 355 0.01
405 367 0.001
405 405 0.01
405 108 0.01
405 87 0.1
405 16 0.1
405 187 0.001
405 256 0.1
405 288 0.1
405 64 0.01
405 283 0.01
405 356 0.1
405 362 0.01
405 5 0.001
405 456 0.001
405 314 0.01
405 161 0.1
405 15 0.1
405 62 0.01
405 828 0.001
405 282 0.01
405 145 0.01
405 158 0.001
405 46 0.001
405 121 0.1
405 45 0.1
405 498 0.001
405 541 0.1
405 438 0.1
405 531 0.01
405 221 0.01
405 263 0.001
405 758 0.01
405 124 0.001
405 211 0.01
405 63 0.001
405 183 0.001
405 601 0.01
405 434 0.001
405 889 0.01
405 308 0.001
405 133 0.1
405 891 0.01
405 892 0.1
405 10 0.01
405 173 0.01
405 375 0.001
405 896 0.01
405 290 0.01
405 83 0.001
405 304 0.1
405 89 0.01
405 116 0.1
405 19 0.01
405 856 0.1
405 493 0.1
405 245 0.01
405 115 0.01
405 333 0.001
405 543 0.001
405 280 0.1
405 274 0.001
405 419 0.1
405 132 0.01
405 480 0.1
405 255 0.1
405 126 0.1
405 142 0.1
405 105 0.001
405 548 0.01
405 194 0.001
405 268 0.1
405 518 0.01
405 4 0.1
405 3 0.001
405 143 0.1
405 78 0.1
405 162 0.01
406 11 0.001
406 332 0.01
406 44 0.01
406 502 0.001
406 503 0.01
406 504 0.001
406 505 0.1
406 358 0.001
406 506 0.01
406 43 0.001
406 500 0.01
406 501 0.1
406 407 0.001
406 525 0.1
406 699 0.01
406 672 0.1
406 406 0.01
406 499 0.01
407 44 0.01
407 502 0.01
407 503 0.01
407 406 0.01
407 504 0.001
407 505 0.01
407 358 0.01
407 506 0.001
407 566 0.01
407 7 0.01
407 525 0.1
407 494 0.1
407 526 0.1
407 141 0.01
408 408 0.1
408 59 0.001
408 3 0.01
408 63 0.1
408 305 0.1
408 516 0.01
408 517 0.1
408 2 0.01
408 285 0.001
408 520 0.001
408 281 0.01
408 130 0.01
408 194 0.01
408 5 0.001
408 6 0.1
408 4 0.001
408 412 0.001
408 137 0.1
408 212 0.01
408 286 0.001
408 58 0.01
408 211 0.01
408 552 0.1
408 57 0.1
408 138 0.001
408 586 0.1
408 434 0.01
408 126 0.001
408 489 0.1
408 96 0.01
408 533 0.01
408 271 0.01
408 685 0.001
408 208 0.01
408 411 0.001
408 571 0.01
408 462 0.1
408 252 0.1
408 832 0.001
408 215 0.001
408 89 0.01
408 826 0.01
408 625 0.1
408 880 0.001
408 192 0.1
408 587 0.01
408 420 0.001
408 990 0.001
408 193 0.01
408 993 0.01
408 473 0.001
408 859 0.001
409 409 0.1
409 10 0.1
409 118 0.001
409 13 0.01
409 90 0.1
409 165 0.1
409 117 0.1
409 418 0.01
409 326 0.01
409 51 0.01
409 244 0.1
409 278 0.01
409 280 0.001
409 138 0.001
409 306 0.001
409 184 0.001
409 292 0.01
409 25 0.01
409 128 0.01
409 450 0.1
409 35 0.1
409 225 0.001
409 29 0.001
409 305 0.01
409 135 0.01
409 272 0.1
409 448 0.01
409 2 0.01
409 443 0.01
409 38 0.001
409 428 0.001
409 590 0.01
409 336 0.001
409 581 0.01
409 624 0.01
409 447 0.01
409 325 0.001
409 33 0.01
409 27 0.01
409 316 0.001
409 108 0.01
409 390 0.001
409 421 0.1
409 497 0.001
409 81 0.1
409 40 0.1
409 190 0.001
409 171 0.001
409 417 0.01
409 785 0.001
409 69 0.001
409 169 0.001
409 21 0.01
409 515 0.001
409 318 0.1
409 464 0.1
409 30 0.1
409 93 0.1
409 555 0.1
409 65 0.001
409 710 0.1
409 474 0.1
409 800 0.1
409 207 0.01
409 504 0.001
409 420 0.001
409 945 0.01
409 776 0.01
409 47 0.1
409 357 0.1
409 23 0.1
409 140 0.1
409 39 0.01
409 371 0.1
409 197 0.001
409 457 0.1
409 346 0.01
409 177 0.001
409 338 0.001
409 506 0.001
409 28 0.001
409 667 0.01
409 151 0.1
409 36 0.1
410 329 0.1
410 258 0.1
410 183 0.01
410 82 0.01
410 62 0.01
410 356 0.001
410 490 0.001
410 286 0.001
411 132 0.01
411 411 0.001
411 131 0.001
411 58 0.1
411 271 0.01
411 717 0.001
411 285 0.01
411 211 0.1
411 5 0.01
411 517 0.01
411 516 0.01
411 784 0.001
411 6 0.01
411 282 0.1
411 194 0.01
411 809 0.001
411 283 0.001
411 698 0.1
411 481 0.01
411 243 0.01
411 412 0.1
411 2 0.01
411 3 0.01
411 192 0.01
411 305 0.001
411 552 0.01
411 54 0.01
411 89 0.1
411 864 0.001
411 286 0.01
411 64 0.001
411 4 0.01
411 738 0.01
411 408 0.1
411 55 0.001
411 57 0.1
411 209 0.01
411 88 0.001
411 174 0.1
411 281 0.001
411 126 0.001
411 430 0.01
411 308 0.1
411 462 0.01
411 193 0.001
411 597 0.1
411 537 0.1
411 506 0.01
411 195 0.01
411 498 0.01
411 434 0.001
411 304 0.01
411 183 0.001
411 646 0.01
411 208 0.1
411 604 0.01
411 683 0.1
411 460 0.001
411 166 0.01
411 303 0.01
411 63 0.1
411 215 0.1
411 333 0.001
411 96 0.01
411 114 0.1
411 163 0.001
411 949 0.001
411 24 0.001
411 116 0.001
411 261 0.01
411 976 0.01
411 469 0.01
411 728 0.001
411 455 0.01
411 986 0.1
411 987 0.001
411 988 0.001
411 867 0.01
411 866 0.1
411 511 0.01
411 900 0.1
411 375 0.001
411 981 0.01
411 252 0.001
411 405 0.01
411 318 0.1
411 400 0.01
411 816 0.01
411 338 0.001
411 115 0.1
411 170 0.1
411 859 0.001
411 323 0.1
411 123 0.1
411 438 0.01
412 4 0.1
412 2 0.1
412 252 0.001
412 412 0.1
412 305 0.01
412 192 0.1
412 195 0.01
412 683 0.01
412 137 0.1
412 58 0.1
412 809 0.001
412 803 0.1
412 3 0.01
412 411 0.001
412 408 0.001
412 698 0.1
412 63 0.1
412 625 0.01
412 520 0.1
412 59 0.001
412 404 0.01
412 586 0.1
412 54 0.01
412 434 0.1
412 57 0.01
412 285 0.1
412 102 0.01
412 6 0.01
412 271 0.001
412 87 0.01
412 89 0.01
412 552 0.1
412 193 0.01
412 865 0.1
412 665 0.01
412 56 0.01
412 138 0.001
412 832 0.01
412 820 0.1
412 194 0.01
412 884 0.1
412 888 0.01
412 859 0.1
412 812 0.1
412 738 0.01
412 55 0.1
412 587 0.001
412 243 0.001
412 164 0.01
412 481 0.1
412 303 0.01
412 256 0.1
412 162 0.001
412 921 0.001
412 286 0.1
412 971 0.1
412 845 0.001
412 281 0.01
412 991 0.001
412 211 0.01
412 105 0.1
412 473 0.1
412 81 0.1
412 826 0.01
413 542 0.001
413 172 0.001
413 129 0.01
413 214 0.001
413 178 0.001
413 440 0.1
413 275 0.01
413 450 0.001
413 493 0.01
413 143 0.01
413 515 0.001
413 176 0.01
413 200 0.01
413 93 0.001
413 413 0.001
413 458 0.01
413 232 0.001
413 177 0.01
413 168 0.001
413 526 0.001
413 840 0.001
413 426 0.01
413 714 0.001
413 562 0.1
413 65 0.1
414 415 0.1
414 414 0.001
414 449 0.1
414 603 0.01
414 605 0.01
414 697 0.1
414 479 0.1
414 645 0.1
414 370 0.001
414 443 0.1
414 916 0.001
415 697 0.001
415 86 0.001
415 852 0.1
416 327 0.01
417 263 0.01
417 423 0.01
417 442 0.01
417 443 0.001
417 444 0.001
417 113 0.1
417 114 0.1
417 62 0.001
417 151 0.1
417 318 0.1
417 76 0.1
417 96 0.001
417 547 0.1
417 171 0.1
417 40 0.1
417 116 0.001
417 438 0.1
417 23 0.1
417 29 0.01
417 361 0.01
417 455 0.001
417 725 0.01
417 245 0.01
417 47 0.01
417 48 0.01
417 795 0.01
417 30 0.1
417 339 0.1
417 485 0.1
417 165 0.001
417 160 0.01
417 333 0.001
417 251 0.1
417 86 0.001
417 107 0.01
417 437 0.001
417 176 0.001
417 162 0.01
417 79 0.01
417 183 0.01
417 32 0.001
417 27 0.001
417 895 0.001
417 409 0.01
417 5 0.001
417 417 0.1
417 847 0.001
417 136 0.001
417 434 0.001
417 258 0.001
417 367 0.1
417 494 0.1
417 976 0.001
417 925 0.001
417 170 0.001
418 62 0.001
418 184 0.01
418 299 0.1
418 81 0.01
418 582 0.1
418 190 0.001
418 69 0.001
418 473 0.1
418 183 0.1
418 129 0.1
418 314 0.1
418 68 0.001
418 747 0.1
418 6 0.01
418 287 0.1
418 142 0.1
418 509 0.1
418 467 0.1
418 549 0.001
418 710 0.01
419 290 0.1
419 542 0.001
419 554 0.1
419 450 0.01
419 336 0.1
419 652 0.001
419 329 0.001
419 474 0.1
419 143 0.1
419 78 0.01
419 434 0.001
419 493 0.01
419 263 0.01
419 419 0.001
419 114 0.1
419 340 0.001
419 74 0.001
419 211 0.1
419 495 0.1
419 154 0.001
419 497 0.01
419 79 0.1
419 445 0.001
419 789 0.1
419 302 0.001
419 655 0.01
419 482 0.01
419 183 0.001
419 365 0.1
419 473 0.1
419 249 0.01
419 490 0.1
419 81 0.1
419 44 0.001
419 128 0.01
419 14 0.1
419 460 0.001
419 270 0.01
419 337 0.01
419 199 0.1
419 591 0.1
419 168 0.1
419 172 0.001
419 214 0.1
419 256 0.1
419 221 0.001
419 68 0.01
419 106 0.01
419 184 0.01
419 468 0.001
419 62 0.01
419 12 0.001
419 526 0.001
419 848 0.01
419 129 0.01
419 280 0.1
419 371 0.1
419 161 0.001
419 5 0.01
419 489 0.01
419 28 0.001
419 45 0.01
419 169 0.1
419 351 0.001
419 531 0.1
419 714 0.01
419 611 0.001
419 462 0.01
419 64 0.1
419 133 0.01
419 101 0.001
419 777 0.01
419 63 0.1
419 642 0.001
419 18 0.001
419 255 0.01
419 333 0.001
419 113 0.1
419 170 0.1
419 180 0.1
419 405 0.01
419 356 0.1
419 300 0.1
419 607 0.01
419 131 0.01
419 932 0.1
419 121 0.1
419 296 0.01
419 91 0.01
419 253 0.01
419 84 0.01
420 29 0.01
420 210 0.001
420 402 0.01
420 301 0.01
420 651 0.01
420 283 0.01
420 165 0.01
420 568 0.001
420 13 0.1
420 63 0.1
420 434 0.001
420 304 0.001
420 278 0.01
420 511 0.001
420 21 0.1
420 174 0.001
420 654 0.01
420 118 0.1
420 64 0.01
420 326 0.1
420 212 0.01
420 531 0.1
420 541 0.1
420 641 0.1
420 83 0.001
420 18 0.001
420 152 0.1
420 363 0.001
420 81 0.1
420 256 0.01
420 269 0.001
420 30 0.01
420 249 0.1
420 123 0.1
420 362 0.01
420 494 0.1
420 137 0.1
420 854 0.1
420 106 0.1
420 139 0.1
420 296 0.001
420 452 0.001
420 166 0.001
420 78 0.1
420 121 0.001
420 79 0.001
420 128 0.1
420 69 0.001
420 211 0.01
420 209 0.01
420 409 0.001
420 581 0.1
420 20 0.01
420 669 0.001
420 282 0.001
420 244 0.01
420 624 0.001
420 661 0.1
420 235 0.01
420 458 0.1
420 191 0.01
420 105 0.001
420 5 0.001
420 464 0.001
420 314 0.001
420 60 0.001
420 116 0.001
420 82 0.1
420 408 0.001
420 186 0.1
420 340 0.1
420 11 0.1
420 141 0.001
420 12 0.01
420 53 0.01
420 305 0.1
420 430 0.001
420 184 0.01
420 337 0.1
420 325 0.001
420 68 0.01
420 19 0.001
420 190 0.01
420 474 0.01
420 222 0.01
420 114 0.01
420 280 0.01
420 133 0.001
420 230 0.001
420 188 0.1
420 189 0.01
420 820 0.001
420 218 0.001
420 163 0.001
420 293 0.001
420 450 0.01
420 172 0.01
420 666 0.001
420 99 0.001
420 404 0.1
420 520 0.001
420 526 0.001
420 367 0.01
420 28 0.001
420 285 0.001
420 143 0.1
421 529 0.01
421 496 0.001
421 525 0.1
421 362 0.001
421 466 0.1
421 434 0.001
421 481 0.1
421 7 0.001
421 856 0.01
421 86 0.1
421 421 0.1
421 487 0.1
421 213 0.01
421 765 0.001
421 268 0.01
421 365 0.1
422 87 0.1
422 404 0.001
422 82 0.001
422 601 0.001
422 58 0.001
422 154 0.01
422 615 0.1
422 129 0.01
422 19 0.1
422 248 0.001
422 184 0.1
422 17 0.01
422 7 0.1
422 269 0.1
422 163 0.001
422 474 0.1
422 180 0.001
422 21 0.001
422 23 0.001
422 427 0.001
422 115 0.1
422 493 0.001
422 533 0.001
422 546 0.1
422 145 0.001
422 820 0.001
422 393 0.01
422 212 0.1
422 131 0.001
422 950 0.01
422 333 0.001
422 518 0.01
422 513 0.1
422 272 0.001
422 473 0.1
422 819 0.01
422 244 0.1
422 424 0.1
423 417 0.001
423 263 0.01
423 455 0.01
423 76 0.01
423 423 0.1
423 114 0.01
423 370 0.01
423 485 0.1
423 438 0.001
423 303 0.01
423 444 0.01
423 113 0.1
423 121 0.01
423 318 0.01
423 62 0.01
423 245 0.01
423 333 0.001
423 5 0.1
423 96 0.001
423 482 0.1
423 89 0.01
423 13 0.1
423 976 0.1
423 981 0.01
423 527 0.1
423 361 0.001
423 443 0.01
423 847 0.1
423 925 0.01
423 442 0.1
423 547 0.1
423 47 0.01
423 48 0.01
423 171 0.001
423 301 0.01
423 176 0.001
424 15 0.001
424 45 0.1
424 212 0.01
424 82 0.1
424 121 0.01
424 139 0.01
424 80 0.01
424 434 0.01
424 263 0.1
424 308 0.1
424 283 0.01
424 74 0.01
424 280 0.1
424 174 0.001
424 109 0.1
424 429 0.001
424 188 0.1
424 81 0.1
424 367 0.01
424 474 0.001
424 16 0.1
424 147 0.01
424 311 0.1
424 552 0.001
424 115 0.001
424 256 0.1
424 44 0.001
424 160 0.001
424 269 0.1
424 233 0.001
424 87 0.001
424 196 0.001
424 612 0.1
424 493 0.001
424 31 0.001
424 375 0.01
424 28 0.1
424 783 0.001
424 4 0.01
424 355 0.1
424 78 0.001
424 445 0.01
424 46 0.1
424 210 0.01
424 274 0.1
424 748 0.01
424 527 0.001
424 113 0.01
424 543 0.1
424 114 0.1
424 245 0.001
424 338 0.1
424 326 0.1
424 240 0.1
424 462 0.01
424 395 0.001
424 509 0.001
424 464 0.01
424 295 0.001
424 124 0.01
424 99 0.01
424 357 0.1
424 222 0.01
424 93 0.01
424 497 0.1
424 132 0.001
424 290 0.01
424 69 0.1
424 68 0.001
424 183 0.01
424 282 0.01
424 356 0.1
424 329 0.001
424 62 0.001
424 106 0.01
424 303 0.01
424 258 0.01
424 237 0.001
424 758 0.001
424 128 0.01
424 164 0.001
424 211 0.01
424 738 0.1
424 30 0.01
424 495 0.1
424 695 0.01
424 393 0.01
424 105 0.01
424 641 0.01
424 880 0.1
424 589 0.01
424 83 0.01
424 151 0.001
424 209 0.001
424 405 0.01
424 249 0.1
424 58 0.001
424 100 0.001
424 340 0.1
424 304 0.1
424 950 0.1
424 404 0.001
424 142 0.1
424 820 0.001
424 125 0.001
424 424 0.001
424 337 0.1
424 401 0.01
424 316 0.1
424 483 0.1
424 448 0.01
424 170 0.001
424 422 0.01
425 426 0.01
425 425 0.01
425 664 0.001
425 257 0.1
425 513 0.01
425 90 0.1
425 401 0.01
425 567 0.01
425 65 0.01
425 568 0.01
425 457 0.01
425 289 0.1
425 621 0.1
425 873 0.001
425 294 0.001
425 874 0.001
425 430 0.01
425 705 0.01
425 543 0.01
425 526 0.001
425 870 0.1
425 835 0.001
425 714 0.001
425 574 0.001
425 129 0.01
425 130 0.1
425 791 0.01
425 562 0.001
425 403 0.01
425 4 0.001
425 86 0.001
425 256 0.001
426 425 0.01
426 401 0.1
426 426 0.001
426 621 0.1
426 568 0.001
426 130 0.001
426 257 0.01
426 285 0.1
426 457 0.001
426 280 0.001
426 133 0.01
426 92 0.1
426 562 0.01
426 526 0.1
426 403 0.01
426 450 0.01
426 493 0.01
426 270 0.001
426 168 0.001
426 172 0.001
426 129 0.01
426 486 0.001
426 292 0.01
426 183 0.001
426 306 0.001
426 114 0.01
426 290 0.01
426 93 0.1
426 263 0.001
426 440 0.01
426 113 0.01
426 572 0.001
426 423 0.001
426 318 0.01
426 245 0.001
426 840 0.001
426 65 0.01
426 283 0.1
426 166 0.001
426 518 0.1
426 714 0.01
426 86 0.001
426 121 0.01
426 62 0.001
426 82 0.001
426 232 0.1
426 206 0.1
426 458 0.01
426 956 0.1
426 160 0.1
426 391 0.01
426 231 0.01
427 615 0.01
427 470 0.1
427 151 0.01
427 170 0.1
427 119 0.01
427 261 0.1
427 367 0.001
427 282 0.001
427 115 0.1
427 438 0.1
427 121 0.1
427 166 0.1
427 655 0.01
427 82 0.001
427 48 0.1
427 427 0.001
427 651 0.01
427 31 0.1
427 460 0.1
427 105 0.001
427 434 0.001
427 47 0.001
427 86 0.01
427 96 0.1
427 339 0.001
427 142 0.001
427 62 0.001
427 612 0.01
427 431 0.001
427 333 0.001
427 23 0.01
427 145 0.001
427 249 0.1
427 160 0.001
427 169 0.001
427 162 0.01
427 165 0.1
427 443 0.01
427 950 0.01
427 980 0.1
427 212 0.01
427 40 0.1
427 932 0.001
427 107 0.1
427 87 0.001
427 252 0.01
427 546 0.01
428 429 0.001
428 139 0.1
428 446 0.001
428 447 0.1
428 269 0.001
428 676 0.001
428 216 0.01
428 461 0.01
428 651 0.01
428 301 0.01
428 45 0.1
428 164 0.01
428 274 0.01
428 46 0.001
428 272 0.1
428 273 0.001
428 140 0.001
428 335 0.01
428 322 0.001
428 15 0.01
428 428 0.01
428 579 0.001
428 592 0.001
429 164 0.01
429 140 0.1
429 447 0.001
429 448 0.01
429 139 0.001
429 46 0.1
429 428 0.01
429 269 0.01
429 45 0.001
429 100 0.001
429 592 0.1
429 429 0.001
429 446 0.01
429 216 0.1
429 6 0.1
429 15 0.1
429 124 0.01
429 273 0.001
429 579 0.01
429 461 0.1
429 335 0.1
429 322 0.01
429 334 0.001
429 301 0.01
429 107 0.001
429 933 0.001
429 929 0.1
429 274 0.1
429 166 0.1
429 160 0.1
430 249 0.01
430 141 0.01
430 62 0.1
430 498 0.01
430 44 0.1
430 672 0.1
430 430 0.01
430 160 0.1
430 365 0.001
430 506 0.001
430 246 0.001
430 360 0.01
430 14 0.1
430 5 0.001
430 166 0.001
430 8 0.1
430 83 0.01
430 19 0.1
430 765 0.001
430 504 0.01
430 362 0.001
430 280 0.001
430 543 0.1
430 441 0.1
430 308 0.1
430 211 0.001
430 462 0.001
430 12 0.001
430 565 0.001
430 533 0.1
430 183 0.001
430 856 0.001
430 64 0.01
430 11 0.01
430 7 0.01
430 411 0.1
430 129 0.001
430 128 0.001
430 501 0.1
430 65 0.01
430 86 0.001
430 956 0.001
430 420 0.001
430 421 0.1
431 50 0.001
431 80 0.001
431 217 0.001
431 71 0.001
431 4 0.1
431 84 0.01
431 372 0.1
431 160 0.01
431 152 0.01
431 166 0.001
431 431 0.001
432 217 0.01
433 70 0.1
433 217 0.01
433 288 0.001
433 71 0.1
433 372 0.01
433 162 0.1
433 152 0.001
433 432 0.1
433 180 0.01
433 84 0.01
433 49 0.1
433 364 0.01
433 50 0.001
433 405 0.01
433 434 0.01
433 433 0.01
433 186 0.001
433 144 0.1
433 431 0.01
434 215 0.1
434 23 0.001
434 450 0.1
434 460 0.01
434 365 0.1
434 105 0.1
434 128 0.01
434 161 0.01
434 19 0.01
434 129 0.01
434 533 0.01
434 163 0.01
434 255 0.001
434 81 0.1
434 106 0.001
434 471 0.1
434 189 0.1
434 551 0.001
434 490 0.1
434 249 0.1
434 256 0.1
434 233 0.01
434 473 0.001
434 467 0.01
434 434 0.001
434 187 0.01
434 212 0.1
434 147 0.01
434 424 0.1
434 89 0.1
434 303 0.1
434 371 0.1
434 295 0.01
434 404 0.1
434 401 0.01
434 280 0.01
434 419 0.01
434 356 0.001
434 154 0.001
434 493 0.01
434 114 0.1
434 41 0.001
434 368 0.01
434 168 0.1
434 214 0.1
434 35 0.1
434 170 0.01
434 367 0.1
434 420 0.01
434 166 0.1
434 550 0.001
434 44 0.001
434 184 0.01
434 190 0.01
434 42 0.1
434 243 0.01
434 509 0.01
434 440 0.01
434 87 0.1
434 115 0.001
434 46 0.01
434 183 0.1
434 198 0.001
434 231 0.01
434 474 0.001
434 329 0.1
434 544 0.001
434 308 0.001
434 269 0.01
434 441 0.01
434 28 0.001
434 362 0.01
434 165 0.01
434 169 0.001
434 63 0.1
434 83 0.01
434 62 0.1
434 296 0.001
434 16 0.1
434 338 0.001
434 518 0.1
434 288 0.001
434 478 0.01
434 64 0.1
434 226 0.01
434 116 0.001
434 21 0.01
434 340 0.1
434 531 0.01
434 211 0.01
434 148 0.01
434 229 0.01
434 515 0.001
434 768 0.1
434 363 0.1
434 61 0.01
434 30 0.1
434 647 0.001
434 820 0.01
434 132 0.01
434 199 0.1
434 200 0.001
434 167 0.01
434 99 0.01
434 421 0.1
434 459 0.001
434 412 0.01
434 320 0.1
434 208 0.001
434 173 0.001
434 53 0.1
434 159 0.001
434 612 0.001
434 2 0.001
434 145 0.001
434 152 0.001
434 121 0.01
434 282 0.1
434 314 0.01
434 210 0.01
434 58 0.1
434 191 0.1
434 333 0.1
434 856 0.01
434 11 0.001
434 252 0.001
434 97 0.1
434 158 0.01
434 361 0.01
434 593 0.001
434 275 0.1
434 144 0.01
434 828 0.01
434 506 0.001
434 283 0.001
434 495 0.01
434 405 0.01
434 290 0.01
434 245 0.01
434 221 0.001
434 353 0.001
434 92 0.01
434 427 0.1
434 859 0.1
434 172 0.001
434 411 0.001
434 458 0.01
434 65 0.01
434 3 0.001
434 258 0.1
434 203 0.1
434 100 0.001
434 548 0.001
434 607 0.001
434 137 0.1
434 431 0.01
434 677 0.1
435 435 0.01
435 147 0.001
435 647 0.001
435 127 0.001
435 533 0.01
435 160 0.1
435 440 0.01
435 616 0.001
435 793 0.1
435 920 0.1
435 316 0.1
435 519 0.001
435 942 0.1
435 163 0.1
437 135 0.001
437 455 0.001
437 27 0.01
437 136 0.001
437 75 0.01
437 5 0.1
437 165 0.001
437 115 0.1
437 361 0.001
437 116 0.001
437 531 0.01
437 38 0.01
437 89 0.01
437 437 0.001
437 860 0.001
437 436 0.001
437 26 0.01
437 482 0.001
437 338 0.1
437 339 0.01
437 169 0.1
437 337 0.1
437 25 0.01
437 443 0.1
437 30 0.01
437 816 0.01
437 261 0.001
437 547 0.001
437 47 0.01
437 336 0.001
437 847 0.01
437 900 0.1
438 35 0.1
438 169 0.01
438 29 0.01
438 40 0.01
438 170 0.01
438 151 0.01
438 123 0.01
438 438 0.001
438 32 0.001
438 25 0.001
438 30 0.01
438 6 0.1
438 450 0.001
438 455 0.01
438 87 0.01
438 96 0.01
438 251 0.1
438 367 0.001
438 28 0.001
438 115 0.1
438 417 0.01
438 114 0.01
438 116 0.01
438 113 0.001
438 338 0.1
438 33 0.01
438 31 0.001
438 308 0.1
438 261 0.001
438 38 0.1
438 545 0.01
438 36 0.1
438 23 0.001
438 423 0.1
438 302 0.01
438 165 0.1
438 340 0.001
438 482 0.1
438 337 0.01
438 89 0.01
438 365 0.001
438 249 0.1
438 263 0.001
438 562 0.001
438 86 0.01
438 93 0.01
438 141 0.01
438 336 0.01
438 339 0.01
438 531 0.01
438 440 0.001
438 54 0.1
438 390 0.001
438 34 0.001
438 860 0.1
438 444 0.01
438 588 0.001
438 590 0.001
438 361 0.01
438 405 0.001
438 5 0.001
438 64 0.1
438 470 0.001
438 655 0.001
438 26 0.001
438 494 0.001
438 333 0.001
438 74 0.001
438 437 0.001
438 136 0.001
438 135 0.001
438 27 0.1
438 436 0.001
438 330 0.1
438 892 0.01
438 900 0.1
438 107 0.001
438 987 0.01
438 411 0.001
440 413 0.1
440 275 0.1
440 178 0.01
440 450 0.01
440 168 0.01
440 542 0.001
440 226 0.001
440 200 0.01
440 562 0.1
440 458 0.01
440 65 0.1
440 177 0.01
440 61 0.001
440 629 0.01
440 380 0.001
440 533 0.001
440 447 0.01
440 515 0.001
440 232 0.01
440 264 0.001
440 434 0.01
440 266 0.001
440 497 0.1
440 499 0.1
440 493 0.01
440 498 0.001
440 818 0.1
440 457 0.001
440 238 0.01
440 159 0.01
440 368 0.001
440 241 0.1
440 149 0.001
440 440 0.1
440 526 0.001
440 64 0.01
440 5 0.01
440 53 0.001
440 206 0.01
440 438 0.1
440 321 0.001
440 435 0.1
440 320 0.01
440 94 0.01
440 249 0.01
440 366 0.001
440 399 0.001
440 172 0.001
440 14 0.01
440 426 0.1
440 24 0.1
440 231 0.001
440 176 0.01
440 608 0.1
440 6 0.1
440 840 0.1
440 265 0.1
440 152 0.1
440 280 0.01
440 129 0.01
440 365 0.001
440 970 0.1
440 733 0.01
440 460 0.01
441 360 0.1
441 498 0.1
441 374 0.01
441 366 0.001
441 264 0.001
441 546 0.01
441 529 0.1
441 44 0.01
441 362 0.1
441 506 0.001
441 233 0.01
441 87 0.1
441 105 0.001
441 569 0.001
441 434 0.001
441 8 0.01
441 86 0.01
441 282 0.1
441 649 0.01
441 729 0.1
441 754 0.1
441 249 0.1
441 161 0.1
441 324 0.001
441 107 0.1
441 121 0.001
441 19 0.01
441 12 0.001
441 166 0.01
441 566 0.01
442 113 0.01
442 35 0.001
442 545 0.1
442 36 0.01
442 442 0.1
442 455 0.1
442 96 0.01
442 478 0.001
442 333 0.001
442 48 0.001
443 443 0.01
443 47 0.1
443 820 0.1
443 96 0.1
443 85 0.01
443 38 0.1
443 113 0.1
443 48 0.01
443 455 0.001
443 333 0.001
443 527 0.1
443 361 0.01
443 417 0.01
443 263 0.1
443 444 0.01
443 725 0.01
443 318 0.001
443 442 0.001
443 547 0.001
443 114 0.001
443 423 0.01
443 245 0.001
443 76 0.001
443 485 0.01
443 171 0.1
443 226 0.1
443 847 0.01
443 40 0.001
443 251 0.01
443 366 0.01
443 135 0.001
443 414 0.001
443 29 0.01
443 26 0.01
443 339 0.1
443 590 0.001
443 116 0.01
443 261 0.001
443 919 0.01
443 33 0.1
443 427 0.01
443 976 0.01
443 165 0.01
443 925 0.1
443 437 0.01
444 263 0.001
444 96 0.1
444 455 0.01
444 485 0.001
444 76 0.1
444 464 0.001
444 47 0.1
444 423 0.01
444 245 0.001
444 114 0.01
444 444 0.1
444 333 0.1
444 48 0.01
444 318 0.01
444 84 0.001
444 438 0.1
444 417 0.1
444 301 0.01
444 527 0.001
444 361 0.01
444 113 0.01
444 443 0.01
444 847 0.1
444 442 0.001
444 547 0.1
444 171 0.1
445 581 0.001
445 557 0.1
445 424 0.1
445 340 0.001
445 848 0.1
445 301 0.1
445 64 0.001
445 133 0.1
445 77 0.001
445 86 0.1
445 128 0.01
445 531 0.1
445 13 0.01
445 79 0.01
445 820 0.001
445 82 0.001
445 917 0.001
445 5 0.01
445 256 0.1
445 518 0.1
446 269 0.01
446 216 0.1
446 446 0.1
446 140 0.01
446 448 0.001
446 15 0.001
446 429 0.001
446 447 0.1
446 579 0.01
446 139 0.001
446 45 0.001
446 592 0.01
446 461 0.001
446 335 0.001
446 428 0.01
446 334 0.01
446 301 0.01
446 46 0.001
446 272 0.1
447 139 0.1
447 446 0.001
447 447 0.01
447 46 0.01
447 448 0.1
447 269 0.01
447 140 0.01
447 429 0.001
447 440 0.01
447 592 0.1
447 335 0.001
447 690 0.01
447 473 0.001
447 799 0.1
447 579 0.001
447 498 0.01
447 323 0.1
447 428 0.01
447 676 0.01
447 272 0.01
447 45 0.1
447 62 0.01
447 273 0.01
447 322 0.1
447 334 0.001
447 933 0.001
448 140 0.1
448 272 0.1
448 46 0.01
448 45 0.001
448 40 0.01
448 269 0.001
448 216 0.1
448 139 0.01
448 446 0.001
448 447 0.01
448 429 0.1
448 15 0.1
448 592 0.01
448 335 0.1
448 428 0.1
448 334 0.001
448 461 0.1
448 271 0.001
448 322 0.001
448 62 0.1
448 107 0.001
448 273 0.001
448 579 0.1
448 617 0.001
448 274 0.001
448 164 0.01
448 448 0.01
448 735 0.1
448 812 0.01
448 847 0.001
448 484 0.1
448 933 0.001
448 494 0.01
448 87 0.1
448 16 0.001
448 421 0.01
450 434 0.1
450 440 0.01
450 275 0.1
450 458 0.01
450 256 0.01
450 95 0.01
450 413 0.1
450 172 0.01
450 129 0.1
450 142 0.001
450 542 0.01
450 438 0.1
450 340 0.1
450 169 0.1
450 450 0.1
450 168 0.1
450 493 0.01
450 160 0.001
450 568 0.001
450 482 0.1
450 82 0.001
450 212 0.1
450 62 0.001
450 280 0.001
450 419 0.1
450 176 0.1
450 420 0.01
450 183 0.001
450 543 0.01
450 64 0.01
450 813 0.1
450 464 0.001
450 611 0.1
450 128 0.001
450 526 0.01
450 534 0.1
450 544 0.01
450 714 0.01
450 342 0.001
450 515 0.01
450 377 0.001
450 623 0.01
450 211 0.001
450 257 0.001
450 5 0.1
450 65 0.001
450 133 0.1
450 600 0.1
450 426 0.01
450 295 0.001
450 13 0.01
450 329 0.001
450 93 0.1
450 86 0.1
450 581 0.001
450 123 0.001
450 399 0.1
450 14 0.1
450 228 0.01
450 1 0.001
450 214 0.001
450 292 0.001
450 232 0.01
450 291 0.001
450 105 0.01
450 932 0.1
450 167 0.1
450 186 0.01
451 452 0.01
451 496 0.001
451 265 0.001
451 566 0.01
451 569 0.001
451 487 0.001
451 466 0.01
451 360 0.001
451 141 0.01
451 558 0.1
451 161 0.1
451 7 0.1
452 141 0.1
452 359 0.1
452 566 0.001
452 43 0.001
452 451 0.01
452 573 0.1
452 569 0.1
452 264 0.1
452 452 0.01
452 360 0.01
452 161 0.001
452 7 0.01
452 570 0.1
452 9 0.1
452 499 0.01
452 502 0.1
452 8 0.001
452 529 0.01
452 666 0.01
452 830 0.01
452 823 0.1
452 661 0.001
452 420 0.001
452 265 0.001
452 856 0.01
452 19 0.001
452 608 0.1
452 498 0.1
452 421 0.01
452 466 0.001
452 358 0.001
452 501 0.01
452 700 0.1
452 213 0.1
452 487 0.1
452 11 0.1
452 649 0.01
452 506 0.01
453 160 0.01
453 87 0.001
453 62 0.1
453 212 0.01
453 83 0.1
453 472 0.001
453 255 0.01
453 615 0.1
453 189 0.1
453 301 0.1
453 166 0.1
453 121 0.01
453 142 0.1
453 167 0.001
453 453 0.001
453 654 0.1
453 283 0.1
453 459 0.001
453 546 0.001
453 105 0.01
453 607 0.001
453 86 0.1
453 932 0.01
453 745 0.01
453 170 0.1
453 420 0.1
454 357 0.001
454 189 0.01
454 62 0.001
454 107 0.001
454 82 0.001
454 106 0.1
454 160 0.1
455 375 0.001
455 438 0.01
455 339 0.1
455 302 0.1
455 48 0.001
455 423 0.1
455 464 0.01
455 417 0.001
455 263 0.001
455 318 0.1
455 171 0.001
455 115 0.001
455 123 0.01
455 444 0.01
455 113 0.001
455 245 0.01
455 169 0.01
455 361 0.001
455 47 0.1
455 5 0.01
455 76 0.001
455 338 0.001
455 96 0.01
455 333 0.001
455 485 0.1
455 64 0.1
455 261 0.01
455 116 0.1
455 24 0.01
455 847 0.01
455 39 0.001
455 170 0.001
455 455 0.1
455 251 0.1
455 211 0.001
455 547 0.001
455 58 0.01
455 330 0.001
455 89 0.1
455 860 0.001
455 165 0.01
455 119 0.01
455 114 0.01
455 816 0.1
455 136 0.1
455 35 0.001
455 976 0.001
455 925 0.01
455 914 0.01
455 131 0.001
455 271 0.1
455 470 0.001
455 29 0.01
456 456 0.1
456 405 0.001
456 64 0.001
457 401 0.1
457 562 0.01
457 440 0.01
457 523 0.001
457 421 0.01
457 62 0.1
457 238 0.001
457 568 0.1
457 840 0.01
457 426 0.01
457 425 0.001
457 526 0.01
457 399 0.001
457 65 0.1
457 457 0.01
457 86 0.01
457 493 0.1
457 92 0.1
457 197 0.01
457 294 0.01
457 231 0.001
458 129 0.001
458 542 0.1
458 458 0.001
458 600 0.001
458 62 0.1
458 450 0.1
458 440 0.01
458 275 0.01
458 493 0.01
458 568 0.001
458 168 0.01
458 86 0.001
458 623 0.1
458 280 0.001
458 254 0.1
458 397 0.1
458 5 0.1
458 172 0.1
458 142 0.001
458 647 0.1
458 494 0.1
458 515 0.01
458 813 0.1
458 377 0.01
458 183 0.1
458 64 0.1
458 413 0.01
458 526 0.001
458 291 0.001
458 420 0.001
458 160 0.1
458 82 0.1
458 604 0.1
458 6 0.01
458 152 0.1
458 426 0.1
458 714 0.1
458 789 0.01
458 543 0.1
459 249 0.1
459 560 0.001
459 268 0.1
459 190 0.1
459 661 0.1
459 756 0.1
459 331 0.1
459 434 0.001
459 215 0.01
459 21 0.001
459 498 0.001
459 177 0.1
459 74 0.1
459 467 0.01
459 19 0.1
459 25 0.01
459 565 0.1
459 362 0.01
459 358 0.1
459 616 0.001
459 490 0.1
459 106 0.01
459 187 0.01
459 0 0.01
459 717 0.1
459 222 0.1
459 80 0.1
459 1 0.1
459 218 0.1
459 295 0.001
459 223 0.001
459 17 0.1
459 329 0.001
459 44 0.01
459 464 0.001
459 589 0.1
459 225 0.1
459 421 0.01
459 513 0.001
459 221 0.001
459 226 0.1
459 340 0.001
460 537 0.01
460 434 0.01
460 81 0.001
460 467 0.001
460 147 0.001
460 233 0.1
460 473 0.001
460 462 0.1
460 419 0.01
460 495 0.01
460 615 0.001
460 518 0.01
460 249 0.1
460 170 0.01
460 214 0.001
460 80 0.001
460 679 0.01
460 663 0.1
460 159 0.1
460 460 0.001
460 421 0.1
460 533 0.1
460 244 0.01
460 328 0.01
460 57 0.001
460 189 0.1
460 730 0.1
460 167 0.1
460 129 0.1
460 183 0.01
460 211 0.01
460 490 0.01
460 256 0.1
460 607 0.001
460 440 0.01
460 347 0.1
461 45 0.001
461 272 0.01
461 139 0.001
461 140 0.01
461 446 0.01
461 428 0.01
461 447 0.001
461 448 0.001
461 429 0.01
461 533 0.001
461 624 0.1
461 118 0.1
461 13 0.1
461 46 0.001
461 269 0.01
461 461 0.001
461 735 0.01
461 819 0.001
461 335 0.001
461 322 0.001
461 273 0.01
461 812 0.001
461 592 0.1
461 216 0.001
462 463 0.01
462 462 0.01
462 561 0.01
462 256 0.1
462 212 0.1
462 701 0.1
462 106 0.001
462 308 0.1
462 21 0.1
462 20 0.1
462 272 0.1
462 249 0.1
462 121 0.1
462 211 0.01
462 586 0.01
462 411 0.01
462 419 0.01
462 506 0.01
462 5 0.01
463 462 0.001
463 463 0.1
464 280 0.01
464 483 0.1
464 41 0.001
464 340 0.1
464 455 0.1
464 493 0.001
464 556 0.01
464 165 0.01
464 727 0.1
464 444 0.1
464 464 0.1
464 523 0.1
464 331 0.001
464 494 0.01
464 129 0.001
464 424 0.001
464 377 0.001
464 160 0.01
464 211 0.01
464 169 0.001
464 35 0.01
464 611 0.1
464 409 0.01
464 128 0.1
464 183 0.01
464 820 0.1
464 337 0.01
464 116 0.001
464 338 0.01
464 900 0.1
464 847 0.1
464 93 0.001
464 459 0.1
464 82 0.001
464 450 0.001
465 155 0.01
465 465 0.001
465 61 0.01
465 809 0.01
465 707 0.1
465 519 0.01
465 14 0.01
465 667 0.1
465 473 0.001
465 549 0.01
465 189 0.001
465 615 0.01
465 316 0.1
465 83 0.1
466 421 0.01
466 141 0.001
466 529 0.1
466 496 0.1
466 498 0.01
466 9 0.01
466 608 0.01
466 267 0.01
466 649 0.01
466 506 0.1
466 213 0.001
466 406 0.01
466 362 0.001
466 602 0.01
466 265 0.001
466 11 0.01
466 359 0.01
466 374 0.01
466 441 0.001
466 754 0.001
466 358 0.01
466 555 0.001
466 500 0.1
466 504 0.001
466 856 0.01
466 487 0.1
466 466 0.1
466 893 0.001
466 8 0.001
466 64 0.001
466 6 0.1
466 5 0.1
466 160 0.1
466 499 0.01
466 407 0.001
466 804 0.1
466 525 0.001
466 912 0.01
466 324 0.01
466 231 0.01
466 488 0.1
466 510 0.01
466 53 0.1
466 86 0.001
467 152 0.001
467 434 0.01
467 460 0.01
467 20 0.01
467 160 0.01
467 62 0.1
467 86 0.01
467 189 0.1
467 166 0.01
467 21 0.1
467 222 0.01
467 106 0.01
467 509 0.001
467 418 0.001
467 107 0.1
467 459 0.001
467 142 0.1
467 85 0.01
469 258 0.001
469 375 0.01
469 478 0.01
469 474 0.001
469 66 0.1
469 96 0.001
469 90 0.01
469 143 0.01
469 477 0.001
469 469 0.001
469 211 0.01
469 411 0.1
470 170 0.01
470 155 0.001
470 427 0.1
470 470 0.001
470 590 0.1
470 119 0.001
470 96 0.01
470 151 0.01
470 86 0.01
470 494 0.01
470 261 0.1
470 116 0.01
470 438 0.001
470 367 0.01
470 753 0.001
470 455 0.1
470 914 0.1
470 655 0.1
470 986 0.01
471 472 0.01
471 255 0.1
471 434 0.01
471 671 0.1
471 421 0.001
471 160 0.1
471 333 0.1
471 170 0.01
471 473 0.001
471 256 0.1
471 607 0.1
473 29 0.001
473 460 0.01
473 19 0.001
473 189 0.1
473 537 0.01
473 434 0.01
473 184 0.01
473 6 0.001
473 667 0.1
473 473 0.001
473 108 0.001
473 81 0.001
473 327 0.001
473 447 0.01
473 418 0.001
473 509 0.001
473 213 0.01
473 545 0.001
473 249 0.1
473 25 0.001
473 627 0.001
473 30 0.1
473 301 0.1
473 299 0.001
473 232 0.1
473 183 0.001
473 419 0.1
473 498 0.001
473 549 0.01
473 69 0.01
473 32 0.001
473 536 0.001
473 298 0.1
473 17 0.01
473 166 0.001
473 150 0.001
473 256 0.1
473 44 0.01
473 28 0.01
473 106 0.1
473 113 0.1
473 495 0.1
473 371 0.01
473 114 0.001
473 14 0.01
473 581 0.1
473 87 0.001
473 93 0.01
473 333 0.001
473 116 0.001
473 170 0.001
473 63 0.01
473 35 0.001
473 493 0.01
473 129 0.1
473 393 0.1
473 296 0.1
473 441 0.01
473 404 0.01
473 355 0.01
473 459 0.1
473 340 0.001
473 531 0.001
473 329 0.001
473 474 0.01
473 269 0.1
473 46 0.001
473 211 0.1
473 147 0.01
473 163 0.001
473 490 0.001
473 489 0.1
473 767 0.01
473 174 0.01
473 963 0.01
473 3 0.1
473 280 0.001
473 362 0.1
473 326 0.1
473 427 0.1
473 367 0.1
473 115 0.001
473 201 0.01
473 141 0.001
473 421 0.1
473 483 0.1
473 411 0.01
473 412 0.1
473 80 0.1
473 121 0.01
473 642 0.1
474 91 0.1
474 329 0.01
474 478 0.01
474 110 0.001
474 258 0.1
474 404 0.1
474 143 0.01
474 356 0.01
474 375 0.01
474 357 0.001
474 62 0.01
474 128 0.1
474 166 0.01
474 419 0.01
474 111 0.001
474 282 0.01
474 494 0.01
474 108 0.1
474 328 0.1
474 87 0.1
474 90 0.001
474 66 0.001
474 476 0.001
474 477 0.1
474 514 0.1
474 469 0.01
474 513 0.01
474 249 0.01
474 434 0.1
474 142 0.01
474 366 0.1
474 160 0.1
474 107 0.01
474 186 0.1
474 615 0.1
474 254 0.001
474 269 0.001
474 233 0.001
474 612 0.001
474 112 0.1
474 301 0.01
474 256 0.1
474 183 0.001
474 663 0.1
474 121 0.01
474 81 0.1
474 96 0.1
474 84 0.01
474 560 0.1
474 546 0.01
474 409 0.1
474 493 0.01
474 13 0.001
474 950 0.001
474 105 0.1
474 212 0.001
474 23 0.001
474 427 0.001
474 41 0.01
474 115 0.1
474 340 0.01
474 42 0.001
474 932 0.001
474 859 0.001
474 474 0.001
476 474 0.1
476 112 0.1
477 108 0.1
477 91 0.01
477 477 0.01
477 90 0.1
477 469 0.1
477 66 0.01
477 375 0.01
478 474 0.001
478 357 0.01
478 375 0.01
478 543 0.01
478 424 0.01
478 329 0.1
478 469 0.01
478 143 0.1
478 356 0.01
478 66 0.1
478 108 0.001
478 110 0.001
478 91 0.1
478 476 0.01
478 111 0.001
478 112 0.01
478 328 0.01
478 477 0.001
478 258 0.1
478 478 0.001
478 90 0.01
478 105 0.001
478 62 0.01
478 113 0.01
478 434 0.001
478 183 0.1
478 514 0.001
478 160 0.001
478 176 0.01
478 13 0.01
478 282 0.001
478 121 0.01
478 652 0.01
478 325 0.001
478 306 0.1
479 479 0.1
480 282 0.001
480 211 0.001
480 549 0.1
480 106 0.001
480 166 0.001
480 69 0.1
480 92 0.1
480 494 0.001
480 80 0.1
480 329 0.01
480 356 0.1
480 21 0.001
480 20 0.01
480 375 0.001
480 221 0.001
480 671 0.1
480 143 0.01
480 74 0.1
480 509 0.001
480 223 0.1
480 357 0.001
480 183 0.001
480 508 0.001
480 184 0.1
480 39 0.01
480 86 0.1
480 480 0.001
480 667 0.01
480 142 0.01
480 550 0.001
480 418 0.1
480 601 0.01
480 362 0.1
480 107 0.001
481 55 0.01
481 58 0.1
481 211 0.001
481 208 0.01
481 6 0.1
481 738 0.001
481 57 0.01
481 54 0.001
481 481 0.001
481 4 0.001
481 2 0.001
481 132 0.1
481 138 0.1
481 160 0.01
481 13 0.1
481 698 0.001
481 411 0.1
481 809 0.1
481 286 0.01
481 63 0.001
481 137 0.01
481 271 0.001
481 305 0.01
481 586 0.1
481 421 0.01
481 285 0.1
481 96 0.001
481 59 0.01
481 552 0.01
481 685 0.1
481 412 0.01
481 83 0.001
481 3 0.1
481 107 0.001
481 949 0.001
481 5 0.001
481 950 0.1
481 131 0.001
481 845 0.001
481 281 0.001
482 340 0.1
482 41 0.01
482 74 0.1
482 134 0.1
482 521 0.01
482 218 0.01
482 419 0.01
482 554 0.1
482 450 0.001
482 482 0.1
482 79 0.001
482 78 0.01
482 535 0.01
482 48 0.01
482 47 0.01
482 438 0.001
482 331 0.1
482 553 0.01
482 497 0.01
482 318 0.001
482 228 0.1
482 593 0.1
482 679 0.001
482 89 0.001
482 576 0.01
482 339 0.01
482 64 0.01
482 777 0.01
482 531 0.1
482 483 0.1
482 14 0.1
482 598 0.001
482 423 0.001
482 162 0.01
482 289 0.001
482 172 0.001
482 129 0.001
482 301 0.001
482 143 0.001
482 655 0.01
483 377 0.001
483 464 0.01
483 214 0.1
483 345 0.1
483 157 0.001
483 47 0.001
483 764 0.01
483 61 0.01
483 320 0.1
483 351 0.01
483 133 0.1
483 483 0.001
483 727 0.01
483 321 0.1
483 482 0.01
483 219 0.1
483 178 0.01
483 232 0.01
483 556 0.001
483 94 0.01
483 352 0.01
483 851 0.1
483 340 0.001
483 172 0.001
483 342 0.1
483 113 0.01
483 128 0.1
483 255 0.1
483 280 0.01
483 165 0.001
483 226 0.01
483 167 0.1
484 87 0.1
484 563 0.001
484 290 0.1
484 143 0.1
484 83 0.1
484 572 0.001
484 494 0.01
484 515 0.001
484 822 0.1
484 484 0.001
484 694 0.001
484 168 0.001
484 448 0.001
484 86 0.1
484 64 0.1
484 292 0.001
484 129 0.001
485 170 0.1
485 113 0.1
485 485 0.01
485 76 0.001
485 423 0.01
485 417 0.01
485 263 0.01
485 444 0.001
485 245 0.1
485 114 0.001
485 455 0.1
485 74 0.01
485 333 0.1
485 166 0.1
485 198 0.001
485 387 0.001
485 48 0.001
485 86 0.001
485 318 0.1
485 442 0.01
486 394 0.01
486 183 0.1
486 129 0.1
486 486 0.001
486 201 0.001
486 113 0.1
486 458 0.01
486 318 0.001
486 114 0.1
486 245 0.1
486 292 0.001
486 278 0.001
486 611 0.01
486 725 0.001
486 94 0.001
486 168 0.01
486 714 0.1
486 820 0.01
486 327 0.01
486 664 0.001
486 426 0.001
486 263 0.1
486 5 0.1
486 333 0.001
486 303 0.001
486 81 0.01
486 44 0.01
486 28 0.1
486 128 0.001
486 280 0.001
486 165 0.01
486 169 0.001
486 367 0.1
486 362 0.01
486 356 0.001
486 285 0.01
486 329 0.01
486 430 0.001
486 353 0.1
486 21 0.01
486 188 0.001
486 286 0.01
486 36 0.01
486 410 0.1
486 63 0.01
486 106 0.001
486 184 0.01
486 357 0.01
486 478 0.01
486 365 0.01
486 115 0.001
486 51 0.01
486 261 0.001
486 35 0.01
486 14 0.1
486 29 0.01
486 176 0.001
486 417 0.1
486 232 0.001
487 488 0.001
487 451 0.001
487 529 0.001
487 421 0.1
487 332 0.001
487 558 0.001
487 9 0.001
487 805 0.01
487 496 0.01
487 487 0.01
487 213 0.001
487 922 0.01
487 452 0.01
488 141 0.1
488 421 0.001
488 466 0.001
488 529 0.1
488 498 0.001
488 922 0.001
488 362 0.01
488 487 0.001
488 496 0.01
488 499 0.1
489 489 0.001
489 6 0.1
489 64 0.001
489 5 0.1
489 16 0.01
489 21 0.01
489 528 0.01
489 644 0.001
489 210 0.001
489 212 0.001
489 405 0.1
489 157 0.001
489 256 0.1
489 771 0.1
489 229 0.001
489 365 0.1
489 82 0.01
489 87 0.1
489 300 0.01
489 132 0.001
489 129 0.1
489 408 0.1
489 2 0.1
489 121 0.001
489 211 0.1
489 419 0.001
489 305 0.1
489 106 0.1
489 434 0.01
489 105 0.01
489 473 0.01
489 249 0.01
490 129 0.01
490 365 0.001
490 106 0.001
490 434 0.001
490 371 0.001
490 490 0.001
490 209 0.1
490 377 0.001
490 405 0.1
490 121 0.01
490 518 0.01
490 149 0.1
490 459 0.001
490 607 0.01
490 82 0.01
490 80 0.1
490 295 0.1
490 419 0.01
490 460 0.001
490 256 0.1
490 356 0.001
490 258 0.01
490 128 0.01
490 420 0.01
491 168 0.001
491 167 0.1
491 695 0.1
491 163 0.001
491 491 0.001
491 453 0.001
491 117 0.001
491 127 0.01
491 390 0.1
491 548 0.01
491 490 0.1
491 378 0.01
491 377 0.001
491 624 0.001
491 340 0.001
491 170 0.1
491 497 0.1
491 816 0.1
491 753 0.1
492 254 0.001
492 186 0.1
492 144 0.1
492 152 0.001
492 64 0.001
492 212 0.1
492 510 0.1
492 48 0.001
492 333 0.01
492 5 0.1
492 283 0.1
492 115 0.1
492 256 0.01
492 518 0.1
492 83 0.01
492 165 0.001
492 105 0.01
492 107 0.001
492 678 0.001
492 950 0.01
492 166 0.1
492 612 0.01
492 160 0.01
492 932 0.001
493 294 0.1
493 129 0.01
493 401 0.1
493 280 0.01
493 133 0.1
493 413 0.001
493 515 0.1
493 168 0.01
493 172 0.1
493 450 0.01
493 440 0.01
493 275 0.001
493 93 0.01
493 458 0.001
493 464 0.01
493 399 0.001
493 270 0.1
493 290 0.001
493 568 0.001
493 434 0.1
493 41 0.01
493 180 0.001
493 425 0.001
493 403 0.01
493 419 0.01
493 183 0.1
493 256 0.001
493 254 0.001
493 212 0.01
493 121 0.1
493 105 0.01
493 249 0.1
493 87 0.01
493 615 0.001
493 424 0.01
493 526 0.1
493 292 0.1
493 426 0.001
493 65 0.01
493 62 0.1
493 460 0.01
493 817 0.001
493 585 0.1
493 611 0.1
493 232 0.01
493 14 0.001
493 486 0.001
493 694 0.1
493 572 0.01
493 522 0.001
493 563 0.1
493 835 0.001
493 483 0.001
493 82 0.01
493 84 0.1
493 166 0.001
493 820 0.001
493 543 0.001
493 562 0.001
493 600 0.1
493 282 0.01
493 107 0.001
493 457 0.001
493 422 0.01
493 523 0.1
493 283 0.001
493 291 0.01
493 909 0.01
493 473 0.01
494 83 0.1
494 86 0.1
494 107 0.001
494 510 0.001
494 283 0.01
494 128 0.01
494 318 0.001
494 395 0.001
494 515 0.001
494 474 0.001
494 377 0.1
494 506 0.1
494 328 0.01
494 280 0.1
494 340 0.1
494 375 0.01
494 141 0.01
494 484 0.1
494 190 0.001
494 466 0.001
494 197 0.1
494 106 0.01
494 81 0.001
494 480 0.001
494 494 0.01
494 504 0.01
494 12 0.1
494 100 0.001
494 464 0.01
494 68 0.1
494 170 0.001
494 601 0.1
494 210 0.001
494 187 0.1
494 209 0.001
494 576 0.001
494 115 0.01
494 308 0.1
494 62 0.001
494 229 0.1
494 366 0.01
494 93 0.01
494 108 0.1
494 70 0.1
494 458 0.01
494 310 0.1
494 543 0.1
494 173 0.01
494 662 0.01
494 24 0.001
494 2 0.1
494 23 0.1
494 25 0.1
494 590 0.1
494 470 0.1
494 90 0.01
494 160 0.1
494 222 0.001
494 75 0.01
494 168 0.1
494 191 0.01
494 714 0.01
494 225 0.01
494 39 0.01
494 450 0.1
494 290 0.001
494 438 0.1
494 371 0.001
494 215 0.01
494 234 0.01
494 261 0.1
494 588 0.01
494 58 0.1
494 281 0.1
494 121 0.1
494 165 0.1
494 212 0.1
494 27 0.1
494 372 0.1
494 152 0.01
494 509 0.01
494 690 0.1
494 417 0.01
494 268 0.1
494 296 0.001
494 539 0.001
494 593 0.1
494 226 0.01
494 312 0.01
494 252 0.01
494 932 0.01
494 529 0.1
494 544 0.001
494 113 0.001
494 287 0.01
495 20 0.01
495 363 0.1
495 211 0.1
495 208 0.01
495 371 0.1
495 21 0.001
495 16 0.001
495 329 0.1
495 128 0.01
495 606 0.1
495 290 0.01
495 114 0.1
495 129 0.01
495 1 0.01
495 203 0.01
495 377 0.001
495 106 0.1
495 365 0.1
495 495 0.1
495 673 0.001
495 160 0.001
495 434 0.001
495 671 0.1
495 459 0.001
495 256 0.001
495 283 0.01
495 351 0.1
495 460 0.01
495 367 0.001
495 155 0.01
495 169 0.01
495 249 0.01
495 105 0.01
495 526 0.1
495 296 0.01
495 250 0.01
495 60 0.001
495 46 0.001
495 419 0.1
495 342 0.001
495 214 0.01
495 74 0.01
495 309 0.01
495 384 0.01
495 218 0.1
495 215 0.01
495 222 0.01
495 223 0.01
495 405 0.001
495 315 0.001
495 227 0.001
495 170 0.1
495 468 0.01
495 228 0.1
495 638 0.1
495 316 0.1
495 87 0.1
495 83 0.1
495 118 0.001
495 739 0.001
495 473 0.001
495 748 0.01
495 360 0.1
495 641 0.001
495 107 0.001
495 82 0.1
495 278 0.01
496 421 0.01
496 529 0.01
496 141 0.1
496 466 0.001
496 498 0.01
496 496 0.1
496 451 0.001
496 602 0.1
496 362 0.001
496 459 0.01
496 560 0.01
496 488 0.001
496 64 0.1
496 213 0.1
496 11 0.01
496 268 0.001
496 506 0.1
496 922 0.1
497 78 0.01
497 562 0.1
497 440 0.001
497 79 0.001
497 482 0.01
497 340 0.01
497 419 0.1
497 424 0.001
497 581 0.001
497 170 0.01
497 548 0.01
498 506 0.1
498 43 0.001
498 359 0.01
498 496 0.1
498 430 0.01
498 569 0.01
498 360 0.1
498 65 0.001
498 466 0.01
498 92 0.01
498 362 0.01
498 141 0.01
498 266 0.001
498 440 0.01
498 608 0.01
498 200 0.001
498 265 0.01
498 421 0.01
498 529 0.001
498 246 0.001
498 267 0.001
498 738 0.01
498 499 0.001
498 8 0.1
498 197 0.01
498 293 0.001
498 447 0.1
498 9 0.01
498 0 0.01
498 407 0.01
498 213 0.01
498 525 0.01
498 358 0.01
498 7 0.001
498 562 0.1
498 602 0.001
498 707 0.1
498 700 0.001
498 61 0.1
498 160 0.01
498 441 0.1
498 73 0.01
498 74 0.1
498 459 0.1
498 11 0.1
498 264 0.1
498 44 0.1
498 526 0.01
498 538 0.01
498 405 0.01
498 241 0.1
498 232 0.001
498 178 0.1
498 406 0.001
498 446 0.1
498 501 0.1
498 332 0.01
498 14 0.001
498 12 0.001
498 247 0.01
498 473 0.01
498 86 0.01
498 452 0.01
498 487 0.1
498 64 0.01
498 804 0.01
498 500 0.001
498 411 0.001
498 58 0.001
498 720 0.001
498 51 0.1
498 573 0.1
498 205 0.001
498 710 0.01
498 777 0.1
498 956 0.001
498 967 0.001
498 593 0.1
498 765 0.001
498 922 0.001
498 238 0.001
498 856 0.1
498 488 0.1
498 503 0.01
499 44 0.1
499 500 0.01
499 501 0.01
499 502 0.1
499 503 0.001
499 406 0.01
499 407 0.001
499 504 0.01
499 505 0.1
499 43 0.1
499 358 0.001
499 506 0.001
499 525 0.001
499 61 0.1
499 182 0.1
499 440 0.01
499 608 0.01
499 602 0.01
499 9 0.1
499 264 0.01
499 141 0.001
499 498 0.001
499 8 0.001
499 529 0.001
499 566 0.001
499 213 0.1
499 241 0.001
499 699 0.01
499 374 0.001
499 232 0.001
499 332 0.01
499 19 0.001
499 7 0.1
499 913 0.01
499 499 0.01
499 649 0.001
499 238 0.001
499 700 0.01
499 246 0.001
499 86 0.001
499 510 0.01
500 44 0.1
500 499 0.001
500 502 0.01
500 504 0.001
500 506 0.001
500 569 0.01
500 332 0.01
500 264 0.001
500 141 0.001
500 501 0.01
500 406 0.01
500 466 0.1
500 699 0.001
501 160 0.01
502 502 0.1
502 499 0.001
502 406 0.01
502 506 0.01
502 44 0.001
502 500 0.1
502 503 0.001
502 7 0.001
502 407 0.1
502 504 0.01
502 505 0.01
502 43 0.001
502 358 0.001
502 661 0.01
502 374 0.001
502 529 0.01
502 8 0.001
502 301 0.1
503 506 0.001
503 44 0.1
503 61 0.01
503 213 0.001
504 160 0.001
504 293 0.01
504 7 0.01
504 430 0.001
504 246 0.1
504 765 0.001
504 44 0.1
504 8 0.01
504 529 0.01
504 406 0.01
504 358 0.1
504 301 0.01
504 86 0.001
504 141 0.1
504 441 0.01
504 533 0.1
504 11 0.1
504 856 0.001
504 569 0.001
504 504 0.01
504 466 0.1
504 699 0.01
504 499 0.001
504 500 0.01
504 501 0.01
504 502 0.1
504 407 0.1
504 525 0.01
504 506 0.1
504 421 0.01
504 359 0.1
504 510 0.01
504 967 0.1
506 64 0.01
506 44 0.001
506 365 0.01
506 506 0.01
506 141 0.01
506 62 0.1
506 249 0.001
506 362 0.1
506 19 0.1
506 494 0.01
506 2 0.001
506 247 0.1
506 699 0.1
506 105 0.1
506 430 0.001
506 238 0.001
506 441 0.1
506 498 0.01
506 674 0.1
506 510 0.001
506 672 0.01
506 9 0.1
506 406 0.1
506 827 0.1
506 211 0.01
506 434 0.001
506 496 0.01
506 504 0.001
506 87 0.01
506 83 0.1
506 651 0.001
506 166 0.001
506 856 0.01
506 500 0.01
506 765 0.1
506 661 0.001
506 160 0.1
506 358 0.1
506 288 0.1
506 366 0.1
506 107 0.1
506 11 0.01
506 86 0.01
506 409 0.001
506 913 0.1
506 7 0.1
506 503 0.001
506 452 0.1
506 293 0.001
506 466 0.01
506 932 0.01
507 243 0.01
507 507 0.01
507 85 0.1
507 513 0.1
508 509 0.001
508 212 0.1
508 667 0.001
508 550 0.01
508 549 0.001
508 80 0.001
508 68 0.1
508 747 0.1
508 189 0.001
508 62 0.001
508 679 0.1
508 184 0.001
508 299 0.01
508 663 0.1
508 325 0.01
508 260 0.01
508 10 0.1
508 259 0.01
508 710 0.001
508 473 0.001
508 418 0.001
508 480 0.1
508 546 0.001
509 667 0.01
509 184 0.01
509 418 0.01
509 509 0.1
509 69 0.01
509 508 0.001
509 549 0.01
509 107 0.1
509 62 0.001
509 81 0.1
509 325 0.001
509 68 0.001
509 306 0.001
509 260 0.001
509 678 0.01
509 189 0.1
509 952 0.1
509 972 0.1
509 671 0.01
509 160 0.1
509 13 0.01
509 710 0.001
509 540 0.01
509 287 0.001
509 480 0.001
509 513 0.01
509 183 0.001
509 10 0.001
509 400 0.001
509 259 0.001
509 713 0.1
509 958 0.1
509 253 0.001
509 212 0.01
509 82 0.001
509 518 0.001
509 969 0.1
509 546 0.1
509 190 0.1
509 420 0.1
510 141 0.1
510 510 0.01
510 8 0.001
510 754 0.001
510 9 0.001
510 19 0.01
510 86 0.1
510 494 0.001
510 661 0.1
510 504 0.01
510 84 0.01
510 12 0.1
510 499 0.01
511 420 0.001
511 511 0.01
511 64 0.001
511 306 0.001
511 337 0.001
511 262 0.01
511 284 0.1
511 682 0.001
511 5 0.01
511 342 0.01
511 949 0.001
512 155 0.1
512 512 0.01
512 366 0.01
512 160 0.001
512 162 0.1
513 222 0.1
513 173 0.001
513 462 0.1
513 19 0.1
513 272 0.01
513 87 0.001
513 518 0.01
513 340 0.001
513 226 0.001
513 184 0.1
513 92 0.01
513 115 0.1
513 166 0.1
513 642 0.001
513 459 0.01
513 513 0.1
513 655 0.1
513 210 0.001
513 116 0.1
513 154 0.01
513 906 0.001
513 546 0.001
513 74 0.1
513 303 0.1
513 490 0.01
513 21 0.001
513 747 0.01
513 509 0.01
513 153 0.001
513 66 0.1
513 147 0.001
513 218 0.01
513 365 0.001
513 268 0.01
513 271 0.001
514 514 0.01
514 108 0.01
514 91 0.001
515 168 0.1
515 515 0.001
515 494 0.001
515 64 0.001
515 176 0.001
515 458 0.1
515 593 0.001
515 94 0.01
515 232 0.01
515 6 0.1
515 413 0.01
515 292 0.001
515 129 0.1
515 493 0.01
515 484 0.001
515 450 0.01
515 177 0.001
515 270 0.01
515 440 0.001
515 206 0.01
515 167 0.01
515 93 0.1
515 277 0.01
515 172 0.01
515 275 0.001
515 290 0.01
515 122 0.01
516 517 0.01
516 408 0.01
516 5 0.001
516 6 0.01
516 411 0.1
516 743 0.001
516 762 0.001
516 102 0.01
516 516 0.01
516 2 0.01
516 192 0.001
516 195 0.001
516 305 0.001
516 333 0.01
517 411 0.01
517 517 0.1
517 408 0.001
517 192 0.001
518 173 0.1
518 16 0.1
518 282 0.001
518 154 0.001
518 283 0.01
518 152 0.1
518 256 0.01
518 492 0.1
518 559 0.01
518 355 0.001
518 434 0.001
518 351 0.001
518 87 0.1
518 105 0.1
518 661 0.1
518 211 0.01
518 249 0.01
518 422 0.001
518 362 0.1
518 615 0.01
518 518 0.001
518 166 0.001
518 187 0.01
518 107 0.001
518 132 0.01
518 86 0.1
518 546 0.001
518 58 0.001
518 533 0.001
518 513 0.001
518 226 0.1
518 424 0.01
518 954 0.001
518 21 0.01
518 155 0.01
518 271 0.01
518 621 0.01
518 771 0.1
518 121 0.001
518 106 0.1
519 519 0.001
519 316 0.01
519 518 0.01
519 459 0.1
519 21 0.1
519 20 0.1
519 85 0.1
519 222 0.001
519 405 0.1
519 106 0.01
519 259 0.1
519 315 0.001
519 189 0.01
519 227 0.01
519 607 0.01
519 228 0.001
520 92 0.01
520 137 0.001
520 21 0.01
520 63 0.01
520 59 0.001
520 57 0.1
520 155 0.01
520 174 0.01
520 281 0.1
520 4 0.01
520 208 0.01
520 303 0.01
520 89 0.001
520 2 0.1
520 22 0.001
520 685 0.1
520 3 0.001
520 20 0.001
520 285 0.1
520 305 0.1
520 286 0.1
520 56 0.1
520 54 0.1
520 571 0.1
520 58 0.1
520 5 0.01
520 138 0.001
520 412 0.001
520 738 0.01
520 408 0.01
520 815 0.01
520 520 0.01
520 183 0.001
520 6 0.1
520 552 0.01
520 532 0.1
520 166 0.001
520 55 0.001
520 845 0.1
520 252 0.001
520 160 0.01
520 13 0.01
520 971 0.001
520 859 0.01
520 164 0.1
520 812 0.01
520 991 0.01
520 832 0.1
521 340 0.01
521 134 0.1
521 583 0.1
521 482 0.001
521 554 0.1
521 598 0.01
521 553 0.001
521 217 0.001
521 823 0.1
521 366 0.001
521 615 0.1
521 86 0.001
522 523 0.1
522 563 0.1
522 493 0.1
523 522 0.001
523 172 0.1
523 464 0.001
523 280 0.1
523 829 0.001
523 836 0.001
523 601 0.1
523 543 0.1
523 14 0.1
523 706 0.1
523 134 0.1
523 64 0.01
523 618 0.01
524 72 0.001
525 525 0.1
525 247 0.001
525 499 0.01
525 8 0.1
525 406 0.01
525 9 0.001
525 466 0.001
525 265 0.001
525 729 0.001
525 407 0.001
525 505 0.01
525 421 0.01
525 11 0.1
525 358 0.1
525 332 0.01
525 44 0.1
525 504 0.001
525 699 0.001
525 359 0.001
525 266 0.01
525 86 0.1
525 141 0.01
525 951 0.001
525 765 0.001
525 967 0.01
525 913 0.1
525 510 0.01
525 700 0.01
525 500 0.01
525 238 0.1
526 103 0.1
526 168 0.001
526 403 0.001
526 290 0.1
526 129 0.001
526 576 0.1
526 526 0.1
526 128 0.001
526 399 0.001
526 377 0.001
526 515 0.1
526 401 0.001
526 782 0.001
526 199 0.001
526 493 0.1
526 172 0.001
526 294 0.1
526 542 0.001
526 457 0.001
526 296 0.01
526 450 0.1
526 440 0.1
526 568 0.1
526 14 0.001
526 426 0.001
526 280 0.001
526 498 0.01
526 655 0.1
526 714 0.001
526 424 0.001
526 543 0.01
526 121 0.01
526 181 0.01
526 167 0.001
526 82 0.1
526 93 0.01
526 407 0.001
526 232 0.001
526 840 0.01
526 257 0.01
526 275 0.01
526 231 0.01
526 44 0.001
526 912 0.001
526 221 0.01
527 318 0.001
527 48 0.001
527 114 0.1
527 96 0.001
527 6 0.1
527 5 0.001
527 64 0.001
527 113 0.1
527 527 0.001
527 547 0.01
527 444 0.001
527 333 0.001
528 64 0.01
528 489 0.01
528 528 0.1
528 5 0.1
528 6 0.1
528 644 0.001
528 191 0.001
528 305 0.01
528 392 0.1
528 271 0.1
528 373 0.001
529 359 0.1
529 421 0.001
529 506 0.001
529 525 0.01
529 441 0.1
529 11 0.1
529 498 0.001
529 141 0.01
529 466 0.01
529 504 0.01
529 9 0.01
529 720 0.1
529 529 0.001
529 496 0.1
529 362 0.01
529 265 0.1
529 499 0.01
529 699 0.01
529 602 0.1
529 488 0.001
529 7 0.01
529 44 0.001
529 213 0.1
529 332 0.1
529 922 0.1
529 913 0.1
529 166 0.1
530 161 0.001
530 365 0.001
530 538 0.01
530 92 0.01
530 293 0.1
530 11 0.1
530 533 0.001
531 340 0.001
531 78 0.001
531 445 0.1
531 106 0.1
531 212 0.01
531 116 0.01
531 531 0.001
531 420 0.001
531 114 0.001
531 79 0.001
531 366 0.1
531 434 0.001
531 437 0.1
531 256 0.001
531 686 0.1
531 365 0.001
531 165 0.1
531 363 0.01
531 115 0.1
531 438 0.1
531 482 0.001
531 419 0.001
531 556 0.001
531 497 0.01
531 62 0.1
531 77 0.001
531 82 0.001
531 169 0.001
531 539 0.1
531 142 0.001
531 914 0.01
531 183 0.1
531 367 0.001
532 532 0.1
533 285 0.001
533 121 0.01
533 58 0.001
533 266 0.1
533 87 0.01
533 393 0.001
533 515 0.001
533 457 0.1
533 498 0.01
533 25 0.001
533 32 0.001
533 94 0.001
533 434 0.1
533 106 0.001
533 97 0.01
533 323 0.001
533 265 0.1
533 280 0.1
533 441 0.01
533 616 0.1
533 128 0.1
533 818 0.001
533 145 0.01
533 82 0.1
533 473 0.1
533 188 0.1
533 440 0.1
533 530 0.1
533 63 0.01
533 856 0.001
533 164 0.1
533 269 0.01
533 360 0.001
533 213 0.01
533 362 0.001
533 529 0.001
533 88 0.1
533 302 0.1
533 306 0.1
533 173 0.001
533 371 0.001
533 210 0.01
533 582 0.1
533 326 0.1
533 820 0.001
533 541 0.1
533 147 0.1
533 116 0.1
533 234 0.01
533 242 0.1
533 310 0.001
533 17 0.01
533 262 0.001
533 180 0.001
533 201 0.001
533 46 0.001
533 115 0.01
533 822 0.001
533 290 0.01
533 576 0.1
533 458 0.01
533 667 0.1
533 430 0.001
533 493 0.01
533 20 0.001
533 19 0.001
533 44 0.01
533 504 0.01
533 877 0.01
533 81 0.1
533 141 0.01
533 236 0.001
533 408 0.01
533 165 0.001
533 361 0.001
533 114 0.01
533 190 0.01
533 35 0.1
533 40 0.001
533 23 0.001
533 303 0.001
533 28 0.1
533 342 0.1
533 169 0.1
533 520 0.01
533 168 0.1
533 15 0.001
533 335 0.1
533 322 0.1
533 45 0.1
533 4 0.1
533 194 0.1
533 187 0.01
533 581 0.001
533 172 0.001
533 508 0.01
533 18 0.001
533 401 0.1
533 518 0.001
533 252 0.001
533 249 0.1
533 562 0.01
533 572 0.1
533 663 0.01
533 499 0.1
533 61 0.001
533 602 0.1
533 406 0.1
533 204 0.01
533 590 0.001
533 350 0.1
533 483 0.1
533 679 0.01
533 171 0.01
533 525 0.1
533 320 0.001
533 950 0.01
533 186 0.1
533 67 0.01
533 154 0.01
533 155 0.1
533 129 0.1
533 607 0.1
534 256 0.01
534 544 0.1
534 440 0.1
535 554 0.001
535 134 0.01
535 173 0.1
535 482 0.001
535 340 0.1
535 10 0.001
535 728 0.1
535 777 0.1
536 86 0.1
536 184 0.001
536 83 0.01
536 229 0.001
536 20 0.001
536 214 0.1
536 189 0.1
536 546 0.1
536 473 0.1
536 166 0.001
536 601 0.01
537 232 0.001
537 460 0.01
537 473 0.01
537 781 0.01
537 368 0.01
537 52 0.001
537 61 0.1
537 85 0.001
537 243 0.1
537 189 0.001
537 1 0.01
537 170 0.01
537 14 0.01
537 366 0.001
537 103 0.01
537 380 0.001
537 389 0.1
537 394 0.1
537 526 0.01
537 53 0.1
537 221 0.01
537 178 0.001
537 403 0.001
537 486 0.1
537 7 0.1
537 411 0.001
537 613 0.01
537 537 0.1
537 227 0.001
537 157 0.01
537 397 0.001
537 459 0.1
537 21 0.001
537 20 0.01
537 222 0.1
537 405 0.1
537 106 0.01
537 259 0.1
537 315 0.01
537 316 0.1
537 607 0.01
537 231 0.1
537 74 0.001
538 92 0.01
538 538 0.1
538 326 0.001
538 530 0.01
538 173 0.1
538 498 0.01
538 306 0.1
538 733 0.1
538 723 0.01
538 777 0.001
539 78 0.1
539 178 0.01
539 160 0.01
540 184 0.1
540 82 0.01
540 549 0.01
540 189 0.01
540 509 0.1
540 952 0.1
541 181 0.01
541 150 0.001
541 162 0.1
541 420 0.1
541 107 0.1
541 215 0.1
541 160 0.001
541 62 0.001
541 541 0.001
541 140 0.001
541 139 0.001
541 15 0.1
541 209 0.001
541 764 0.1
541 511 0.01
541 155 0.001
541 249 0.1
542 183 0.01
542 399 0.1
542 413 0.001
542 168 0.1
542 543 0.001
542 256 0.01
542 419 0.1
542 440 0.001
542 544 0.01
542 275 0.001
542 458 0.001
542 403 0.001
542 129 0.1
542 450 0.1
542 526 0.1
542 172 0.01
542 401 0.01
542 291 0.01
543 183 0.01
543 688 0.01
543 689 0.01
543 542 0.01
543 292 0.01
543 168 0.001
543 543 0.001
543 576 0.1
543 450 0.001
543 424 0.01
543 170 0.1
543 16 0.1
543 430 0.01
543 817 0.001
543 129 0.01
543 121 0.01
543 87 0.1
543 425 0.01
543 249 0.001
543 493 0.1
543 672 0.01
543 494 0.001
543 401 0.1
543 93 0.001
543 209 0.001
543 280 0.01
543 405 0.001
543 105 0.001
543 399 0.1
543 294 0.1
543 113 0.001
543 291 0.1
544 542 0.01
544 129 0.01
544 212 0.001
544 813 0.01
544 568 0.1
544 183 0.001
544 544 0.001
544 6 0.001
544 62 0.001
544 817 0.001
544 107 0.01
544 820 0.01
544 105 0.01
544 434 0.001
544 82 0.001
544 607 0.001
545 29 0.001
545 25 0.1
545 36 0.1
545 438 0.01
545 473 0.1
545 26 0.1
545 785 0.01
545 27 0.01
545 34 0.01
545 590 0.01
545 28 0.01
545 23 0.01
545 183 0.01
545 462 0.1
546 145 0.001
546 321 0.001
546 58 0.01
546 144 0.001
546 23 0.1
546 272 0.001
546 187 0.001
546 513 0.1
546 147 0.01
546 249 0.001
546 87 0.01
546 615 0.1
546 490 0.1
546 233 0.01
546 723 0.1
546 393 0.001
546 115 0.01
546 155 0.01
546 269 0.01
546 211 0.001
546 518 0.1
546 474 0.01
546 820 0.1
546 333 0.01
546 508 0.001
546 760 0.1
546 404 0.001
546 828 0.1
546 221 0.1
546 355 0.1
546 158 0.1
546 154 0.01
546 226 0.01
546 742 0.01
546 340 0.001
546 209 0.01
546 210 0.01
546 77 0.01
546 427 0.01
546 255 0.001
546 121 0.01
546 533 0.01
546 422 0.01
546 184 0.1
546 906 0.1
546 80 0.01
546 212 0.01
546 17 0.1
546 290 0.1
546 493 0.001
546 30 0.1
546 526 0.001
546 367 0.01
546 546 0.1
546 812 0.1
546 208 0.001
546 963 0.001
546 856 0.001
546 82 0.001
546 362 0.001
546 44 0.01
546 377 0.001
546 597 0.01
546 954 0.01
546 850 0.001
546 604 0.1
546 245 0.01
546 163 0.001
546 252 0.1
546 129 0.01
546 509 0.1
546 256 0.01
546 462 0.1
546 106 0.001
546 936 0.01
546 803 0.1
547 171 0.1
547 547 0.01
547 40 0.001
547 370 0.001
547 339 0.01
547 113 0.001
547 340 0.1
547 361 0.01
547 417 0.1
547 47 0.001
547 48 0.001
547 114 0.1
547 455 0.1
547 87 0.1
547 527 0.001
547 333 0.01
547 263 0.01
547 847 0.01
547 133 0.001
547 443 0.1
548 170 0.1
548 1 0.01
548 78 0.01
548 531 0.1
548 340 0.001
548 459 0.1
548 21 0.001
548 405 0.001
548 106 0.01
548 256 0.1
548 278 0.1
548 203 0.01
548 169 0.001
548 377 0.01
548 371 0.1
548 46 0.01
548 129 0.001
548 143 0.01
548 434 0.01
548 381 0.01
548 283 0.1
548 152 0.1
548 62 0.01
548 607 0.1
548 116 0.1
548 497 0.01
548 816 0.1
548 753 0.1
548 365 0.1
549 550 0.1
549 173 0.001
549 480 0.001
549 509 0.01
549 184 0.01
549 189 0.1
549 508 0.01
549 678 0.01
549 1 0.1
549 694 0.01
549 69 0.01
549 667 0.1
549 68 0.01
549 221 0.001
549 212 0.001
549 325 0.001
549 162 0.001
549 288 0.1
549 276 0.01
549 81 0.1
549 549 0.001
549 106 0.1
549 473 0.001
549 64 0.1
549 215 0.01
549 661 0.001
549 74 0.1
549 418 0.001
549 6 0.01
549 627 0.001
549 356 0.001
549 362 0.1
549 82 0.1
549 855 0.01
549 187 0.01
549 80 0.1
549 298 0.001
549 779 0.1
549 663 0.1
549 582 0.1
549 287 0.001
549 188 0.01
549 800 0.01
549 799 0.1
549 67 0.1
549 747 0.01
549 551 0.1
549 679 0.1
549 671 0.001
549 710 0.001
549 778 0.01
549 146 0.01
549 818 0.001
549 690 0.001
549 190 0.01
549 540 0.01
549 467 0.001
549 44 0.01
549 218 0.1
549 274 0.01
549 118 0.1
549 460 0.01
549 459 0.01
549 309 0.01
549 248 0.1
549 268 0.001
549 316 0.01
549 934 0.001
549 19 0.01
549 326 0.001
549 360 0.01
549 104 0.01
549 877 0.001
549 299 0.1
549 371 0.1
549 296 0.001
550 81 0.1
550 212 0.1
550 187 0.1
550 19 0.01
550 106 0.01
550 549 0.01
550 21 0.1
550 44 0.01
550 107 0.001
550 473 0.01
550 105 0.1
550 288 0.01
550 480 0.001
550 667 0.01
551 106 0.01
551 723 0.01
551 733 0.01
551 509 0.001
551 299 0.01
551 533 0.1
551 303 0.001
551 663 0.01
551 189 0.01
551 86 0.1
551 21 0.001
551 473 0.001
551 679 0.001
551 671 0.1
551 184 0.01
551 69 0.001
552 305 0.1
552 281 0.001
552 211 0.1
552 132 0.01
552 552 0.1
552 58 0.01
552 285 0.001
552 571 0.001
552 63 0.1
552 208 0.001
552 518 0.001
552 738 0.1
552 54 0.01
552 57 0.01
552 520 0.01
552 137 0.1
552 532 0.01
552 271 0.1
552 809 0.1
552 126 0.1
552 121 0.01
552 55 0.1
552 87 0.001
552 131 0.01
552 515 0.1
552 256 0.01
553 554 0.01
553 340 0.001
553 553 0.1
553 134 0.001
553 482 0.001
553 598 0.001
553 86 0.01
554 419 0.01
554 535 0.001
554 521 0.001
554 554 0.01
554 134 0.01
554 482 0.01
554 777 0.01
554 340 0.01
554 29 0.1
555 754 0.001
555 44 0.01
555 141 0.001
556 483 0.01
556 232 0.001
556 330 0.001
556 464 0.01
556 531 0.01
556 556 0.001
556 280 0.01
556 113 0.01
557 51 0.001
557 232 0.001
557 160 0.01
557 133 0.1
557 581 0.1
557 445 0.1
557 83 0.001
557 518 0.1
557 256 0.1
557 129 0.001
557 201 0.1
557 395 0.001
557 128 0.1
557 205 0.1
557 917 0.01
558 487 0.1
558 9 0.1
558 529 0.1
559 282 0.001
559 518 0.1
559 166 0.001
559 559 0.01
559 283 0.001
559 769 0.1
559 142 0.001
559 160 0.01
560 459 0.01
560 42 0.1
560 106 0.01
560 20 0.001
560 29 0.01
560 84 0.1
560 222 0.001
560 775 0.1
560 328 0.001
560 361 0.01
560 27 0.001
560 75 0.1
560 229 0.001
560 336 0.01
560 48 0.001
560 39 0.001
560 282 0.1
560 496 0.01
560 0 0.1
560 74 0.001
560 215 0.001
560 316 0.001
560 40 0.01
560 518 0.1
560 341 0.01
560 211 0.001
560 295 0.01
560 362 0.1
560 19 0.001
560 358 0.01
560 329 0.001
560 12 0.01
560 474 0.001
560 223 0.001
560 321 0.001
560 913 0.1
560 922 0.1
560 142 0.01
560 856 0.01
560 73 0.1
560 1 0.01
560 1002 0.001
560 276 0.01
560 221 0.01
560 224 0.01
560 218 0.001
560 386 0.01
560 21 0.01
560 313 0.1
560 363 0.01
560 607 0.1
562 562 0.01
562 440 0.1
562 65 0.01
562 654 0.1
562 497 0.01
562 426 0.001
562 457 0.1
562 401 0.001
562 200 0.1
562 498 0.01
562 438 0.01
562 202 0.001
562 493 0.1
562 568 0.01
562 275 0.1
562 232 0.001
562 413 0.01
562 840 0.1
562 177 0.001
562 425 0.001
562 714 0.01
562 533 0.01
562 14 0.1
562 129 0.1
562 6 0.01
562 515 0.01
562 183 0.01
563 290 0.001
563 272 0.1
563 572 0.001
563 14 0.1
563 484 0.001
563 522 0.1
563 464 0.01
563 563 0.1
563 493 0.001
563 86 0.1
563 584 0.1
563 129 0.01
563 6 0.01
563 494 0.1
563 822 0.001
563 373 0.1
563 706 0.1
563 936 0.1
563 93 0.1
563 82 0.001
564 209 0.01
564 208 0.1
564 126 0.001
564 12 0.01
564 190 0.001
564 365 0.001
564 242 0.01
564 564 0.1
564 174 0.001
564 263 0.001
564 183 0.001
564 356 0.01
564 304 0.1
564 686 0.1
564 4 0.1
564 303 0.01
564 10 0.1
564 638 0.1
564 164 0.01
564 640 0.01
564 748 0.1
564 589 0.1
564 114 0.001
564 2 0.1
564 158 0.01
564 81 0.1
564 63 0.1
564 876 0.01
564 340 0.001
564 338 0.001
564 480 0.1
564 281 0.1
564 258 0.001
565 266 0.1
565 324 0.01
565 608 0.01
565 804 0.001
565 754 0.1
565 9 0.1
565 430 0.01
565 823 0.001
566 452 0.1
566 569 0.01
566 43 0.1
566 141 0.01
566 7 0.1
566 8 0.01
566 666 0.1
566 421 0.1
566 570 0.1
566 247 0.001
566 707 0.001
566 700 0.1
566 451 0.01
566 11 0.1
567 567 0.001
567 843 0.001
568 129 0.01
568 401 0.001
568 290 0.01
568 65 0.1
568 357 0.1
568 458 0.01
568 493 0.01
568 568 0.01
568 256 0.1
568 329 0.01
568 426 0.1
568 1 0.1
568 130 0.01
568 450 0.001
568 526 0.1
568 168 0.1
568 562 0.01
568 276 0.001
568 81 0.01
568 425 0.1
568 457 0.1
568 257 0.01
568 121 0.001
569 360 0.01
569 161 0.1
569 7 0.001
569 566 0.01
569 570 0.001
569 452 0.1
569 105 0.1
569 602 0.001
569 43 0.001
569 358 0.001
569 44 0.001
569 451 0.1
569 249 0.01
569 12 0.1
569 430 0.1
569 674 0.01
569 754 0.001
569 707 0.01
569 569 0.01
569 441 0.1
569 739 0.01
569 8 0.1
569 9 0.1
569 362 0.1
569 19 0.01
569 778 0.001
569 359 0.1
569 141 0.1
569 501 0.01
569 504 0.1
569 558 0.01
569 957 0.1
569 365 0.01
569 11 0.001
570 569 0.01
570 570 0.1
570 264 0.1
570 661 0.1
570 161 0.01
570 265 0.1
570 700 0.1
570 267 0.1
570 12 0.001
570 8 0.1
570 7 0.001
570 452 0.01
570 19 0.1
570 247 0.1
570 707 0.001
570 823 0.001
572 290 0.01
572 484 0.01
572 350 0.1
572 572 0.001
572 822 0.01
572 377 0.1
572 593 0.01
572 82 0.01
572 129 0.001
572 434 0.001
572 936 0.01
572 515 0.1
572 167 0.001
572 939 0.01
572 294 0.001
573 566 0.001
573 573 0.01
573 11 0.01
573 7 0.001
573 8 0.01
573 441 0.01
573 12 0.01
573 166 0.1
573 19 0.1
573 44 0.01
573 9 0.01
573 358 0.001
573 452 0.001
573 498 0.1
573 141 0.001
573 86 0.001
573 525 0.1
577 375 0.001
577 578 0.01
577 366 0.01
577 249 0.001
577 518 0.001
577 283 0.001
577 282 0.01
577 166 0.1
577 142 0.001
577 363 0.001
577 333 0.1
577 377 0.01
577 757 0.01
579 269 0.01
579 216 0.001
579 579 0.1
579 592 0.1
579 46 0.001
579 446 0.001
579 447 0.01
579 448 0.1
579 15 0.01
579 273 0.1
579 429 0.01
579 164 0.01
579 272 0.001
579 335 0.001
579 929 0.001
579 334 0.01
580 580 0.01
581 41 0.1
581 557 0.01
581 205 0.001
581 79 0.01
581 139 0.001
581 0 0.01
581 51 0.001
581 133 0.01
581 581 0.1
581 531 0.1
581 533 0.1
581 301 0.01
581 420 0.01
581 450 0.1
581 78 0.01
581 497 0.01
581 77 0.001
581 204 0.01
581 200 0.01
581 21 0.1
581 473 0.001
581 308 0.01
581 872 0.001
581 310 0.01
581 101 0.001
581 445 0.001
582 62 0.01
582 189 0.001
582 106 0.1
582 418 0.01
582 84 0.1
582 533 0.001
582 160 0.1
582 473 0.01
582 549 0.001
582 184 0.001
582 508 0.001
582 671 0.01
582 667 0.001
582 582 0.001
585 585 0.1
585 84 0.01
585 493 0.1
585 544 0.001
585 168 0.01
585 129 0.1
585 706 0.001
587 3 0.01
587 236 0.01
587 194 0.001
587 2 0.01
587 4 0.1
587 832 0.01
587 587 0.1
587 58 0.001
588 588 0.01
588 600 0.01
588 29 0.01
588 23 0.001
588 28 0.1
588 307 0.001
588 392 0.01
588 282 0.1
588 169 0.01
588 438 0.1
588 36 0.001
588 545 0.1
588 206 0.1
588 494 0.01
589 282 0.001
589 459 0.01
589 434 0.001
589 106 0.001
589 671 0.01
589 365 0.1
589 283 0.01
589 83 0.001
589 357 0.01
589 589 0.001
589 212 0.001
589 215 0.001
589 142 0.001
589 249 0.001
589 607 0.001
589 424 0.1
589 160 0.01
589 271 0.001
589 400 0.1
589 105 0.001
589 256 0.01
590 40 0.01
590 28 0.001
590 590 0.01
590 30 0.01
590 35 0.001
590 13 0.01
590 27 0.01
590 23 0.01
590 171 0.1
590 438 0.01
590 86 0.1
590 443 0.001
590 299 0.01
590 26 0.01
590 33 0.01
591 96 0.01
591 591 0.001
591 62 0.1
591 160 0.1
591 145 0.1
591 83 0.1
591 142 0.1
592 269 0.001
592 429 0.001
592 334 0.01
592 579 0.01
592 140 0.1
592 461 0.01
592 139 0.1
592 15 0.001
592 446 0.001
592 760 0.001
592 335 0.01
592 273 0.001
592 428 0.001
592 447 0.1
592 617 0.01
592 272 0.001
592 274 0.001
592 164 0.1
592 448 0.01
592 735 0.01
592 216 0.001
592 322 0.1
592 46 0.1
592 592 0.001
592 160 0.001
592 321 0.1
592 38 0.001
592 353 0.1
592 100 0.001
592 933 0.001
592 929 0.1
593 197 0.001
593 51 0.001
593 377 0.001
593 128 0.1
593 214 0.1
593 776 0.1
593 320 0.1
593 482 0.01
593 822 0.001
593 820 0.001
593 205 0.1
593 200 0.001
593 340 0.001
593 95 0.1
593 199 0.001
593 350 0.001
593 572 0.1
593 342 0.01
593 94 0.001
593 955 0.01
593 498 0.001
593 907 0.001
593 201 0.01
593 974 0.01
593 918 0.01
596 597 0.001
596 596 0.01
596 282 0.01
596 301 0.001
596 218 0.1
596 366 0.1
597 695 0.001
597 597 0.01
597 301 0.1
597 62 0.001
597 756 0.01
597 142 0.001
597 282 0.1
597 460 0.001
597 411 0.001
597 118 0.001
597 107 0.001
597 651 0.1
598 340 0.1
598 521 0.1
598 598 0.1
598 134 0.1
598 553 0.001
598 482 0.01
598 86 0.01
599 708 0.001
599 304 0.001
599 96 0.01
599 132 0.1
599 2 0.001
599 211 0.1
599 3 0.01
599 63 0.1
599 208 0.01
599 158 0.1
599 209 0.1
599 931 0.001
599 481 0.001
600 588 0.01
600 401 0.001
600 600 0.001
600 129 0.001
600 585 0.1
601 166 0.1
601 523 0.1
601 107 0.1
601 405 0.01
601 57 0.1
601 160 0.1
601 283 0.01
601 333 0.1
601 82 0.1
601 480 0.1
601 141 0.001
601 536 0.1
601 121 0.01
602 569 0.01
602 616 0.1
602 362 0.01
602 182 0.01
602 700 0.01
602 61 0.01
602 441 0.001
602 699 0.01
602 525 0.01
602 365 0.01
602 183 0.001
602 496 0.001
602 707 0.01
602 602 0.001
602 499 0.1
602 11 0.01
602 238 0.01
607 249 0.001
607 255 0.001
607 420 0.001
607 419 0.1
607 118 0.01
607 490 0.01
607 170 0.001
607 548 0.01
607 453 0.001
607 128 0.001
607 365 0.1
607 296 0.1
607 105 0.1
607 87 0.001
607 544 0.001
607 460 0.001
607 106 0.001
607 243 0.1
607 471 0.001
607 42 0.01
607 421 0.001
607 533 0.1
607 256 0.1
608 466 0.001
608 267 0.001
608 720 0.001
608 406 0.001
608 499 0.1
608 566 0.01
608 529 0.001
608 266 0.01
608 7 0.1
608 441 0.01
608 608 0.1
608 11 0.001
608 141 0.01
608 265 0.01
608 61 0.001
608 264 0.1
608 213 0.001
608 332 0.1
608 452 0.001
608 440 0.001
608 232 0.1
608 804 0.01
608 498 0.01
609 609 0.001
609 24 0.01
609 30 0.1
610 96 0.001
610 235 0.001
610 694 0.1
610 420 0.001
610 296 0.001
610 250 0.001
610 472 0.001
610 255 0.1
610 56 0.01
610 57 0.1
610 303 0.1
610 89 0.1
610 59 0.001
610 459 0.001
610 610 0.001
610 142 0.01
611 486 0.1
611 292 0.01
611 211 0.01
611 270 0.1
611 11 0.1
611 176 0.1
611 160 0.001
611 64 0.001
611 6 0.001
611 129 0.1
611 419 0.1
611 232 0.01
611 183 0.001
611 389 0.1
611 168 0.001
611 938 0.1
611 278 0.1
612 393 0.001
612 49 0.001
612 311 0.001
612 404 0.1
612 121 0.01
612 233 0.1
612 356 0.1
612 50 0.1
612 612 0.1
612 84 0.001
612 340 0.001
612 828 0.01
612 474 0.001
612 2 0.01
612 4 0.01
612 832 0.001
612 71 0.01
612 791 0.001
612 306 0.1
612 217 0.01
612 152 0.001
612 272 0.01
612 212 0.001
612 347 0.1
612 492 0.1
612 162 0.01
612 427 0.01
613 613 0.01
613 614 0.001
613 117 0.001
613 288 0.001
613 243 0.1
613 619 0.01
613 747 0.01
613 163 0.001
613 537 0.01
614 106 0.001
614 614 0.001
615 106 0.01
615 404 0.01
615 546 0.01
615 460 0.001
615 615 0.001
615 168 0.01
615 147 0.1
615 152 0.1
615 518 0.001
615 492 0.001
615 142 0.01
615 155 0.01
615 244 0.001
615 87 0.01
615 669 0.001
615 357 0.001
615 269 0.001
615 828 0.01
615 146 0.001
615 180 0.001
615 17 0.001
615 493 0.001
615 820 0.1
615 393 0.1
615 474 0.001
615 21 0.1
615 427 0.1
615 115 0.001
615 333 0.001
615 856 0.001
615 243 0.001
615 252 0.001
615 58 0.001
615 153 0.001
615 253 0.01
615 331 0.001
615 249 0.1
615 144 0.1
615 64 0.001
615 800 0.01
615 714 0.001
615 422 0.001
615 954 0.01
615 521 0.001
615 309 0.01
615 963 0.01
615 318 0.001
615 412 0.01
615 459 0.001
615 513 0.1
616 320 0.001
616 602 0.001
616 533 0.1
616 459 0.1
616 1 0.1
617 618 0.001
618 618 0.01
618 98 0.01
618 617 0.001
618 404 0.01
619 96 0.01
619 613 0.01
619 56 0.1
619 57 0.001
619 303 0.1
619 89 0.1
619 5 0.1
620 620 0.01
620 290 0.001
621 11 0.001
621 377 0.1
621 278 0.01
621 401 0.001
621 231 0.1
621 180 0.001
621 301 0.001
621 149 0.1
621 130 0.1
621 284 0.001
621 277 0.001
621 781 0.001
621 518 0.1
621 160 0.01
623 623 0.001
623 129 0.001
623 791 0.1
623 611 0.01
623 86 0.001
624 13 0.1
627 184 0.001
627 420 0.01
627 627 0.001
627 473 0.1
627 86 0.1
627 667 0.001
627 549 0.001
627 189 0.001
627 707 0.1
627 809 0.001
627 62 0.01
627 333 0.1
627 513 0.1
628 628 0.001
629 316 0.1
630 630 0.01
631 631 0.1
632 632 0.1
632 397 0.001
632 719 0.01
633 633 0.001
634 634 0.01
634 635 0.1
635 137 0.001
635 4 0.001
635 520 0.1
635 286 0.01
635 2 0.1
635 63 0.01
635 126 0.01
635 285 0.01
635 208 0.01
636 636 0.001
637 637 0.001
638 46 0.001
638 639 0.001
638 124 0.001
638 338 0.1
638 640 0.001
638 638 0.01
638 158 0.1
638 55 0.01
638 210 0.01
638 356 0.001
638 300 0.001
638 10 0.001
638 340 0.01
638 329 0.001
638 81 0.001
638 480 0.001
638 12 0.001
638 589 0.1
638 355 0.1
638 44 0.01
638 169 0.01
638 896 0.001
638 126 0.1
639 639 0.01
640 124 0.1
640 98 0.01
640 114 0.1
640 404 0.1
640 640 0.01
640 371 0.1
640 185 0.001
640 97 0.001
640 100 0.001
641 163 0.1
641 641 0.001
641 420 0.01
641 160 0.001
641 669 0.01
641 748 0.01
641 282 0.01
641 371 0.1
641 301 0.1
641 166 0.001
641 541 0.01
641 1 0.01
641 106 0.01
641 946 0.1
641 333 0.1
641 82 0.1
642 642 0.001
642 21 0.001
642 212 0.01
642 121 0.1
642 16 0.01
642 106 0.01
642 419 0.01
642 42 0.001
643 48 0.001
643 50 0.01
643 49 0.001
644 489 0.01
644 6 0.001
644 180 0.1
644 644 0.01
644 5 0.1
644 64 0.1
644 296 0.01
644 166 0.1
644 269 0.001
644 115 0.001
644 950 0.001
644 528 0.01
644 349 0.01
645 645 0.01
645 231 0.001
645 697 0.1
645 156 0.01
646 646 0.1
647 647 0.1
647 420 0.01
647 685 0.01
647 21 0.1
647 458 0.001
647 221 0.1
647 93 0.001
647 256 0.01
648 648 0.01
649 729 0.1
649 121 0.001
649 649 0.001
649 246 0.01
649 421 0.001
649 452 0.001
649 466 0.01
650 215 0.1
651 301 0.001
651 254 0.01
651 118 0.01
651 511 0.1
651 420 0.001
651 272 0.1
651 546 0.01
651 624 0.1
651 434 0.01
651 651 0.1
651 950 0.001
651 173 0.001
651 2 0.01
652 419 0.1
652 329 0.1
652 108 0.1
652 478 0.01
652 333 0.001
652 513 0.1
652 163 0.001
653 653 0.01
654 25 0.1
654 783 0.1
654 50 0.001
654 789 0.01
654 105 0.001
654 121 0.01
655 367 0.1
655 183 0.1
655 280 0.01
655 301 0.1
655 172 0.01
655 458 0.1
655 655 0.1
655 35 0.001
655 151 0.01
655 419 0.01
655 149 0.1
655 223 0.001
655 231 0.01
655 167 0.1
655 37 0.001
655 438 0.001
655 114 0.001
655 171 0.001
655 261 0.1
655 470 0.001
655 28 0.01
655 980 0.001
655 427 0.1
658 658 0.1
659 659 0.001
660 660 0.01
661 502 0.001
661 264 0.01
661 19 0.001
661 267 0.001
661 247 0.01
661 754 0.001
661 661 0.001
661 459 0.001
661 44 0.001
661 570 0.1
661 700 0.001
661 441 0.001
661 249 0.1
661 549 0.1
661 11 0.1
661 161 0.1
661 211 0.01
661 121 0.001
661 7 0.001
661 141 0.1
661 707 0.01
661 362 0.01
661 856 0.1
661 823 0.001
661 420 0.01
661 12 0.001
661 666 0.1
661 510 0.1
661 13 0.1
661 8 0.1
661 265 0.01
661 87 0.01
661 505 0.1
661 293 0.1
661 440 0.001
661 569 0.1
662 62 0.001
662 404 0.01
662 282 0.1
662 166 0.01
662 107 0.01
662 371 0.01
662 366 0.1
662 662 0.001
662 100 0.1
662 84 0.1
662 494 0.1
662 86 0.1
662 323 0.1
662 618 0.1
663 679 0.01
663 80 0.01
663 663 0.1
663 375 0.001
663 68 0.01
663 460 0.1
663 81 0.1
663 551 0.01
664 93 0.1
664 515 0.1
664 694 0.1
664 664 0.001
665 4 0.01
665 58 0.01
665 665 0.1
665 142 0.1
665 63 0.1
665 175 0.001
665 254 0.01
665 121 0.1
665 3 0.01
665 411 0.01
665 137 0.01
665 174 0.1
665 685 0.01
665 272 0.01
665 2 0.1
665 6 0.01
665 212 0.1
665 303 0.001
665 859 0.001
665 412 0.1
665 812 0.1
665 55 0.01
666 452 0.01
666 62 0.001
666 362 0.01
666 267 0.01
666 566 0.001
666 141 0.001
666 11 0.1
666 161 0.01
666 7 0.1
666 19 0.01
666 441 0.1
666 12 0.01
666 86 0.1
666 666 0.01
666 661 0.01
666 367 0.01
666 823 0.001
666 856 0.01
666 951 0.001
667 550 0.001
667 549 0.001
667 161 0.001
667 128 0.001
667 6 0.01
667 184 0.01
667 105 0.1
667 81 0.1
667 37 0.1
667 69 0.001
667 509 0.001
667 480 0.001
669 669 0.01
669 615 0.1
669 420 0.1
669 930 0.1
670 670 0.001
671 187 0.01
671 356 0.01
671 81 0.01
671 80 0.001
671 69 0.1
671 582 0.01
671 329 0.01
671 106 0.01
671 411 0.001
671 690 0.001
671 375 0.1
672 430 0.01
672 365 0.001
672 506 0.01
672 672 0.01
673 673 0.001
673 495 0.1
674 12 0.1
674 267 0.1
674 430 0.001
674 506 0.1
674 510 0.1
674 19 0.1
674 504 0.1
674 9 0.1
674 265 0.1
674 569 0.001
674 707 0.001
674 7 0.001
674 565 0.001
674 558 0.001
674 754 0.001
674 661 0.001
674 674 0.01
674 823 0.001
674 141 0.1
675 675 0.1
678 92 0.1
678 311 0.01
678 747 0.1
678 678 0.001
678 480 0.01
678 68 0.001
678 627 0.1
678 509 0.1
678 274 0.001
678 48 0.1
678 549 0.01
679 80 0.01
679 663 0.01
679 375 0.001
679 679 0.01
679 13 0.01
679 81 0.1
679 482 0.1
679 137 0.001
679 508 0.1
681 682 0.01
681 157 0.001
681 12 0.001
681 345 0.01
681 180 0.01
681 123 0.01
681 352 0.001
681 343 0.001
681 681 0.1
681 350 0.01
681 342 0.1
681 191 0.001
681 214 0.1
681 284 0.001
681 133 0.01
681 160 0.001
681 5 0.1
683 683 0.01
684 684 0.1
685 137 0.001
685 175 0.001
685 54 0.01
685 57 0.1
685 520 0.1
685 58 0.1
685 63 0.01
685 59 0.001
685 685 0.001
685 305 0.001
685 298 0.001
685 81 0.1
685 665 0.01
685 815 0.001
685 647 0.001
685 174 0.1
685 56 0.1
685 160 0.001
685 281 0.01
685 4 0.1
685 193 0.001
685 826 0.01
685 286 0.01
685 809 0.01
685 859 0.01
685 6 0.001
685 138 0.01
685 880 0.1
685 408 0.1
685 92 0.01
685 845 0.001
685 55 0.001
685 738 0.1
685 481 0.001
685 208 0.01
685 812 0.01
685 3 0.01
685 698 0.01
685 285 0.001
685 412 0.001
685 194 0.1
685 64 0.01
685 252 0.1
685 2 0.001
685 990 0.01
686 21 0.001
686 22 0.001
686 114 0.01
686 531 0.1
686 263 0.01
686 301 0.001
686 245 0.001
689 689 0.01
689 198 0.01
690 222 0.001
690 189 0.001
690 106 0.01
690 215 0.1
690 282 0.01
690 74 0.1
690 690 0.001
690 447 0.01
690 21 0.01
690 86 0.01
690 301 0.01
690 366 0.001
690 107 0.1
690 20 0.001
690 400 0.01
690 160 0.01
690 316 0.1
690 5 0.001
691 691 0.001
692 231 0.1
692 130 0.1
694 129 0.001
694 493 0.01
694 706 0.01
694 255 0.001
695 695 0.1
695 607 0.01
695 259 0.001
695 189 0.01
695 21 0.001
695 222 0.01
695 227 0.01
695 315 0.1
695 459 0.01
695 317 0.1
695 85 0.1
695 106 0.01
695 228 0.01
695 20 0.001
695 316 0.01
695 164 0.01
695 597 0.01
695 734 0.1
695 365 0.001
695 405 0.1
695 147 0.001
695 183 0.1
695 129 0.01
695 211 0.1
695 249 0.1
696 74 0.01
696 297 0.001
696 17 0.01
696 222 0.001
697 697 0.001
697 5 0.001
698 698 0.01
698 305 0.01
698 285 0.01
698 58 0.01
698 208 0.001
698 809 0.1
698 552 0.01
698 211 0.001
698 738 0.1
698 481 0.1
698 138 0.01
698 13 0.001
698 412 0.01
698 126 0.001
698 57 0.1
698 55 0.1
698 54 0.001
698 685 0.1
698 56 0.001
698 59 0.1
698 2 0.001
698 411 0.001
698 131 0.01
698 271 0.001
698 194 0.001
698 949 0.1
699 406 0.001
699 700 0.1
699 332 0.1
699 441 0.1
699 44 0.01
699 141 0.1
699 529 0.01
699 500 0.001
699 699 0.1
699 953 0.001
699 845 0.001
699 924 0.001
699 913 0.1
700 267 0.001
700 699 0.001
700 661 0.1
700 720 0.001
700 247 0.01
700 441 0.001
700 602 0.01
700 707 0.01
700 19 0.01
700 299 0.001
700 359 0.001
700 358 0.001
700 823 0.001
700 957 0.001
700 956 0.1
700 238 0.001
703 703 0.01
704 704 0.1
705 705 0.1
705 450 0.01
706 280 0.001
706 836 0.1
706 290 0.001
706 523 0.01
707 19 0.001
707 700 0.001
707 267 0.001
707 265 0.01
707 73 0.01
707 331 0.01
707 247 0.001
707 441 0.1
707 7 0.1
707 465 0.001
707 61 0.001
707 232 0.01
707 627 0.1
707 872 0.01
707 765 0.1
707 661 0.1
707 823 0.001
707 856 0.01
707 525 0.01
707 957 0.001
707 213 0.01
707 950 0.01
707 499 0.1
707 602 0.1
708 708 0.01
708 125 0.1
708 371 0.01
708 353 0.1
708 124 0.001
708 768 0.1
708 404 0.1
708 62 0.1
708 107 0.001
708 100 0.01
708 98 0.01
708 99 0.1
710 299 0.01
710 747 0.1
710 184 0.01
710 508 0.001
710 498 0.001
710 710 0.01
710 896 0.01
710 509 0.01
710 952 0.001
710 418 0.001
710 272 0.1
710 189 0.01
711 711 0.1
713 81 0.1
713 509 0.01
714 129 0.01
714 450 0.001
714 425 0.01
714 401 0.001
714 714 0.001
714 62 0.001
714 86 0.01
714 413 0.001
715 21 0.01
715 20 0.1
716 716 0.001
716 5 0.1
717 717 0.001
717 106 0.001
717 215 0.001
717 459 0.01
719 719 0.001
719 379 0.01
719 397 0.1
719 296 0.1
719 376 0.001
719 157 0.001
719 182 0.001
719 121 0.001
719 393 0.01
719 841 0.1
719 64 0.01
719 52 0.001
720 720 0.01
720 608 0.001
720 555 0.001
720 324 0.1
720 266 0.1
720 754 0.001
720 699 0.1
720 11 0.001
720 86 0.001
720 707 0.001
720 332 0.01
720 529 0.1
720 765 0.01
720 700 0.01
720 441 0.001
720 406 0.001
720 9 0.01
720 466 0.001
720 804 0.001
720 498 0.01
720 525 0.1
720 213 0.001
720 856 0.001
721 721 0.1
721 229 0.01
723 551 0.01
723 538 0.001
723 546 0.001
723 733 0.001
723 306 0.1
723 92 0.001
723 923 0.001
723 825 0.001
723 723 0.1
725 370 0.01
725 245 0.1
725 113 0.1
726 342 0.001
726 282 0.001
726 152 0.1
726 612 0.001
726 106 0.001
726 1 0.1
726 189 0.001
726 316 0.01
726 5 0.01
726 85 0.1
726 17 0.01
726 726 0.1
726 160 0.001
726 107 0.01
726 283 0.001
726 212 0.01
727 464 0.1
727 483 0.01
727 83 0.1
728 21 0.001
728 20 0.001
728 327 0.001
728 96 0.001
730 62 0.01
730 107 0.001
730 5 0.001
730 160 0.1
730 460 0.01
730 730 0.01
730 231 0.1
730 13 0.001
730 211 0.001
730 301 0.01
730 64 0.01
730 468 0.001
730 82 0.1
731 731 0.01
732 732 0.1
733 420 0.01
733 551 0.1
733 538 0.001
733 728 0.01
733 723 0.01
733 733 0.001
733 327 0.001
733 306 0.1
733 777 0.001
733 326 0.001
733 923 0.1
733 825 0.01
734 0 0.01
734 177 0.1
735 269 0.01
736 736 0.01
736 333 0.1
737 271 0.001
737 737 0.1
738 305 0.1
738 211 0.01
738 55 0.1
738 481 0.01
738 54 0.01
738 738 0.001
738 281 0.001
738 552 0.01
738 59 0.001
738 58 0.01
738 208 0.1
738 195 0.01
738 520 0.001
738 57 0.1
738 698 0.1
738 412 0.1
738 285 0.001
738 2 0.01
738 809 0.1
738 271 0.001
738 411 0.01
738 131 0.001
738 63 0.1
738 4 0.1
738 586 0.01
738 6 0.01
740 51 0.01
741 179 0.01
741 741 0.001
741 250 0.1
742 742 0.1
742 166 0.1
742 614 0.001
743 516 0.001
743 517 0.001
743 102 0.1
743 743 0.001
744 744 0.01
745 189 0.01
745 74 0.1
745 221 0.01
745 745 0.1
745 282 0.1
746 746 0.01
747 509 0.1
747 83 0.01
747 86 0.1
747 184 0.01
747 82 0.1
747 418 0.1
747 508 0.1
747 189 0.01
747 424 0.1
747 121 0.1
747 62 0.01
747 282 0.01
747 69 0.001
747 107 0.1
747 667 0.001
747 473 0.001
747 550 0.01
747 80 0.1
747 663 0.001
747 549 0.01
747 106 0.01
747 671 0.001
747 710 0.01
747 162 0.1
747 166 0.001
747 301 0.1
747 494 0.01
747 366 0.001
747 612 0.1
747 105 0.1
747 615 0.1
747 160 0.01
747 142 0.1
747 249 0.001
747 513 0.01
748 107 0.01
748 62 0.001
748 708 0.001
748 748 0.01
748 793 0.001
748 160 0.1
748 46 0.1
748 283 0.1
748 164 0.1
748 424 0.1
748 151 0.001
748 222 0.001
748 105 0.01
748 367 0.1
748 300 0.1
748 564 0.001
748 405 0.1
748 121 0.01
748 460 0.01
748 377 0.01
748 16 0.1
748 256 0.001
748 106 0.01
748 173 0.1
748 182 0.001
748 129 0.001
750 88 0.001
751 6 0.1
751 51 0.01
751 128 0.1
753 151 0.01
753 470 0.1
753 860 0.001
753 119 0.1
753 816 0.01
753 75 0.01
753 900 0.01
753 170 0.01
753 978 0.1
753 914 0.1
753 753 0.01
754 44 0.001
754 720 0.01
754 608 0.001
754 555 0.01
754 565 0.001
754 324 0.001
754 266 0.1
754 11 0.001
754 804 0.1
754 360 0.01
754 466 0.001
754 141 0.1
754 62 0.001
754 293 0.1
754 661 0.01
754 674 0.1
754 569 0.001
754 211 0.1
754 950 0.01
755 211 0.01
756 215 0.001
756 459 0.001
756 73 0.01
756 597 0.01
756 311 0.001
756 756 0.1
756 227 0.01
756 390 0.001
756 86 0.1
756 142 0.1
756 431 0.01
756 225 0.1
756 106 0.001
756 613 0.1
756 268 0.01
756 614 0.01
756 533 0.001
756 74 0.1
756 118 0.01
756 183 0.01
756 42 0.001
756 166 0.1
756 375 0.001
756 223 0.001
757 757 0.1
758 61 0.001
758 758 0.01
759 459 0.01
760 15 0.01
760 335 0.1
760 546 0.01
763 763 0.1
763 5 0.1
765 506 0.001
765 504 0.01
765 430 0.001
765 720 0.001
765 358 0.01
765 86 0.001
765 525 0.001
765 44 0.001
765 365 0.01
765 499 0.01
766 340 0.001
766 766 0.001
766 521 0.001
766 134 0.1
768 98 0.01
768 124 0.001
768 101 0.1
768 99 0.01
768 100 0.1
768 404 0.001
768 125 0.01
768 935 0.1
768 97 0.001
768 323 0.1
772 772 0.001
773 773 0.001
773 405 0.01
776 199 0.01
776 41 0.001
776 94 0.01
776 342 0.001
776 200 0.001
776 820 0.1
776 391 0.1
776 203 0.001
776 130 0.001
776 776 0.001
776 204 0.01
776 201 0.001
776 572 0.01
776 749 0.01
776 14 0.01
776 908 0.001
776 918 0.1
776 936 0.01
776 593 0.001
777 535 0.001
777 554 0.01
777 862 0.001
777 482 0.001
777 10 0.01
777 733 0.1
777 538 0.001
777 340 0.001
777 173 0.1
777 419 0.01
777 200 0.01
777 134 0.01
777 723 0.001
777 259 0.001
777 777 0.01
777 86 0.01
778 85 0.01
778 569 0.1
779 820 0.01
783 654 0.001
783 669 0.01
783 82 0.001
783 424 0.001
783 154 0.1
783 420 0.1
783 16 0.01
783 142 0.01
784 784 0.01
786 64 0.1
786 786 0.001
786 206 0.01
786 407 0.01
786 465 0.001
786 519 0.01
786 189 0.001
788 717 0.01
788 788 0.001
789 835 0.1
789 5 0.001
789 458 0.1
790 544 0.01
791 493 0.1
791 612 0.001
793 206 0.1
793 316 0.01
793 613 0.1
797 605 0.001
797 18 0.01
797 342 0.001
797 797 0.001
797 231 0.1
798 798 0.001
799 447 0.01
799 715 0.001
799 189 0.01
800 287 0.001
800 185 0.01
800 533 0.001
800 615 0.001
802 172 0.001
802 256 0.1
802 129 0.01
802 365 0.001
802 802 0.1
802 258 0.01
803 54 0.1
803 412 0.01
803 803 0.01
803 195 0.001
803 58 0.01
803 767 0.1
803 826 0.1
803 2 0.1
803 194 0.1
803 59 0.001
803 4 0.1
803 252 0.01
803 193 0.01
803 63 0.01
803 990 0.1
806 88 0.01
806 285 0.001
806 89 0.001
806 304 0.001
806 806 0.001
806 809 0.001
808 808 0.01
809 285 0.01
809 698 0.001
809 412 0.01
809 738 0.01
809 411 0.001
809 305 0.001
809 481 0.1
809 58 0.001
809 56 0.1
809 211 0.1
809 55 0.001
809 4 0.001
809 2 0.001
809 63 0.001
809 208 0.1
809 552 0.1
809 54 0.1
809 132 0.01
809 174 0.001
809 304 0.001
809 131 0.01
809 59 0.001
809 57 0.1
809 685 0.1
809 826 0.1
809 138 0.01
809 271 0.1
809 465 0.1
809 519 0.01
809 137 0.1
809 707 0.01
809 806 0.1
809 89 0.001
809 302 0.01
809 88 0.01
809 809 0.01
809 5 0.001
809 107 0.01
809 13 0.1
809 301 0.01
809 949 0.01
809 160 0.1
809 252 0.1
810 210 0.01
810 393 0.001
810 597 0.1
810 420 0.001
810 511 0.1
810 560 0.01
810 471 0.01
810 269 0.1
810 87 0.1
810 296 0.01
810 520 0.1
810 88 0.01
810 301 0.01
810 244 0.1
810 222 0.01
810 180 0.001
811 340 0.1
811 531 0.001
811 28 0.1
811 497 0.001
811 77 0.1
812 859 0.001
812 57 0.01
812 601 0.1
812 3 0.1
812 160 0.001
812 880 0.1
812 412 0.01
812 102 0.01
812 273 0.1
812 58 0.1
812 665 0.1
812 366 0.1
812 142 0.1
812 115 0.01
812 434 0.01
812 448 0.1
812 107 0.01
812 54 0.01
812 137 0.01
812 685 0.01
812 217 0.1
812 285 0.1
812 298 0.1
812 877 0.1
812 208 0.1
812 63 0.001
812 140 0.001
812 461 0.01
812 209 0.1
812 428 0.001
812 447 0.001
812 45 0.1
812 2 0.001
812 87 0.001
812 252 0.1
812 373 0.001
812 59 0.001
812 83 0.1
812 282 0.01
812 46 0.1
812 126 0.001
812 971 0.1
812 520 0.1
812 990 0.01
812 4 0.1
812 991 0.1
812 932 0.01
812 812 0.001
812 635 0.001
812 215 0.1
812 950 0.01
812 193 0.001
812 272 0.01
812 826 0.01
812 803 0.01
813 450 0.001
813 623 0.01
813 280 0.001
813 434 0.01
813 544 0.1
813 399 0.1
813 413 0.01
813 515 0.1
813 817 0.1
813 168 0.001
813 172 0.01
813 836 0.01
813 543 0.01
813 526 0.01
813 534 0.01
813 600 0.1
813 440 0.01
813 714 0.001
813 275 0.01
813 93 0.001
813 129 0.01
813 458 0.01
813 403 0.01
813 585 0.001
814 52 0.001
814 347 0.1
814 262 0.001
814 58 0.01
815 685 0.001
815 815 0.01
815 137 0.1
815 305 0.01
815 520 0.001
815 286 0.01
815 138 0.001
815 92 0.01
815 5 0.01
815 208 0.01
815 57 0.01
815 80 0.001
815 174 0.001
815 64 0.001
815 859 0.01
815 63 0.001
815 194 0.1
815 880 0.1
816 170 0.1
816 116 0.001
816 119 0.1
816 470 0.01
816 165 0.01
816 816 0.01
816 753 0.1
816 151 0.1
816 987 0.1
816 336 0.1
817 515 0.1
817 817 0.001
817 544 0.1
818 440 0.1
818 533 0.1
818 62 0.1
818 301 0.01
818 189 0.001
818 92 0.1
818 259 0.001
818 86 0.001
818 339 0.1
820 41 0.001
820 820 0.001
820 128 0.001
820 203 0.01
820 593 0.001
820 204 0.1
820 94 0.01
820 200 0.1
820 85 0.1
820 121 0.1
820 206 0.1
820 801 0.1
820 196 0.01
820 51 0.1
820 197 0.1
820 198 0.01
820 199 0.01
820 167 0.001
820 201 0.001
820 202 0.01
820 776 0.001
820 205 0.001
820 95 0.001
820 207 0.1
820 142 0.1
820 546 0.01
820 5 0.001
820 160 0.01
820 215 0.001
820 434 0.01
820 53 0.1
820 159 0.01
820 183 0.1
820 62 0.01
820 249 0.1
820 346 0.1
820 162 0.01
820 208 0.1
820 15 0.1
820 87 0.01
820 105 0.1
820 486 0.001
820 327 0.01
820 366 0.1
820 283 0.1
820 82 0.1
820 443 0.1
820 243 0.01
820 44 0.1
820 28 0.001
820 280 0.001
820 114 0.001
820 169 0.01
820 166 0.001
820 493 0.01
820 654 0.001
820 751 0.1
820 168 0.001
820 618 0.01
820 362 0.1
820 856 0.001
820 30 0.001
820 165 0.1
820 143 0.01
820 342 0.01
820 172 0.001
820 133 0.001
820 231 0.01
820 129 0.001
820 581 0.1
820 123 0.01
820 464 0.01
820 232 0.01
820 482 0.01
820 47 0.001
820 336 0.01
820 93 0.01
820 483 0.1
820 136 0.001
820 171 0.01
820 52 0.01
820 106 0.01
820 412 0.001
820 64 0.01
820 115 0.01
820 256 0.001
820 212 0.001
820 365 0.1
820 23 0.01
820 343 0.001
820 107 0.1
820 150 0.001
820 86 0.01
820 908 0.01
820 917 0.01
820 179 0.001
820 918 0.01
820 100 0.01
820 544 0.1
820 955 0.1
820 445 0.001
820 970 0.01
820 974 0.001
820 749 0.001
820 42 0.1
820 154 0.001
820 13 0.001
820 644 0.01
820 180 0.01
820 533 0.1
820 424 0.001
820 422 0.1
820 79 0.1
820 63 0.1
820 932 0.001
820 16 0.1
820 950 0.01
820 301 0.01
820 420 0.001
820 421 0.001
821 163 0.001
821 160 0.01
822 572 0.1
822 290 0.01
822 350 0.001
822 484 0.1
822 563 0.01
822 593 0.01
822 464 0.001
822 280 0.001
822 53 0.1
822 86 0.001
822 936 0.001
822 822 0.1
822 908 0.01
822 292 0.01
822 494 0.01
822 900 0.01
822 953 0.1
823 7 0.001
823 661 0.1
823 264 0.001
823 452 0.01
823 558 0.01
823 823 0.1
823 19 0.1
823 358 0.001
823 707 0.1
823 12 0.1
823 700 0.001
823 8 0.01
823 566 0.1
823 265 0.01
823 856 0.01
823 9 0.1
823 521 0.001
823 15 0.1
823 570 0.01
823 213 0.1
824 191 0.001
825 306 0.1
825 923 0.01
826 826 0.1
826 6 0.01
826 2 0.01
826 195 0.01
826 194 0.01
826 192 0.001
826 4 0.01
826 586 0.01
826 832 0.01
826 193 0.1
826 58 0.001
826 412 0.1
826 809 0.001
826 803 0.1
826 59 0.01
826 408 0.1
826 859 0.001
826 63 0.01
826 990 0.01
826 1001 0.01
828 405 0.001
828 233 0.01
828 300 0.1
828 160 0.1
828 106 0.001
828 16 0.01
828 353 0.01
828 371 0.1
828 46 0.001
828 796 0.1
828 546 0.1
828 45 0.1
828 434 0.01
828 419 0.001
828 64 0.1
828 356 0.001
828 145 0.001
828 121 0.01
828 889 0.01
828 107 0.001
828 892 0.1
828 896 0.001
829 203 0.1
829 168 0.1
829 290 0.001
832 193 0.001
832 826 0.001
832 4 0.001
832 194 0.1
832 195 0.1
832 2 0.01
832 192 0.001
832 586 0.001
832 58 0.1
832 832 0.1
832 63 0.001
832 412 0.1
832 131 0.01
832 587 0.1
832 145 0.01
832 59 0.01
832 3 0.01
832 408 0.001
832 859 0.001
832 252 0.01
832 57 0.01
832 102 0.01
832 520 0.001
833 44 0.01
833 5 0.1
833 365 0.1
833 7 0.001
833 856 0.01
833 249 0.1
833 833 0.01
833 62 0.01
835 275 0.1
836 523 0.1
836 836 0.1
837 107 0.001
837 837 0.1
838 124 0.01
839 191 0.01
840 562 0.01
840 426 0.1
840 457 0.01
840 65 0.01
840 526 0.1
840 232 0.001
840 440 0.001
840 86 0.01
840 840 0.001
840 64 0.1
840 168 0.01
841 841 0.1
841 376 0.1
841 231 0.01
841 397 0.001
841 719 0.01
841 869 0.001
841 312 0.001
841 368 0.001
843 290 0.1
844 133 0.001
845 305 0.1
845 2 0.001
845 63 0.01
845 4 0.001
845 281 0.01
845 6 0.1
845 520 0.01
845 865 0.001
845 845 0.1
845 58 0.01
845 303 0.1
845 685 0.001
845 59 0.001
845 408 0.1
845 89 0.01
845 809 0.001
845 859 0.1
845 921 0.01
845 252 0.01
845 3 0.01
845 211 0.01
845 481 0.001
845 193 0.1
845 699 0.001
845 953 0.01
845 924 0.01
845 812 0.01
845 56 0.1
846 605 0.1
846 846 0.1
847 205 0.1
847 333 0.01
847 847 0.01
847 455 0.1
847 113 0.01
847 47 0.1
847 48 0.001
847 443 0.01
847 172 0.1
847 40 0.01
847 96 0.01
847 114 0.01
847 919 0.001
847 925 0.001
847 464 0.001
847 547 0.001
847 922 0.001
847 171 0.001
849 849 0.1
851 191 0.01
851 852 0.01
851 605 0.001
851 851 0.1
851 575 0.01
851 157 0.1
851 352 0.1
851 483 0.1
851 907 0.1
851 342 0.01
851 377 0.001
851 180 0.01
851 350 0.1
851 681 0.1
851 214 0.001
852 852 0.1
852 415 0.001
855 299 0.1
855 155 0.001
855 473 0.01
856 249 0.001
856 166 0.001
856 44 0.01
856 7 0.01
856 160 0.01
856 434 0.001
856 421 0.1
856 366 0.01
856 452 0.1
856 362 0.01
856 19 0.01
856 265 0.01
856 466 0.001
856 8 0.001
856 504 0.01
856 141 0.001
856 121 0.001
856 430 0.01
856 87 0.1
856 506 0.001
856 107 0.1
856 661 0.001
856 62 0.001
856 82 0.001
856 856 0.01
856 12 0.001
856 558 0.001
856 546 0.01
856 142 0.1
856 355 0.01
856 950 0.001
856 913 0.1
856 612 0.1
856 212 0.001
856 58 0.001
856 823 0.1
856 83 0.1
856 525 0.1
856 765 0.1
856 555 0.01
856 358 0.001
856 331 0.001
856 498 0.01
856 560 0.1
856 293 0.01
856 374 0.001
856 707 0.001
856 264 0.1
856 407 0.001
856 573 0.001
856 105 0.01
856 246 0.1
856 956 0.01
856 922 0.1
856 186 0.01
856 720 0.1
858 306 0.1
859 665 0.1
859 58 0.1
859 366 0.01
859 685 0.01
859 137 0.001
859 412 0.1
859 812 0.1
859 859 0.01
859 4 0.001
859 815 0.01
859 166 0.001
859 880 0.01
859 160 0.1
859 252 0.001
859 612 0.001
859 3 0.1
859 434 0.001
859 57 0.1
859 2 0.1
859 63 0.1
859 601 0.01
859 832 0.001
859 87 0.001
859 303 0.1
859 183 0.1
859 845 0.001
859 271 0.01
859 286 0.001
859 211 0.1
859 254 0.01
859 62 0.001
859 105 0.01
859 89 0.01
859 107 0.01
859 131 0.001
859 281 0.1
859 243 0.001
859 921 0.001
859 193 0.1
859 826 0.1
859 546 0.001
859 121 0.001
859 162 0.01
859 809 0.001
859 963 0.01
859 56 0.01
859 194 0.001
859 520 0.1
859 59 0.01
859 174 0.01
859 269 0.01
859 195 0.1
859 6 0.001
859 990 0.1
859 849 0.001
859 82 0.1
859 932 0.1
859 991 0.001
859 132 0.1
859 147 0.1
859 971 0.001
859 64 0.001
859 411 0.001
859 803 0.1
859 212 0.1
859 408 0.01
860 115 0.001
860 251 0.01
860 438 0.01
860 816 0.001
860 135 0.001
860 455 0.01
860 753 0.01
860 375 0.001
860 860 0.001
860 900 0.001
860 437 0.001
860 169 0.01
860 330 0.001
860 914 0.01
860 978 0.001
860 170 0.1
860 337 0.1
860 116 0.001
860 123 0.01
860 165 0.1
860 336 0.01
860 338 0.001
860 339 0.001
863 57 0.001
865 305 0.1
865 412 0.01
865 865 0.1
865 59 0.01
865 63 0.001
865 56 0.001
865 845 0.001
865 2 0.01
865 194 0.001
865 58 0.001
866 80 0.01
869 181 0.001
869 179 0.001
869 397 0.01
869 376 0.001
872 707 0.01
872 85 0.01
872 61 0.1
872 232 0.001
872 377 0.01
872 17 0.01
872 581 0.1
872 74 0.1
872 182 0.1
875 170 0.001
877 81 0.01
877 137 0.001
877 28 0.001
878 27 0.01
878 23 0.1
878 35 0.001
879 242 0.01
880 174 0.01
880 286 0.1
880 63 0.001
880 685 0.001
880 58 0.001
880 880 0.01
880 137 0.1
880 157 0.1
880 815 0.001
880 859 0.01
880 57 0.001
880 308 0.001
880 80 0.001
880 56 0.1
880 59 0.01
880 921 0.001
880 6 0.001
880 281 0.1
880 305 0.01
880 3 0.001
880 252 0.001
883 116 0.01
883 165 0.001
883 115 0.001
883 883 0.001
883 39 0.01
883 339 0.1
883 337 0.001
883 336 0.1
883 93 0.1
883 27 0.01
883 32 0.001
884 884 0.01
885 728 0.1
885 106 0.1
885 20 0.01
885 21 0.001
886 601 0.1
886 3 0.01
886 58 0.001
886 859 0.1
886 217 0.001
886 366 0.1
886 665 0.001
886 812 0.001
886 59 0.001
886 273 0.1
887 20 0.001
887 887 0.01
887 885 0.1
887 92 0.001
889 405 0.001
889 300 0.1
889 375 0.001
890 890 0.001
891 405 0.001
891 892 0.001
892 892 0.1
892 300 0.001
892 405 0.001
892 44 0.01
892 28 0.001
892 128 0.1
892 114 0.1
892 314 0.01
892 340 0.1
892 226 0.1
892 173 0.1
892 891 0.01
892 896 0.1
892 290 0.1
892 438 0.01
892 491 0.01
892 423 0.1
895 417 0.01
895 333 0.001
895 114 0.001
896 892 0.1
896 300 0.001
896 405 0.001
896 173 0.001
896 356 0.01
896 160 0.1
896 124 0.1
896 329 0.1
896 28 0.1
896 21 0.001
896 169 0.01
896 896 0.1
896 107 0.001
896 81 0.001
896 355 0.1
896 142 0.1
896 4 0.1
896 116 0.1
896 287 0.01
896 710 0.001
896 303 0.01
896 375 0.01
896 112 0.1
896 404 0.1
896 368 0.01
896 2 0.001
896 63 0.01
896 12 0.01
898 230 0.1
898 898 0.01
898 481 0.01
900 169 0.001
900 900 0.1
900 438 0.01
900 860 0.1
900 914 0.1
900 128 0.001
900 455 0.01
900 40 0.1
900 251 0.001
900 5 0.1
900 165 0.001
900 115 0.01
900 987 0.1
900 13 0.01
901 137 0.001
902 5 0.001
903 907 0.001
905 905 0.1
905 297 0.01
905 74 0.1
905 309 0.001
905 215 0.001
905 311 0.1
905 222 0.01
905 316 0.1
905 177 0.1
906 546 0.1
906 533 0.001
906 156 0.1
907 191 0.001
907 903 0.1
907 851 0.001
907 262 0.001
907 907 0.01
907 156 0.01
907 180 0.1
907 377 0.01
907 593 0.1
907 179 0.001
908 908 0.001
908 206 0.01
908 820 0.1
908 201 0.001
908 917 0.001
908 124 0.1
908 197 0.01
908 200 0.1
908 918 0.1
908 94 0.001
908 207 0.01
908 95 0.01
908 199 0.01
908 822 0.001
908 593 0.001
908 776 0.01
908 51 0.001
908 128 0.001
908 167 0.1
908 204 0.1
908 205 0.1
908 395 0.1
908 592 0.1
909 183 0.001
909 129 0.001
909 280 0.001
909 87 0.01
909 546 0.001
912 466 0.1
912 504 0.1
912 765 0.01
912 499 0.01
913 922 0.1
913 358 0.1
913 183 0.01
913 950 0.01
913 856 0.1
913 956 0.1
913 967 0.1
913 499 0.001
913 951 0.1
913 700 0.001
913 972 0.1
913 44 0.001
913 699 0.001
913 707 0.001
914 914 0.1
914 860 0.01
914 36 0.1
914 28 0.001
914 116 0.1
914 165 0.1
914 115 0.001
914 470 0.001
914 900 0.1
914 816 0.01
914 753 0.1
914 455 0.01
914 170 0.001
914 987 0.1
914 531 0.01
914 135 0.01
914 105 0.001
917 196 0.001
917 51 0.1
917 197 0.001
917 908 0.1
917 199 0.1
917 200 0.01
917 128 0.1
917 167 0.01
917 201 0.001
917 918 0.001
917 593 0.001
917 204 0.001
917 776 0.1
917 205 0.01
917 206 0.001
917 41 0.001
917 94 0.001
917 820 0.001
917 95 0.01
917 207 0.001
917 40 0.1
917 974 0.001
917 483 0.01
917 557 0.1
917 445 0.01
917 27 0.01
918 908 0.001
918 200 0.001
918 917 0.001
918 593 0.1
918 204 0.01
918 776 0.01
918 94 0.001
918 51 0.001
918 197 0.001
918 199 0.01
918 128 0.001
918 167 0.1
918 201 0.1
918 206 0.001
918 820 0.01
918 95 0.1
918 207 0.1
918 918 0.01
918 377 0.001
918 974 0.01
918 494 0.01
918 1000 0.01
918 232 0.001
919 847 0.001
919 455 0.01
919 919 0.001
919 40 0.01
919 113 0.1
920 230 0.001
921 859 0.001
921 845 0.01
921 285 0.001
921 56 0.01
921 930 0.01
921 63 0.1
921 6 0.1
921 138 0.1
921 412 0.1
922 129 0.01
922 340 0.01
922 922 0.1
922 699 0.01
922 908 0.001
922 847 0.01
922 956 0.01
922 205 0.01
922 913 0.1
922 822 0.001
922 560 0.1
922 79 0.1
922 280 0.001
922 499 0.01
922 498 0.1
922 856 0.01
922 487 0.1
922 529 0.1
922 53 0.001
923 923 0.1
923 825 0.01
924 303 0.1
924 96 0.1
924 89 0.001
924 209 0.1
924 612 0.1
924 252 0.001
925 847 0.01
925 925 0.01
925 205 0.001
925 113 0.001
925 443 0.01
925 263 0.01
925 333 0.1
925 417 0.001
925 981 0.1
925 47 0.1
925 318 0.01
925 114 0.001
925 423 0.1
925 245 0.001
925 48 0.01
926 926 0.1
926 927 0.001
926 237 0.001
926 243 0.001
926 930 0.01
926 963 0.01
926 159 0.01
926 234 0.1
926 158 0.001
926 242 0.1
926 931 0.01
926 301 0.01
927 926 0.01
927 927 0.1
927 159 0.001
927 237 0.001
927 210 0.01
927 234 0.001
927 158 0.001
927 242 0.001
927 963 0.1
927 931 0.01
927 241 0.01
927 930 0.001
929 929 0.001
929 140 0.001
929 164 0.1
929 334 0.1
929 489 0.1
929 933 0.01
929 335 0.01
929 269 0.1
929 15 0.1
929 429 0.1
929 322 0.01
929 592 0.1
930 931 0.001
930 930 0.01
930 238 0.1
930 158 0.001
930 234 0.1
930 926 0.001
930 236 0.001
930 243 0.1
930 963 0.1
930 921 0.1
930 301 0.1
930 208 0.1
930 927 0.001
931 931 0.1
931 930 0.001
931 158 0.1
931 159 0.001
931 926 0.001
931 927 0.001
931 238 0.1
931 963 0.001
931 5 0.1
931 294 0.01
931 240 0.001
931 301 0.01
931 210 0.01
931 243 0.01
932 283 0.1
932 932 0.1
932 107 0.1
932 338 0.01
932 281 0.001
932 98 0.01
932 86 0.1
932 113 0.1
932 333 0.01
932 115 0.001
932 340 0.01
932 106 0.1
932 153 0.001
932 77 0.01
932 253 0.1
932 17 0.1
932 173 0.1
932 169 0.1
932 46 0.001
932 326 0.01
932 671 0.001
932 820 0.01
932 174 0.01
932 355 0.1
932 367 0.001
932 702 0.01
932 453 0.001
932 506 0.001
932 295 0.01
932 45 0.001
932 147 0.1
932 249 0.001
932 131 0.01
932 544 0.1
932 489 0.001
932 180 0.01
932 310 0.01
932 963 0.01
932 236 0.1
932 252 0.01
932 128 0.1
932 748 0.1
932 597 0.1
932 576 0.01
932 70 0.001
932 258 0.01
932 474 0.1
932 44 0.001
932 856 0.1
932 233 0.1
932 212 0.1
932 163 0.1
932 269 0.01
932 23 0.001
932 393 0.1
932 404 0.001
932 493 0.001
932 586 0.01
932 427 0.1
932 41 0.001
932 812 0.1
932 3 0.01
932 371 0.1
932 210 0.001
932 303 0.001
932 63 0.001
932 859 0.1
932 211 0.01
932 227 0.001
932 531 0.001
932 642 0.01
932 296 0.001
932 255 0.001
932 21 0.01
932 114 0.01
932 28 0.1
932 81 0.001
932 495 0.1
932 492 0.1
932 419 0.1
932 31 0.01
932 68 0.1
932 129 0.001
932 254 0.001
932 420 0.001
932 490 0.001
932 165 0.001
932 83 0.1
933 89 0.01
933 933 0.1
933 139 0.001
933 429 0.001
933 46 0.01
933 269 0.001
933 15 0.01
933 929 0.1
933 592 0.1
933 446 0.001
933 447 0.1
933 334 0.01
933 335 0.01
933 448 0.01
933 322 0.001
933 956 0.1
935 125 0.1
935 100 0.001
936 572 0.01
936 290 0.1
936 822 0.01
936 935 0.01
936 593 0.1
936 776 0.001
936 350 0.1
936 907 0.1
936 955 0.01
936 706 0.01
936 965 0.01
936 130 0.1
936 168 0.01
936 167 0.001
936 232 0.001
936 484 0.1
936 204 0.01
936 14 0.01
936 284 0.1
936 206 0.1
936 231 0.1
936 129 0.1
936 936 0.001
936 546 0.001
937 125 0.01
937 640 0.1
937 937 0.001
937 64 0.1
937 404 0.1
938 611 0.01
939 232 0.01
939 350 0.1
939 572 0.01
941 189 0.001
942 95 0.01
943 295 0.01
944 748 0.001
945 327 0.01
945 945 0.1
947 60 0.001
947 321 0.1
947 181 0.01
947 394 0.01
947 947 0.1
947 377 0.01
949 211 0.1
949 281 0.1
949 552 0.001
949 305 0.001
949 6 0.01
949 809 0.001
949 511 0.001
949 285 0.1
949 57 0.001
949 411 0.001
949 131 0.001
949 55 0.001
949 481 0.1
949 54 0.01
949 685 0.01
949 56 0.1
949 252 0.001
949 59 0.01
949 271 0.01
949 949 0.01
949 698 0.001
949 880 0.001
950 74 0.001
950 474 0.01
950 158 0.01
950 913 0.01
950 58 0.1
950 856 0.001
950 333 0.01
950 166 0.1
950 427 0.001
951 213 0.001
951 525 0.01
951 957 0.1
951 951 0.001
951 359 0.01
951 913 0.01
951 360 0.01
951 141 0.001
952 69 0.001
952 952 0.001
952 509 0.1
952 540 0.001
952 710 0.01
952 81 0.01
952 28 0.001
953 28 0.01
953 816 0.001
953 301 0.001
953 26 0.001
953 35 0.01
953 23 0.1
953 699 0.001
953 845 0.01
953 900 0.1
953 822 0.1
953 997 0.01
953 292 0.001
953 590 0.001
954 87 0.001
954 518 0.01
954 154 0.01
955 128 0.01
955 820 0.1
955 955 0.001
956 183 0.1
956 933 0.001
956 11 0.01
956 913 0.1
956 922 0.001
956 506 0.1
956 362 0.01
957 951 0.001
957 700 0.01
957 19 0.1
957 707 0.01
957 265 0.01
957 213 0.1
957 12 0.001
957 141 0.1
957 569 0.1
958 69 0.001
958 509 0.1
958 962 0.1
962 958 0.01
963 159 0.1
963 926 0.1
963 209 0.001
963 243 0.01
963 931 0.1
963 142 0.001
963 58 0.1
963 158 0.01
963 236 0.1
963 237 0.1
963 86 0.1
963 930 0.001
963 235 0.001
963 244 0.001
963 238 0.001
963 241 0.1
963 546 0.01
963 612 0.01
963 242 0.001
963 210 0.001
963 927 0.001
963 240 0.001
963 234 0.1
963 107 0.001
963 301 0.001
963 963 0.01
963 83 0.1
963 404 0.01
963 319 0.001
963 643 0.01
963 87 0.01
963 160 0.01
963 950 0.01
963 121 0.1
963 473 0.01
963 932 0.001
963 131 0.01
963 82 0.1
963 859 0.01
963 154 0.1
968 968 0.1
969 509 0.1
969 184 0.001
970 820 0.01
970 546 0.001
970 51 0.1
970 917 0.1
970 128 0.01
971 4 0.001
971 804 0.1
971 457 0.01
971 361 0.001
971 188 0.1
971 470 0.1
971 406 0.1
971 514 0.001
971 232 0.001
971 284 0.1
971 488 0.001
971 391 0.1
971 336 0.1
971 582 0.001
971 179 0.001
971 321 0.01
971 466 0.01
971 412 0.1
971 823 0.01
971 216 0.01
971 332 0.1
971 700 0.01
971 467 0.1
971 554 0.01
971 235 0.001
971 893 0.01
971 324 0.1
971 504 0.001
971 304 0.001
971 114 0.1
971 777 0.001
971 400 0.01
971 416 0.001
971 417 0.1
971 973 0.01
971 325 0.1
971 360 0.01
971 29 0.01
971 627 0.001
971 566 0.01
971 480 0.001
971 113 0.01
971 47 0.1
971 196 0.01
971 184 0.01
971 710 0.001
971 403 0.1
971 10 0.1
971 778 0.001
971 699 0.001
971 108 0.01
971 754 0.1
971 570 0.001
971 672 0.001
971 133 0.001
971 569 0.01
971 277 0.001
971 444 0.1
971 809 0.1
971 608 0.01
971 423 0.01
971 9 0.1
971 812 0.01
971 799 0.1
971 975 0.01
971 190 0.001
971 506 0.001
971 401 0.001
971 540 0.1
971 805 0.01
971 343 0.01
971 26 0.001
971 20 0.1
971 729 0.1
971 505 0.001
971 93 0.1
971 679 0.001
971 174 0.01
971 747 0.001
971 8 0.001
971 430 0.01
971 448 0.01
971 740 0.01
971 723 0.001
971 251 0.001
971 452 0.1
971 307 0.001
971 844 0.01
971 695 0.001
971 2 0.1
971 3 0.1
971 63 0.1
971 520 0.1
971 971 0.01
974 87 0.001
974 128 0.001
974 94 0.001
974 593 0.01
974 918 0.1
974 917 0.1
976 114 0.01
976 333 0.001
976 361 0.01
976 113 0.1
976 417 0.01
976 443 0.1
976 263 0.1
976 444 0.01
976 318 0.01
976 442 0.001
976 919 0.001
976 547 0.1
976 423 0.1
976 245 0.001
976 47 0.1
976 76 0.01
976 48 0.1
976 485 0.01
976 171 0.1
976 981 0.001
976 847 0.01
976 925 0.001
976 976 0.1
976 527 0.001
976 455 0.001
977 977 0.001
978 900 0.1
978 860 0.01
978 165 0.1
979 979 0.01
979 1 0.1
979 106 0.001
979 170 0.1
979 316 0.001
979 745 0.01
980 980 0.001
980 5 0.001
980 261 0.01
980 64 0.01
980 13 0.01
980 367 0.001
980 757 0.01
980 470 0.01
980 427 0.01
980 119 0.01
981 318 0.001
981 114 0.001
981 333 0.01
981 263 0.1
981 847 0.001
981 925 0.01
981 527 0.1
981 361 0.01
981 113 0.1
981 417 0.001
981 443 0.001
981 444 0.001
981 442 0.01
981 919 0.1
981 547 0.001
981 423 0.001
981 245 0.01
981 47 0.01
981 76 0.1
981 48 0.01
981 485 0.01
981 171 0.001
981 411 0.001
981 981 0.001
981 455 0.01
982 137 0.1
989 329 0.01
989 989 0.001
990 4 0.01
990 138 0.1
991 412 0.001
991 812 0.01
991 520 0.01
992 992 0.1
992 129 0.1
995 712 0.01
996 12 0.01
999 145 0.01
1000 232 0.1
1000 918 0.1
1000 166 0.01
1000 14 0.001
1000 292 0.01
1000 206 0.01
1001 6 0.01
1001 2 0.1
1001 4 0.001
1001 193 0.1
1001 826 0.001
1001 194 0.001
1001 832 0.001
1001 803 0.001
1001 990 0.1
1003 258 0.1
